DATAFLOW_ID:Dataflow ID,KEY:Timeseries Key,FREQ:Frequency,REF_AREA:Reference area,COMP_METHOD:Compilation methodology,UNIT_MEASURE:Unit of measure,CURRENCY:Currency,TRANSFORMATION:Transformation,Unit,Unit multiplier,TIME_PERIOD:Period,OBS_CONF:Confidentiality,OBS_PRE_BREAK:Pre-break value,OBS_STATUS:Status,OBS_VALUE:Value
"BIS,WS_CBTA,1.0",M.JP.B.USD._Z.B,M:Monthly,JP:Japan,B:BIS-spliced,USD:US dollar,_Z:Not applicable,B:Adjusted for breaks,US dollar,Billions,1957-01-31,F:Free (free for publication),,A:Normal value,2.3641906873745
"BIS,WS_CBTA,1.0",M.JP.B.USD._Z.B,M:Monthly,JP:Japan,B:BIS-spliced,USD:US dollar,_Z:Not applicable,B:Adjusted for breaks,US dollar,Billions,1957-02-28,F:Free (free for publication),,A:Normal value,2.2882483370415
"BIS,WS_CBTA,1.0",M.JP.B.USD._Z.B,M:Monthly,JP:Japan,B:BIS-spliced,USD:US dollar,_Z:Not applicable,B:Adjusted for breaks,US dollar,Billions,1957-03-31,F:Free (free for publication),,A:Normal value,2.8758314856035
"BIS,WS_CBTA,1.0",M.JP.B.USD._Z.B,M:Monthly,JP:Japan,B:BIS-spliced,USD:US dollar,_Z:Not applicable,B:Adjusted for breaks,US dollar,Billions,1957-04-30,F:Free (free for publication),,A:Normal value,2.411031042142
"BIS,WS_CBTA,1.0",M.JP.B.USD._Z.B,M:Monthly,JP:Japan,B:BIS-spliced,USD:US dollar,_Z:Not applicable,B:Adjusted for breaks,US dollar,Billions,1957-05-31,F:Free (free for publication),,A:Normal value,2.2638580931389
"BIS,WS_CBTA,1.0",M.JP.B.USD._Z.B,M:Monthly,JP:Japan,B:BIS-spliced,USD:US dollar,_Z:Not applicable,B:Adjusted for breaks,US dollar,Billions,1957-06-30,F:Free (free for publication),,A:Normal value,2.3702882483502
"BIS,WS_CBTA,1.0",M.JP.B.USD._Z.B,M:Monthly,JP:Japan,B:BIS-spliced,USD:US dollar,_Z:Not applicable,B:Adjusted for breaks,US dollar,Billions,1957-07-31,F:Free (free for publication),,A:Normal value,2.3966186252904
"BIS,WS_CBTA,1.0",M.JP.B.USD._Z.B,M:Monthly,JP:Japan,B:BIS-spliced,USD:US dollar,_Z:Not applicable,B:Adjusted for breaks,US dollar,Billions,1957-08-31,F:Free (free for publication),,A:Normal value,2.4284922394813
"BIS,WS_CBTA,1.0",M.JP.B.USD._Z.B,M:Monthly,JP:Japan,B:BIS-spliced,USD:US dollar,_Z:Not applicable,B:Adjusted for breaks,US dollar,Billions,1957-09-30,F:Free (free for publication),,A:Normal value,2.5163525499031
"BIS,WS_CBTA,1.0",M.JP.B.USD._Z.B,M:Monthly,JP:Japan,B:BIS-spliced,USD:US dollar,_Z:Not applicable,B:Adjusted for breaks,US dollar,Billions,1957-10-31,F:Free (free for publication),,A:Normal value,2.5587583148701
"BIS,WS_CBTA,1.0",M.JP.B.USD._Z.B,M:Monthly,JP:Japan,B:BIS-spliced,USD:US dollar,_Z:Not applicable,B:Adjusted for breaks,US dollar,Billions,1957-11-30,F:Free (free for publication),,A:Normal value,2.6089246119879
"BIS,WS_CBTA,1.0",M.JP.B.USD._Z.B,M:Monthly,JP:Japan,B:BIS-spliced,USD:US dollar,_Z:Not applicable,B:Adjusted for breaks,US dollar,Billions,1957-12-31,F:Free (free for publication),,A:Normal value,3.015903909256
"BIS,WS_CBTA,1.0",M.JP.B.USD._Z.B,M:Monthly,JP:Japan,B:BIS-spliced,USD:US dollar,_Z:Not applicable,B:Adjusted for breaks,US dollar,Billions,1958-01-31,F:Free (free for publication),,A:Normal value,2.6330376940279
"BIS,WS_CBTA,1.0",M.JP.B.USD._Z.B,M:Monthly,JP:Japan,B:BIS-spliced,USD:US dollar,_Z:Not applicable,B:Adjusted for breaks,US dollar,Billions,1958-02-28,F:Free (free for publication),,A:Normal value,2.6638026607686
"BIS,WS_CBTA,1.0",M.JP.B.USD._Z.B,M:Monthly,JP:Japan,B:BIS-spliced,USD:US dollar,_Z:Not applicable,B:Adjusted for breaks,US dollar,Billions,1958-03-31,F:Free (free for publication),,A:Normal value,3.2087028825012
"BIS,WS_CBTA,1.0",M.JP.B.USD._Z.B,M:Monthly,JP:Japan,B:BIS-spliced,USD:US dollar,_Z:Not applicable,B:Adjusted for breaks,US dollar,Billions,1958-04-30,F:Free (free for publication),,A:Normal value,2.7208980044497
"BIS,WS_CBTA,1.0",M.JP.B.USD._Z.B,M:Monthly,JP:Japan,B:BIS-spliced,USD:US dollar,_Z:Not applicable,B:Adjusted for breaks,US dollar,Billions,1958-05-31,F:Free (free for publication),,A:Normal value,2.5925720620986
"BIS,WS_CBTA,1.0",M.JP.B.USD._Z.B,M:Monthly,JP:Japan,B:BIS-spliced,USD:US dollar,_Z:Not applicable,B:Adjusted for breaks,US dollar,Billions,1958-06-30,F:Free (free for publication),,A:Normal value,2.6455099778417
"BIS,WS_CBTA,1.0",M.JP.B.USD._Z.B,M:Monthly,JP:Japan,B:BIS-spliced,USD:US dollar,_Z:Not applicable,B:Adjusted for breaks,US dollar,Billions,1958-07-31,F:Free (free for publication),,A:Normal value,2.6441241685291
"BIS,WS_CBTA,1.0",M.JP.B.USD._Z.B,M:Monthly,JP:Japan,B:BIS-spliced,USD:US dollar,_Z:Not applicable,B:Adjusted for breaks,US dollar,Billions,1958-08-31,F:Free (free for publication),,A:Normal value,2.6238913525644
"BIS,WS_CBTA,1.0",M.JP.B.USD._Z.B,M:Monthly,JP:Japan,B:BIS-spliced,USD:US dollar,_Z:Not applicable,B:Adjusted for breaks,US dollar,Billions,1958-09-30,F:Free (free for publication),,A:Normal value,2.5521064301694
"BIS,WS_CBTA,1.0",M.JP.B.USD._Z.B,M:Monthly,JP:Japan,B:BIS-spliced,USD:US dollar,_Z:Not applicable,B:Adjusted for breaks,US dollar,Billions,1958-10-31,F:Free (free for publication),,A:Normal value,2.5601441241827
"BIS,WS_CBTA,1.0",M.JP.B.USD._Z.B,M:Monthly,JP:Japan,B:BIS-spliced,USD:US dollar,_Z:Not applicable,B:Adjusted for breaks,US dollar,Billions,1958-11-30,F:Free (free for publication),,A:Normal value,2.5740022173092
"BIS,WS_CBTA,1.0",M.JP.B.USD._Z.B,M:Monthly,JP:Japan,B:BIS-spliced,USD:US dollar,_Z:Not applicable,B:Adjusted for breaks,US dollar,Billions,1958-12-31,F:Free (free for publication),,A:Normal value,3.033361134287
"BIS,WS_CBTA,1.0",M.JP.B.USD._Z.B,M:Monthly,JP:Japan,B:BIS-spliced,USD:US dollar,_Z:Not applicable,B:Adjusted for breaks,US dollar,Billions,1959-01-31,F:Free (free for publication),,A:Normal value,2.5792682926972
"BIS,WS_CBTA,1.0",M.JP.B.USD._Z.B,M:Monthly,JP:Japan,B:BIS-spliced,USD:US dollar,_Z:Not applicable,B:Adjusted for breaks,US dollar,Billions,1959-02-28,F:Free (free for publication),,A:Normal value,2.5800997782848
"BIS,WS_CBTA,1.0",M.JP.B.USD._Z.B,M:Monthly,JP:Japan,B:BIS-spliced,USD:US dollar,_Z:Not applicable,B:Adjusted for breaks,US dollar,Billions,1959-03-31,F:Free (free for publication),,A:Normal value,2.9470620842735
"BIS,WS_CBTA,1.0",M.JP.B.USD._Z.B,M:Monthly,JP:Japan,B:BIS-spliced,USD:US dollar,_Z:Not applicable,B:Adjusted for breaks,US dollar,Billions,1959-04-30,F:Free (free for publication),,A:Normal value,2.6593680709682
"BIS,WS_CBTA,1.0",M.JP.B.USD._Z.B,M:Monthly,JP:Japan,B:BIS-spliced,USD:US dollar,_Z:Not applicable,B:Adjusted for breaks,US dollar,Billions,1959-05-31,F:Free (free for publication),,A:Normal value,2.5645787139832
"BIS,WS_CBTA,1.0",M.JP.B.USD._Z.B,M:Monthly,JP:Japan,B:BIS-spliced,USD:US dollar,_Z:Not applicable,B:Adjusted for breaks,US dollar,Billions,1959-06-30,F:Free (free for publication),,A:Normal value,2.6557649667553
"BIS,WS_CBTA,1.0",M.JP.B.USD._Z.B,M:Monthly,JP:Japan,B:BIS-spliced,USD:US dollar,_Z:Not applicable,B:Adjusted for breaks,US dollar,Billions,1959-07-31,F:Free (free for publication),,A:Normal value,2.70011086476
"BIS,WS_CBTA,1.0",M.JP.B.USD._Z.B,M:Monthly,JP:Japan,B:BIS-spliced,USD:US dollar,_Z:Not applicable,B:Adjusted for breaks,US dollar,Billions,1959-08-31,F:Free (free for publication),,A:Normal value,2.6549334811677
"BIS,WS_CBTA,1.0",M.JP.B.USD._Z.B,M:Monthly,JP:Japan,B:BIS-spliced,USD:US dollar,_Z:Not applicable,B:Adjusted for breaks,US dollar,Billions,1959-09-30,F:Free (free for publication),,A:Normal value,2.7182489892729
"BIS,WS_CBTA,1.0",M.JP.B.USD._Z.B,M:Monthly,JP:Japan,B:BIS-spliced,USD:US dollar,_Z:Not applicable,B:Adjusted for breaks,US dollar,Billions,1959-10-31,F:Free (free for publication),,A:Normal value,2.8542713567919
"BIS,WS_CBTA,1.0",M.JP.B.USD._Z.B,M:Monthly,JP:Japan,B:BIS-spliced,USD:US dollar,_Z:Not applicable,B:Adjusted for breaks,US dollar,Billions,1959-11-30,F:Free (free for publication),,A:Normal value,2.8978224455692
"BIS,WS_CBTA,1.0",M.JP.B.USD._Z.B,M:Monthly,JP:Japan,B:BIS-spliced,USD:US dollar,_Z:Not applicable,B:Adjusted for breaks,US dollar,Billions,1959-12-31,F:Free (free for publication),,A:Normal value,3.4660356347535
"BIS,WS_CBTA,1.0",M.JP.B.USD._Z.B,M:Monthly,JP:Japan,B:BIS-spliced,USD:US dollar,_Z:Not applicable,B:Adjusted for breaks,US dollar,Billions,1960-01-31,F:Free (free for publication),,A:Normal value,2.9690134615998
"BIS,WS_CBTA,1.0",M.JP.B.USD._Z.B,M:Monthly,JP:Japan,B:BIS-spliced,USD:US dollar,_Z:Not applicable,B:Adjusted for breaks,US dollar,Billions,1960-02-29,F:Free (free for publication),,A:Normal value,2.9496641512645
"BIS,WS_CBTA,1.0",M.JP.B.USD._Z.B,M:Monthly,JP:Japan,B:BIS-spliced,USD:US dollar,_Z:Not applicable,B:Adjusted for breaks,US dollar,Billions,1960-03-31,F:Free (free for publication),,A:Normal value,3.5112500698091
"BIS,WS_CBTA,1.0",M.JP.B.USD._Z.B,M:Monthly,JP:Japan,B:BIS-spliced,USD:US dollar,_Z:Not applicable,B:Adjusted for breaks,US dollar,Billions,1960-04-30,F:Free (free for publication),,A:Normal value,3.132376924574
"BIS,WS_CBTA,1.0",M.JP.B.USD._Z.B,M:Monthly,JP:Japan,B:BIS-spliced,USD:US dollar,_Z:Not applicable,B:Adjusted for breaks,US dollar,Billions,1960-05-31,F:Free (free for publication),,A:Normal value,2.9716262975861
"BIS,WS_CBTA,1.0",M.JP.B.USD._Z.B,M:Monthly,JP:Japan,B:BIS-spliced,USD:US dollar,_Z:Not applicable,B:Adjusted for breaks,US dollar,Billions,1960-06-30,F:Free (free for publication),,A:Normal value,3.0993065187326
"BIS,WS_CBTA,1.0",M.JP.B.USD._Z.B,M:Monthly,JP:Japan,B:BIS-spliced,USD:US dollar,_Z:Not applicable,B:Adjusted for breaks,US dollar,Billions,1960-07-31,F:Free (free for publication),,A:Normal value,3.1322408643062
"BIS,WS_CBTA,1.0",M.JP.B.USD._Z.B,M:Monthly,JP:Japan,B:BIS-spliced,USD:US dollar,_Z:Not applicable,B:Adjusted for breaks,US dollar,Billions,1960-08-31,F:Free (free for publication),,A:Normal value,3.0949190396513
"BIS,WS_CBTA,1.0",M.JP.B.USD._Z.B,M:Monthly,JP:Japan,B:BIS-spliced,USD:US dollar,_Z:Not applicable,B:Adjusted for breaks,US dollar,Billions,1960-09-30,F:Free (free for publication),,A:Normal value,3.1630374092774
"BIS,WS_CBTA,1.0",M.JP.B.USD._Z.B,M:Monthly,JP:Japan,B:BIS-spliced,USD:US dollar,_Z:Not applicable,B:Adjusted for breaks,US dollar,Billions,1960-10-31,F:Free (free for publication),,A:Normal value,3.3511989504044
"BIS,WS_CBTA,1.0",M.JP.B.USD._Z.B,M:Monthly,JP:Japan,B:BIS-spliced,USD:US dollar,_Z:Not applicable,B:Adjusted for breaks,US dollar,Billions,1960-11-30,F:Free (free for publication),,A:Normal value,3.4352777777873
"BIS,WS_CBTA,1.0",M.JP.B.USD._Z.B,M:Monthly,JP:Japan,B:BIS-spliced,USD:US dollar,_Z:Not applicable,B:Adjusted for breaks,US dollar,Billions,1960-12-31,F:Free (free for publication),,A:Normal value,4.0075930992351
"BIS,WS_CBTA,1.0",M.JP.B.USD._Z.B,M:Monthly,JP:Japan,B:BIS-spliced,USD:US dollar,_Z:Not applicable,B:Adjusted for breaks,US dollar,Billions,1961-01-31,F:Free (free for publication),,A:Normal value,3.5288206559764
"BIS,WS_CBTA,1.0",M.JP.B.USD._Z.B,M:Monthly,JP:Japan,B:BIS-spliced,USD:US dollar,_Z:Not applicable,B:Adjusted for breaks,US dollar,Billions,1961-02-28,F:Free (free for publication),,A:Normal value,3.5993858179888
"BIS,WS_CBTA,1.0",M.JP.B.USD._Z.B,M:Monthly,JP:Japan,B:BIS-spliced,USD:US dollar,_Z:Not applicable,B:Adjusted for breaks,US dollar,Billions,1961-03-31,F:Free (free for publication),,A:Normal value,4.4533780011291
"BIS,WS_CBTA,1.0",M.JP.B.USD._Z.B,M:Monthly,JP:Japan,B:BIS-spliced,USD:US dollar,_Z:Not applicable,B:Adjusted for breaks,US dollar,Billions,1961-04-30,F:Free (free for publication),,A:Normal value,3.7141672425811
"BIS,WS_CBTA,1.0",M.JP.B.USD._Z.B,M:Monthly,JP:Japan,B:BIS-spliced,USD:US dollar,_Z:Not applicable,B:Adjusted for breaks,US dollar,Billions,1961-05-31,F:Free (free for publication),,A:Normal value,3.6086463775427
"BIS,WS_CBTA,1.0",M.JP.B.USD._Z.B,M:Monthly,JP:Japan,B:BIS-spliced,USD:US dollar,_Z:Not applicable,B:Adjusted for breaks,US dollar,Billions,1961-06-30,F:Free (free for publication),,A:Normal value,3.8373925303509
"BIS,WS_CBTA,1.0",M.JP.B.USD._Z.B,M:Monthly,JP:Japan,B:BIS-spliced,USD:US dollar,_Z:Not applicable,B:Adjusted for breaks,US dollar,Billions,1961-07-31,F:Free (free for publication),,A:Normal value,3.8516184316108
"BIS,WS_CBTA,1.0",M.JP.B.USD._Z.B,M:Monthly,JP:Japan,B:BIS-spliced,USD:US dollar,_Z:Not applicable,B:Adjusted for breaks,US dollar,Billions,1961-08-31,F:Free (free for publication),,A:Normal value,3.8676507173173
"BIS,WS_CBTA,1.0",M.JP.B.USD._Z.B,M:Monthly,JP:Japan,B:BIS-spliced,USD:US dollar,_Z:Not applicable,B:Adjusted for breaks,US dollar,Billions,1961-09-30,F:Free (free for publication),,A:Normal value,4.0003317024739
"BIS,WS_CBTA,1.0",M.JP.B.USD._Z.B,M:Monthly,JP:Japan,B:BIS-spliced,USD:US dollar,_Z:Not applicable,B:Adjusted for breaks,US dollar,Billions,1961-10-31,F:Free (free for publication),,A:Normal value,4.1565082787521
"BIS,WS_CBTA,1.0",M.JP.B.USD._Z.B,M:Monthly,JP:Japan,B:BIS-spliced,USD:US dollar,_Z:Not applicable,B:Adjusted for breaks,US dollar,Billions,1961-11-30,F:Free (free for publication),,A:Normal value,4.3017470146191
"BIS,WS_CBTA,1.0",M.JP.B.USD._Z.B,M:Monthly,JP:Japan,B:BIS-spliced,USD:US dollar,_Z:Not applicable,B:Adjusted for breaks,US dollar,Billions,1961-12-31,F:Free (free for publication),,A:Normal value,5.1668186969764
"BIS,WS_CBTA,1.0",M.JP.B.USD._Z.B,M:Monthly,JP:Japan,B:BIS-spliced,USD:US dollar,_Z:Not applicable,B:Adjusted for breaks,US dollar,Billions,1962-01-31,F:Free (free for publication),,A:Normal value,4.5584210962892
"BIS,WS_CBTA,1.0",M.JP.B.USD._Z.B,M:Monthly,JP:Japan,B:BIS-spliced,USD:US dollar,_Z:Not applicable,B:Adjusted for breaks,US dollar,Billions,1962-02-28,F:Free (free for publication),,A:Normal value,4.684191613469
"BIS,WS_CBTA,1.0",M.JP.B.USD._Z.B,M:Monthly,JP:Japan,B:BIS-spliced,USD:US dollar,_Z:Not applicable,B:Adjusted for breaks,US dollar,Billions,1962-03-31,F:Free (free for publication),,A:Normal value,5.8678670360273
"BIS,WS_CBTA,1.0",M.JP.B.USD._Z.B,M:Monthly,JP:Japan,B:BIS-spliced,USD:US dollar,_Z:Not applicable,B:Adjusted for breaks,US dollar,Billions,1962-04-30,F:Free (free for publication),,A:Normal value,4.8655222931831
"BIS,WS_CBTA,1.0",M.JP.B.USD._Z.B,M:Monthly,JP:Japan,B:BIS-spliced,USD:US dollar,_Z:Not applicable,B:Adjusted for breaks,US dollar,Billions,1962-05-31,F:Free (free for publication),,A:Normal value,4.8123876676478
"BIS,WS_CBTA,1.0",M.JP.B.USD._Z.B,M:Monthly,JP:Japan,B:BIS-spliced,USD:US dollar,_Z:Not applicable,B:Adjusted for breaks,US dollar,Billions,1962-06-30,F:Free (free for publication),,A:Normal value,5.1571527298
"BIS,WS_CBTA,1.0",M.JP.B.USD._Z.B,M:Monthly,JP:Japan,B:BIS-spliced,USD:US dollar,_Z:Not applicable,B:Adjusted for breaks,US dollar,Billions,1962-07-31,F:Free (free for publication),,A:Normal value,5.1894850319407
"BIS,WS_CBTA,1.0",M.JP.B.USD._Z.B,M:Monthly,JP:Japan,B:BIS-spliced,USD:US dollar,_Z:Not applicable,B:Adjusted for breaks,US dollar,Billions,1962-08-31,F:Free (free for publication),,A:Normal value,5.2780393243161
"BIS,WS_CBTA,1.0",M.JP.B.USD._Z.B,M:Monthly,JP:Japan,B:BIS-spliced,USD:US dollar,_Z:Not applicable,B:Adjusted for breaks,US dollar,Billions,1962-09-30,F:Free (free for publication),,A:Normal value,5.1391098088604
"BIS,WS_CBTA,1.0",M.JP.B.USD._Z.B,M:Monthly,JP:Japan,B:BIS-spliced,USD:US dollar,_Z:Not applicable,B:Adjusted for breaks,US dollar,Billions,1962-10-31,F:Free (free for publication),,A:Normal value,5.1442522321572
"BIS,WS_CBTA,1.0",M.JP.B.USD._Z.B,M:Monthly,JP:Japan,B:BIS-spliced,USD:US dollar,_Z:Not applicable,B:Adjusted for breaks,US dollar,Billions,1962-11-30,F:Free (free for publication),,A:Normal value,4.8956473214422
"BIS,WS_CBTA,1.0",M.JP.B.USD._Z.B,M:Monthly,JP:Japan,B:BIS-spliced,USD:US dollar,_Z:Not applicable,B:Adjusted for breaks,US dollar,Billions,1962-12-31,F:Free (free for publication),,A:Normal value,5.7680067001836
"BIS,WS_CBTA,1.0",M.JP.B.USD._Z.B,M:Monthly,JP:Japan,B:BIS-spliced,USD:US dollar,_Z:Not applicable,B:Adjusted for breaks,US dollar,Billions,1963-01-31,F:Free (free for publication),,A:Normal value,5.0164528722951
"BIS,WS_CBTA,1.0",M.JP.B.USD._Z.B,M:Monthly,JP:Japan,B:BIS-spliced,USD:US dollar,_Z:Not applicable,B:Adjusted for breaks,US dollar,Billions,1963-02-28,F:Free (free for publication),,A:Normal value,5.001953125014
"BIS,WS_CBTA,1.0",M.JP.B.USD._Z.B,M:Monthly,JP:Japan,B:BIS-spliced,USD:US dollar,_Z:Not applicable,B:Adjusted for breaks,US dollar,Billions,1963-03-31,F:Free (free for publication),,A:Normal value,6.2003622683745
"BIS,WS_CBTA,1.0",M.JP.B.USD._Z.B,M:Monthly,JP:Japan,B:BIS-spliced,USD:US dollar,_Z:Not applicable,B:Adjusted for breaks,US dollar,Billions,1963-04-30,F:Free (free for publication),,A:Normal value,5.2657632743654
"BIS,WS_CBTA,1.0",M.JP.B.USD._Z.B,M:Monthly,JP:Japan,B:BIS-spliced,USD:US dollar,_Z:Not applicable,B:Adjusted for breaks,US dollar,Billions,1963-05-31,F:Free (free for publication),,A:Normal value,4.950738236539
"BIS,WS_CBTA,1.0",M.JP.B.USD._Z.B,M:Monthly,JP:Japan,B:BIS-spliced,USD:US dollar,_Z:Not applicable,B:Adjusted for breaks,US dollar,Billions,1963-06-30,F:Free (free for publication),,A:Normal value,5.2190949227517
"BIS,WS_CBTA,1.0",M.JP.B.USD._Z.B,M:Monthly,JP:Japan,B:BIS-spliced,USD:US dollar,_Z:Not applicable,B:Adjusted for breaks,US dollar,Billions,1963-07-31,F:Free (free for publication),,A:Normal value,5.1877086034402
"BIS,WS_CBTA,1.0",M.JP.B.USD._Z.B,M:Monthly,JP:Japan,B:BIS-spliced,USD:US dollar,_Z:Not applicable,B:Adjusted for breaks,US dollar,Billions,1963-08-31,F:Free (free for publication),,A:Normal value,5.1833443781897
"BIS,WS_CBTA,1.0",M.JP.B.USD._Z.B,M:Monthly,JP:Japan,B:BIS-spliced,USD:US dollar,_Z:Not applicable,B:Adjusted for breaks,US dollar,Billions,1963-09-30,F:Free (free for publication),,A:Normal value,5.2132478868715
"BIS,WS_CBTA,1.0",M.JP.B.USD._Z.B,M:Monthly,JP:Japan,B:BIS-spliced,USD:US dollar,_Z:Not applicable,B:Adjusted for breaks,US dollar,Billions,1963-10-31,F:Free (free for publication),,A:Normal value,5.2590752243071
"BIS,WS_CBTA,1.0",M.JP.B.USD._Z.B,M:Monthly,JP:Japan,B:BIS-spliced,USD:US dollar,_Z:Not applicable,B:Adjusted for breaks,US dollar,Billions,1963-11-30,F:Free (free for publication),,A:Normal value,5.3983448276011
"BIS,WS_CBTA,1.0",M.JP.B.USD._Z.B,M:Monthly,JP:Japan,B:BIS-spliced,USD:US dollar,_Z:Not applicable,B:Adjusted for breaks,US dollar,Billions,1963-12-31,F:Free (free for publication),,A:Normal value,6.620527697214
"BIS,WS_CBTA,1.0",M.JP.B.USD._Z.B,M:Monthly,JP:Japan,B:BIS-spliced,USD:US dollar,_Z:Not applicable,B:Adjusted for breaks,US dollar,Billions,1964-01-31,F:Free (free for publication),,A:Normal value,5.797373358365
"BIS,WS_CBTA,1.0",M.JP.B.USD._Z.B,M:Monthly,JP:Japan,B:BIS-spliced,USD:US dollar,_Z:Not applicable,B:Adjusted for breaks,US dollar,Billions,1964-02-29,F:Free (free for publication),,A:Normal value,5.9196226623432
"BIS,WS_CBTA,1.0",M.JP.B.USD._Z.B,M:Monthly,JP:Japan,B:BIS-spliced,USD:US dollar,_Z:Not applicable,B:Adjusted for breaks,US dollar,Billions,1964-03-31,F:Free (free for publication),,A:Normal value,7.1956341531008
"BIS,WS_CBTA,1.0",M.JP.B.USD._Z.B,M:Monthly,JP:Japan,B:BIS-spliced,USD:US dollar,_Z:Not applicable,B:Adjusted for breaks,US dollar,Billions,1964-04-30,F:Free (free for publication),,A:Normal value,6.2104159770667
"BIS,WS_CBTA,1.0",M.JP.B.USD._Z.B,M:Monthly,JP:Japan,B:BIS-spliced,USD:US dollar,_Z:Not applicable,B:Adjusted for breaks,US dollar,Billions,1964-05-31,F:Free (free for publication),,A:Normal value,6.0236676597319
"BIS,WS_CBTA,1.0",M.JP.B.USD._Z.B,M:Monthly,JP:Japan,B:BIS-spliced,USD:US dollar,_Z:Not applicable,B:Adjusted for breaks,US dollar,Billions,1964-06-30,F:Free (free for publication),,A:Normal value,6.3098521624181
"BIS,WS_CBTA,1.0",M.JP.B.USD._Z.B,M:Monthly,JP:Japan,B:BIS-spliced,USD:US dollar,_Z:Not applicable,B:Adjusted for breaks,US dollar,Billions,1964-07-31,F:Free (free for publication),,A:Normal value,6.3923980802295
"BIS,WS_CBTA,1.0",M.JP.B.USD._Z.B,M:Monthly,JP:Japan,B:BIS-spliced,USD:US dollar,_Z:Not applicable,B:Adjusted for breaks,US dollar,Billions,1964-08-31,F:Free (free for publication),,A:Normal value,6.3332137832446
"BIS,WS_CBTA,1.0",M.JP.B.USD._Z.B,M:Monthly,JP:Japan,B:BIS-spliced,USD:US dollar,_Z:Not applicable,B:Adjusted for breaks,US dollar,Billions,1964-09-30,F:Free (free for publication),,A:Normal value,6.3892431383598
"BIS,WS_CBTA,1.0",M.JP.B.USD._Z.B,M:Monthly,JP:Japan,B:BIS-spliced,USD:US dollar,_Z:Not applicable,B:Adjusted for breaks,US dollar,Billions,1964-10-31,F:Free (free for publication),,A:Normal value,6.4129324387929
"BIS,WS_CBTA,1.0",M.JP.B.USD._Z.B,M:Monthly,JP:Japan,B:BIS-spliced,USD:US dollar,_Z:Not applicable,B:Adjusted for breaks,US dollar,Billions,1964-11-30,F:Free (free for publication),,A:Normal value,6.480552244203
"BIS,WS_CBTA,1.0",M.JP.B.USD._Z.B,M:Monthly,JP:Japan,B:BIS-spliced,USD:US dollar,_Z:Not applicable,B:Adjusted for breaks,US dollar,Billions,1964-12-31,F:Free (free for publication),,A:Normal value,7.5132570472091
"BIS,WS_CBTA,1.0",M.JP.B.USD._Z.B,M:Monthly,JP:Japan,B:BIS-spliced,USD:US dollar,_Z:Not applicable,B:Adjusted for breaks,US dollar,Billions,1965-01-31,F:Free (free for publication),,A:Normal value,6.5909787424099
"BIS,WS_CBTA,1.0",M.JP.B.USD._Z.B,M:Monthly,JP:Japan,B:BIS-spliced,USD:US dollar,_Z:Not applicable,B:Adjusted for breaks,US dollar,Billions,1965-02-28,F:Free (free for publication),,A:Normal value,6.6274292060151
"BIS,WS_CBTA,1.0",M.JP.B.USD._Z.B,M:Monthly,JP:Japan,B:BIS-spliced,USD:US dollar,_Z:Not applicable,B:Adjusted for breaks,US dollar,Billions,1965-03-31,F:Free (free for publication),,A:Normal value,7.3292699820123
"BIS,WS_CBTA,1.0",M.JP.B.USD._Z.B,M:Monthly,JP:Japan,B:BIS-spliced,USD:US dollar,_Z:Not applicable,B:Adjusted for breaks,US dollar,Billions,1965-04-30,F:Free (free for publication),,A:Normal value,6.9573851882883
"BIS,WS_CBTA,1.0",M.JP.B.USD._Z.B,M:Monthly,JP:Japan,B:BIS-spliced,USD:US dollar,_Z:Not applicable,B:Adjusted for breaks,US dollar,Billions,1965-05-31,F:Free (free for publication),,A:Normal value,6.5356570734313
"BIS,WS_CBTA,1.0",M.JP.B.USD._Z.B,M:Monthly,JP:Japan,B:BIS-spliced,USD:US dollar,_Z:Not applicable,B:Adjusted for breaks,US dollar,Billions,1965-06-30,F:Free (free for publication),,A:Normal value,6.79243198457
"BIS,WS_CBTA,1.0",M.JP.B.USD._Z.B,M:Monthly,JP:Japan,B:BIS-spliced,USD:US dollar,_Z:Not applicable,B:Adjusted for breaks,US dollar,Billions,1965-07-31,F:Free (free for publication),,A:Normal value,6.7747101049331
"BIS,WS_CBTA,1.0",M.JP.B.USD._Z.B,M:Monthly,JP:Japan,B:BIS-spliced,USD:US dollar,_Z:Not applicable,B:Adjusted for breaks,US dollar,Billions,1965-08-31,F:Free (free for publication),,A:Normal value,6.6991416664552
"BIS,WS_CBTA,1.0",M.JP.B.USD._Z.B,M:Monthly,JP:Japan,B:BIS-spliced,USD:US dollar,_Z:Not applicable,B:Adjusted for breaks,US dollar,Billions,1965-09-30,F:Free (free for publication),,A:Normal value,6.8442408015867
"BIS,WS_CBTA,1.0",M.JP.B.USD._Z.B,M:Monthly,JP:Japan,B:BIS-spliced,USD:US dollar,_Z:Not applicable,B:Adjusted for breaks,US dollar,Billions,1965-10-31,F:Free (free for publication),,A:Normal value,7.2626346313574
"BIS,WS_CBTA,1.0",M.JP.B.USD._Z.B,M:Monthly,JP:Japan,B:BIS-spliced,USD:US dollar,_Z:Not applicable,B:Adjusted for breaks,US dollar,Billions,1965-11-30,F:Free (free for publication),,A:Normal value,7.7272349733042
"BIS,WS_CBTA,1.0",M.JP.B.USD._Z.B,M:Monthly,JP:Japan,B:BIS-spliced,USD:US dollar,_Z:Not applicable,B:Adjusted for breaks,US dollar,Billions,1965-12-31,F:Free (free for publication),,A:Normal value,8.7362150180347
"BIS,WS_CBTA,1.0",M.JP.B.USD._Z.B,M:Monthly,JP:Japan,B:BIS-spliced,USD:US dollar,_Z:Not applicable,B:Adjusted for breaks,US dollar,Billions,1966-01-31,F:Free (free for publication),,A:Normal value,7.7212456747619
"BIS,WS_CBTA,1.0",M.JP.B.USD._Z.B,M:Monthly,JP:Japan,B:BIS-spliced,USD:US dollar,_Z:Not applicable,B:Adjusted for breaks,US dollar,Billions,1966-02-28,F:Free (free for publication),,A:Normal value,7.397987393605
"BIS,WS_CBTA,1.0",M.JP.B.USD._Z.B,M:Monthly,JP:Japan,B:BIS-spliced,USD:US dollar,_Z:Not applicable,B:Adjusted for breaks,US dollar,Billions,1966-03-31,F:Free (free for publication),,A:Normal value,8.1326815256943
"BIS,WS_CBTA,1.0",M.JP.B.USD._Z.B,M:Monthly,JP:Japan,B:BIS-spliced,USD:US dollar,_Z:Not applicable,B:Adjusted for breaks,US dollar,Billions,1966-04-30,F:Free (free for publication),,A:Normal value,7.9462068965736
"BIS,WS_CBTA,1.0",M.JP.B.USD._Z.B,M:Monthly,JP:Japan,B:BIS-spliced,USD:US dollar,_Z:Not applicable,B:Adjusted for breaks,US dollar,Billions,1966-05-31,F:Free (free for publication),,A:Normal value,7.4411480613078
"BIS,WS_CBTA,1.0",M.JP.B.USD._Z.B,M:Monthly,JP:Japan,B:BIS-spliced,USD:US dollar,_Z:Not applicable,B:Adjusted for breaks,US dollar,Billions,1966-06-30,F:Free (free for publication),,A:Normal value,7.7840000000215
"BIS,WS_CBTA,1.0",M.JP.B.USD._Z.B,M:Monthly,JP:Japan,B:BIS-spliced,USD:US dollar,_Z:Not applicable,B:Adjusted for breaks,US dollar,Billions,1966-07-31,F:Free (free for publication),,A:Normal value,7.8431534812089
"BIS,WS_CBTA,1.0",M.JP.B.USD._Z.B,M:Monthly,JP:Japan,B:BIS-spliced,USD:US dollar,_Z:Not applicable,B:Adjusted for breaks,US dollar,Billions,1966-08-31,F:Free (free for publication),,A:Normal value,7.6895496042356
"BIS,WS_CBTA,1.0",M.JP.B.USD._Z.B,M:Monthly,JP:Japan,B:BIS-spliced,USD:US dollar,_Z:Not applicable,B:Adjusted for breaks,US dollar,Billions,1966-09-30,F:Free (free for publication),,A:Normal value,7.8659125396823
"BIS,WS_CBTA,1.0",M.JP.B.USD._Z.B,M:Monthly,JP:Japan,B:BIS-spliced,USD:US dollar,_Z:Not applicable,B:Adjusted for breaks,US dollar,Billions,1966-10-31,F:Free (free for publication),,A:Normal value,7.8950707527871
"BIS,WS_CBTA,1.0",M.JP.B.USD._Z.B,M:Monthly,JP:Japan,B:BIS-spliced,USD:US dollar,_Z:Not applicable,B:Adjusted for breaks,US dollar,Billions,1966-11-30,F:Free (free for publication),,A:Normal value,7.8988884905202
"BIS,WS_CBTA,1.0",M.JP.B.USD._Z.B,M:Monthly,JP:Japan,B:BIS-spliced,USD:US dollar,_Z:Not applicable,B:Adjusted for breaks,US dollar,Billions,1966-12-31,F:Free (free for publication),,A:Normal value,9.2741468259954
"BIS,WS_CBTA,1.0",M.JP.B.USD._Z.B,M:Monthly,JP:Japan,B:BIS-spliced,USD:US dollar,_Z:Not applicable,B:Adjusted for breaks,US dollar,Billions,1967-01-31,F:Free (free for publication),,A:Normal value,8.3040097071543
"BIS,WS_CBTA,1.0",M.JP.B.USD._Z.B,M:Monthly,JP:Japan,B:BIS-spliced,USD:US dollar,_Z:Not applicable,B:Adjusted for breaks,US dollar,Billions,1967-02-28,F:Free (free for publication),,A:Normal value,8.5975660237012
"BIS,WS_CBTA,1.0",M.JP.B.USD._Z.B,M:Monthly,JP:Japan,B:BIS-spliced,USD:US dollar,_Z:Not applicable,B:Adjusted for breaks,US dollar,Billions,1967-03-31,F:Free (free for publication),,A:Normal value,9.375138182674
"BIS,WS_CBTA,1.0",M.JP.B.USD._Z.B,M:Monthly,JP:Japan,B:BIS-spliced,USD:US dollar,_Z:Not applicable,B:Adjusted for breaks,US dollar,Billions,1967-04-30,F:Free (free for publication),,A:Normal value,8.9280680907755
"BIS,WS_CBTA,1.0",M.JP.B.USD._Z.B,M:Monthly,JP:Japan,B:BIS-spliced,USD:US dollar,_Z:Not applicable,B:Adjusted for breaks,US dollar,Billions,1967-05-31,F:Free (free for publication),,A:Normal value,8.5509448558088
"BIS,WS_CBTA,1.0",M.JP.B.USD._Z.B,M:Monthly,JP:Japan,B:BIS-spliced,USD:US dollar,_Z:Not applicable,B:Adjusted for breaks,US dollar,Billions,1967-06-30,F:Free (free for publication),,A:Normal value,8.972881871079
"BIS,WS_CBTA,1.0",M.JP.B.USD._Z.B,M:Monthly,JP:Japan,B:BIS-spliced,USD:US dollar,_Z:Not applicable,B:Adjusted for breaks,US dollar,Billions,1967-07-31,F:Free (free for publication),,A:Normal value,9.1594411001776
"BIS,WS_CBTA,1.0",M.JP.B.USD._Z.B,M:Monthly,JP:Japan,B:BIS-spliced,USD:US dollar,_Z:Not applicable,B:Adjusted for breaks,US dollar,Billions,1967-08-31,F:Free (free for publication),,A:Normal value,8.9942298666768
"BIS,WS_CBTA,1.0",M.JP.B.USD._Z.B,M:Monthly,JP:Japan,B:BIS-spliced,USD:US dollar,_Z:Not applicable,B:Adjusted for breaks,US dollar,Billions,1967-09-30,F:Free (free for publication),,A:Normal value,9.1927011335615
"BIS,WS_CBTA,1.0",M.JP.B.USD._Z.B,M:Monthly,JP:Japan,B:BIS-spliced,USD:US dollar,_Z:Not applicable,B:Adjusted for breaks,US dollar,Billions,1967-10-31,F:Free (free for publication),,A:Normal value,9.3684385015178
"BIS,WS_CBTA,1.0",M.JP.B.USD._Z.B,M:Monthly,JP:Japan,B:BIS-spliced,USD:US dollar,_Z:Not applicable,B:Adjusted for breaks,US dollar,Billions,1967-11-30,F:Free (free for publication),,A:Normal value,9.4252968793672
"BIS,WS_CBTA,1.0",M.JP.B.USD._Z.B,M:Monthly,JP:Japan,B:BIS-spliced,USD:US dollar,_Z:Not applicable,B:Adjusted for breaks,US dollar,Billions,1967-12-31,F:Free (free for publication),,A:Normal value,11.013511646572
"BIS,WS_CBTA,1.0",M.JP.B.USD._Z.B,M:Monthly,JP:Japan,B:BIS-spliced,USD:US dollar,_Z:Not applicable,B:Adjusted for breaks,US dollar,Billions,1968-01-31,F:Free (free for publication),,A:Normal value,9.8030713141739
"BIS,WS_CBTA,1.0",M.JP.B.USD._Z.B,M:Monthly,JP:Japan,B:BIS-spliced,USD:US dollar,_Z:Not applicable,B:Adjusted for breaks,US dollar,Billions,1968-02-29,F:Free (free for publication),,A:Normal value,9.9110202277546
"BIS,WS_CBTA,1.0",M.JP.B.USD._Z.B,M:Monthly,JP:Japan,B:BIS-spliced,USD:US dollar,_Z:Not applicable,B:Adjusted for breaks,US dollar,Billions,1968-03-31,F:Free (free for publication),,A:Normal value,11.641712707214
"BIS,WS_CBTA,1.0",M.JP.B.USD._Z.B,M:Monthly,JP:Japan,B:BIS-spliced,USD:US dollar,_Z:Not applicable,B:Adjusted for breaks,US dollar,Billions,1968-04-30,F:Free (free for publication),,A:Normal value,10.691653786737
"BIS,WS_CBTA,1.0",M.JP.B.USD._Z.B,M:Monthly,JP:Japan,B:BIS-spliced,USD:US dollar,_Z:Not applicable,B:Adjusted for breaks,US dollar,Billions,1968-05-31,F:Free (free for publication),,A:Normal value,10.036464088426
"BIS,WS_CBTA,1.0",M.JP.B.USD._Z.B,M:Monthly,JP:Japan,B:BIS-spliced,USD:US dollar,_Z:Not applicable,B:Adjusted for breaks,US dollar,Billions,1968-06-30,F:Free (free for publication),,A:Normal value,10.676348547747
"BIS,WS_CBTA,1.0",M.JP.B.USD._Z.B,M:Monthly,JP:Japan,B:BIS-spliced,USD:US dollar,_Z:Not applicable,B:Adjusted for breaks,US dollar,Billions,1968-07-31,F:Free (free for publication),,A:Normal value,10.825670232007
"BIS,WS_CBTA,1.0",M.JP.B.USD._Z.B,M:Monthly,JP:Japan,B:BIS-spliced,USD:US dollar,_Z:Not applicable,B:Adjusted for breaks,US dollar,Billions,1968-08-31,F:Free (free for publication),,A:Normal value,10.569576226442
"BIS,WS_CBTA,1.0",M.JP.B.USD._Z.B,M:Monthly,JP:Japan,B:BIS-spliced,USD:US dollar,_Z:Not applicable,B:Adjusted for breaks,US dollar,Billions,1968-09-30,F:Free (free for publication),,A:Normal value,10.746551483937
"BIS,WS_CBTA,1.0",M.JP.B.USD._Z.B,M:Monthly,JP:Japan,B:BIS-spliced,USD:US dollar,_Z:Not applicable,B:Adjusted for breaks,US dollar,Billions,1968-10-31,F:Free (free for publication),,A:Normal value,10.706785814048
"BIS,WS_CBTA,1.0",M.JP.B.USD._Z.B,M:Monthly,JP:Japan,B:BIS-spliced,USD:US dollar,_Z:Not applicable,B:Adjusted for breaks,US dollar,Billions,1968-11-30,F:Free (free for publication),,A:Normal value,11.096981554003
"BIS,WS_CBTA,1.0",M.JP.B.USD._Z.B,M:Monthly,JP:Japan,B:BIS-spliced,USD:US dollar,_Z:Not applicable,B:Adjusted for breaks,US dollar,Billions,1968-12-31,F:Free (free for publication),,A:Normal value,13.052837573422
"BIS,WS_CBTA,1.0",M.JP.B.USD._Z.B,M:Monthly,JP:Japan,B:BIS-spliced,USD:US dollar,_Z:Not applicable,B:Adjusted for breaks,US dollar,Billions,1969-01-31,F:Free (free for publication),,A:Normal value,11.474878444116
"BIS,WS_CBTA,1.0",M.JP.B.USD._Z.B,M:Monthly,JP:Japan,B:BIS-spliced,USD:US dollar,_Z:Not applicable,B:Adjusted for breaks,US dollar,Billions,1969-02-28,F:Free (free for publication),,A:Normal value,11.676775582111
"BIS,WS_CBTA,1.0",M.JP.B.USD._Z.B,M:Monthly,JP:Japan,B:BIS-spliced,USD:US dollar,_Z:Not applicable,B:Adjusted for breaks,US dollar,Billions,1969-03-31,F:Free (free for publication),,A:Normal value,13.651019837982
"BIS,WS_CBTA,1.0",M.JP.B.USD._Z.B,M:Monthly,JP:Japan,B:BIS-spliced,USD:US dollar,_Z:Not applicable,B:Adjusted for breaks,US dollar,Billions,1969-04-30,F:Free (free for publication),,A:Normal value,12.299832495847
"BIS,WS_CBTA,1.0",M.JP.B.USD._Z.B,M:Monthly,JP:Japan,B:BIS-spliced,USD:US dollar,_Z:Not applicable,B:Adjusted for breaks,US dollar,Billions,1969-05-31,F:Free (free for publication),,A:Normal value,11.654162599424
"BIS,WS_CBTA,1.0",M.JP.B.USD._Z.B,M:Monthly,JP:Japan,B:BIS-spliced,USD:US dollar,_Z:Not applicable,B:Adjusted for breaks,US dollar,Billions,1969-06-30,F:Free (free for publication),,A:Normal value,12.434465275719
"BIS,WS_CBTA,1.0",M.JP.B.USD._Z.B,M:Monthly,JP:Japan,B:BIS-spliced,USD:US dollar,_Z:Not applicable,B:Adjusted for breaks,US dollar,Billions,1969-07-31,F:Free (free for publication),,A:Normal value,12.475608061188
"BIS,WS_CBTA,1.0",M.JP.B.USD._Z.B,M:Monthly,JP:Japan,B:BIS-spliced,USD:US dollar,_Z:Not applicable,B:Adjusted for breaks,US dollar,Billions,1969-08-31,F:Free (free for publication),,A:Normal value,12.405902004489
"BIS,WS_CBTA,1.0",M.JP.B.USD._Z.B,M:Monthly,JP:Japan,B:BIS-spliced,USD:US dollar,_Z:Not applicable,B:Adjusted for breaks,US dollar,Billions,1969-09-30,F:Free (free for publication),,A:Normal value,12.683349643542
"BIS,WS_CBTA,1.0",M.JP.B.USD._Z.B,M:Monthly,JP:Japan,B:BIS-spliced,USD:US dollar,_Z:Not applicable,B:Adjusted for breaks,US dollar,Billions,1969-10-31,F:Free (free for publication),,A:Normal value,12.745163815346
"BIS,WS_CBTA,1.0",M.JP.B.USD._Z.B,M:Monthly,JP:Japan,B:BIS-spliced,USD:US dollar,_Z:Not applicable,B:Adjusted for breaks,US dollar,Billions,1969-11-30,F:Free (free for publication),,A:Normal value,13.125925925963
"BIS,WS_CBTA,1.0",M.JP.B.USD._Z.B,M:Monthly,JP:Japan,B:BIS-spliced,USD:US dollar,_Z:Not applicable,B:Adjusted for breaks,US dollar,Billions,1969-12-31,F:Free (free for publication),,A:Normal value,15.497799010071
"BIS,WS_CBTA,1.0",M.JP.B.USD._Z.B,M:Monthly,JP:Japan,B:BIS-spliced,USD:US dollar,_Z:Not applicable,B:Adjusted for breaks,US dollar,Billions,1970-01-31,F:Free (free for publication),,A:Normal value,13.603718981871
"BIS,WS_CBTA,1.0",M.JP.B.USD._Z.B,M:Monthly,JP:Japan,B:BIS-spliced,USD:US dollar,_Z:Not applicable,B:Adjusted for breaks,US dollar,Billions,1970-02-28,F:Free (free for publication),,A:Normal value,13.996192706801
"BIS,WS_CBTA,1.0",M.JP.B.USD._Z.B,M:Monthly,JP:Japan,B:BIS-spliced,USD:US dollar,_Z:Not applicable,B:Adjusted for breaks,US dollar,Billions,1970-03-31,F:Free (free for publication),,A:Normal value,15.924819977929
"BIS,WS_CBTA,1.0",M.JP.B.USD._Z.B,M:Monthly,JP:Japan,B:BIS-spliced,USD:US dollar,_Z:Not applicable,B:Adjusted for breaks,US dollar,Billions,1970-04-30,F:Free (free for publication),,A:Normal value,14.486590932947
"BIS,WS_CBTA,1.0",M.JP.B.USD._Z.B,M:Monthly,JP:Japan,B:BIS-spliced,USD:US dollar,_Z:Not applicable,B:Adjusted for breaks,US dollar,Billions,1970-05-31,F:Free (free for publication),,A:Normal value,13.9477302572
"BIS,WS_CBTA,1.0",M.JP.B.USD._Z.B,M:Monthly,JP:Japan,B:BIS-spliced,USD:US dollar,_Z:Not applicable,B:Adjusted for breaks,US dollar,Billions,1970-06-30,F:Free (free for publication),,A:Normal value,14.824821268398
"BIS,WS_CBTA,1.0",M.JP.B.USD._Z.B,M:Monthly,JP:Japan,B:BIS-spliced,USD:US dollar,_Z:Not applicable,B:Adjusted for breaks,US dollar,Billions,1970-07-31,F:Free (free for publication),,A:Normal value,15.054158472277
"BIS,WS_CBTA,1.0",M.JP.B.USD._Z.B,M:Monthly,JP:Japan,B:BIS-spliced,USD:US dollar,_Z:Not applicable,B:Adjusted for breaks,US dollar,Billions,1970-08-31,F:Free (free for publication),,A:Normal value,14.934089232028
"BIS,WS_CBTA,1.0",M.JP.B.USD._Z.B,M:Monthly,JP:Japan,B:BIS-spliced,USD:US dollar,_Z:Not applicable,B:Adjusted for breaks,US dollar,Billions,1970-09-30,F:Free (free for publication),,A:Normal value,14.82565116945
"BIS,WS_CBTA,1.0",M.JP.B.USD._Z.B,M:Monthly,JP:Japan,B:BIS-spliced,USD:US dollar,_Z:Not applicable,B:Adjusted for breaks,US dollar,Billions,1970-10-31,F:Free (free for publication),,A:Normal value,14.896777891178
"BIS,WS_CBTA,1.0",M.JP.B.USD._Z.B,M:Monthly,JP:Japan,B:BIS-spliced,USD:US dollar,_Z:Not applicable,B:Adjusted for breaks,US dollar,Billions,1970-11-30,F:Free (free for publication),,A:Normal value,15.20908667072
"BIS,WS_CBTA,1.0",M.JP.B.USD._Z.B,M:Monthly,JP:Japan,B:BIS-spliced,USD:US dollar,_Z:Not applicable,B:Adjusted for breaks,US dollar,Billions,1970-12-31,F:Free (free for publication),,A:Normal value,17.967290158548
"BIS,WS_CBTA,1.0",M.JP.B.USD._Z.B,M:Monthly,JP:Japan,B:BIS-spliced,USD:US dollar,_Z:Not applicable,B:Adjusted for breaks,US dollar,Billions,1971-01-31,F:Free (free for publication),,A:Normal value,15.868835961087
"BIS,WS_CBTA,1.0",M.JP.B.USD._Z.B,M:Monthly,JP:Japan,B:BIS-spliced,USD:US dollar,_Z:Not applicable,B:Adjusted for breaks,US dollar,Billions,1971-02-28,F:Free (free for publication),,A:Normal value,16.402561807808
"BIS,WS_CBTA,1.0",M.JP.B.USD._Z.B,M:Monthly,JP:Japan,B:BIS-spliced,USD:US dollar,_Z:Not applicable,B:Adjusted for breaks,US dollar,Billions,1971-03-31,F:Free (free for publication),,A:Normal value,18.314587879805
"BIS,WS_CBTA,1.0",M.JP.B.USD._Z.B,M:Monthly,JP:Japan,B:BIS-spliced,USD:US dollar,_Z:Not applicable,B:Adjusted for breaks,US dollar,Billions,1971-04-30,F:Free (free for publication),,A:Normal value,17.08981533296
"BIS,WS_CBTA,1.0",M.JP.B.USD._Z.B,M:Monthly,JP:Japan,B:BIS-spliced,USD:US dollar,_Z:Not applicable,B:Adjusted for breaks,US dollar,Billions,1971-05-31,F:Free (free for publication),,A:Normal value,16.32428651371
"BIS,WS_CBTA,1.0",M.JP.B.USD._Z.B,M:Monthly,JP:Japan,B:BIS-spliced,USD:US dollar,_Z:Not applicable,B:Adjusted for breaks,US dollar,Billions,1971-06-30,F:Free (free for publication),,A:Normal value,17.32204812535
"BIS,WS_CBTA,1.0",M.JP.B.USD._Z.B,M:Monthly,JP:Japan,B:BIS-spliced,USD:US dollar,_Z:Not applicable,B:Adjusted for breaks,US dollar,Billions,1971-07-31,F:Free (free for publication),,A:Normal value,17.244466828954
"BIS,WS_CBTA,1.0",M.JP.B.USD._Z.B,M:Monthly,JP:Japan,B:BIS-spliced,USD:US dollar,_Z:Not applicable,B:Adjusted for breaks,US dollar,Billions,1971-08-31,F:Free (free for publication),,A:Normal value,19.383551566868
"BIS,WS_CBTA,1.0",M.JP.B.USD._Z.B,M:Monthly,JP:Japan,B:BIS-spliced,USD:US dollar,_Z:Not applicable,B:Adjusted for breaks,US dollar,Billions,1971-09-30,F:Free (free for publication),,A:Normal value,19.390785746235
"BIS,WS_CBTA,1.0",M.JP.B.USD._Z.B,M:Monthly,JP:Japan,B:BIS-spliced,USD:US dollar,_Z:Not applicable,B:Adjusted for breaks,US dollar,Billions,1971-10-31,F:Free (free for publication),,A:Normal value,19.357814871017
"BIS,WS_CBTA,1.0",M.JP.B.USD._Z.B,M:Monthly,JP:Japan,B:BIS-spliced,USD:US dollar,_Z:Not applicable,B:Adjusted for breaks,US dollar,Billions,1971-11-30,F:Free (free for publication),,A:Normal value,20.782128023455
"BIS,WS_CBTA,1.0",M.JP.B.USD._Z.B,M:Monthly,JP:Japan,B:BIS-spliced,USD:US dollar,_Z:Not applicable,B:Adjusted for breaks,US dollar,Billions,1971-12-31,F:Free (free for publication),,A:Normal value,24.505571251706
"BIS,WS_CBTA,1.0",M.JP.B.USD._Z.B,M:Monthly,JP:Japan,B:BIS-spliced,USD:US dollar,_Z:Not applicable,B:Adjusted for breaks,US dollar,Billions,1972-01-31,F:Free (free for publication),,A:Normal value,21.993817619784
"BIS,WS_CBTA,1.0",M.JP.B.USD._Z.B,M:Monthly,JP:Japan,B:BIS-spliced,USD:US dollar,_Z:Not applicable,B:Adjusted for breaks,US dollar,Billions,1972-02-29,F:Free (free for publication),,A:Normal value,22.784113381674
"BIS,WS_CBTA,1.0",M.JP.B.USD._Z.B,M:Monthly,JP:Japan,B:BIS-spliced,USD:US dollar,_Z:Not applicable,B:Adjusted for breaks,US dollar,Billions,1972-03-31,F:Free (free for publication),,A:Normal value,25.290812302839
"BIS,WS_CBTA,1.0",M.JP.B.USD._Z.B,M:Monthly,JP:Japan,B:BIS-spliced,USD:US dollar,_Z:Not applicable,B:Adjusted for breaks,US dollar,Billions,1972-04-30,F:Free (free for publication),,A:Normal value,22.414064549987
"BIS,WS_CBTA,1.0",M.JP.B.USD._Z.B,M:Monthly,JP:Japan,B:BIS-spliced,USD:US dollar,_Z:Not applicable,B:Adjusted for breaks,US dollar,Billions,1972-05-31,F:Free (free for publication),,A:Normal value,21.827431159539
"BIS,WS_CBTA,1.0",M.JP.B.USD._Z.B,M:Monthly,JP:Japan,B:BIS-spliced,USD:US dollar,_Z:Not applicable,B:Adjusted for breaks,US dollar,Billions,1972-06-30,F:Free (free for publication),,A:Normal value,23.706509819559
"BIS,WS_CBTA,1.0",M.JP.B.USD._Z.B,M:Monthly,JP:Japan,B:BIS-spliced,USD:US dollar,_Z:Not applicable,B:Adjusted for breaks,US dollar,Billions,1972-07-31,F:Free (free for publication),,A:Normal value,24.175321012641
"BIS,WS_CBTA,1.0",M.JP.B.USD._Z.B,M:Monthly,JP:Japan,B:BIS-spliced,USD:US dollar,_Z:Not applicable,B:Adjusted for breaks,US dollar,Billions,1972-08-31,F:Free (free for publication),,A:Normal value,24.097837999402
"BIS,WS_CBTA,1.0",M.JP.B.USD._Z.B,M:Monthly,JP:Japan,B:BIS-spliced,USD:US dollar,_Z:Not applicable,B:Adjusted for breaks,US dollar,Billions,1972-09-30,F:Free (free for publication),,A:Normal value,23.242336687589
"BIS,WS_CBTA,1.0",M.JP.B.USD._Z.B,M:Monthly,JP:Japan,B:BIS-spliced,USD:US dollar,_Z:Not applicable,B:Adjusted for breaks,US dollar,Billions,1972-10-31,F:Free (free for publication),,A:Normal value,23.365879578891
"BIS,WS_CBTA,1.0",M.JP.B.USD._Z.B,M:Monthly,JP:Japan,B:BIS-spliced,USD:US dollar,_Z:Not applicable,B:Adjusted for breaks,US dollar,Billions,1972-11-30,F:Free (free for publication),,A:Normal value,24.324001195576
"BIS,WS_CBTA,1.0",M.JP.B.USD._Z.B,M:Monthly,JP:Japan,B:BIS-spliced,USD:US dollar,_Z:Not applicable,B:Adjusted for breaks,US dollar,Billions,1972-12-31,F:Free (free for publication),,A:Normal value,29.974143074985
"BIS,WS_CBTA,1.0",M.JP.B.USD._Z.B,M:Monthly,JP:Japan,B:BIS-spliced,USD:US dollar,_Z:Not applicable,B:Adjusted for breaks,US dollar,Billions,1973-01-31,F:Free (free for publication),,A:Normal value,26.183018680115
"BIS,WS_CBTA,1.0",M.JP.B.USD._Z.B,M:Monthly,JP:Japan,B:BIS-spliced,USD:US dollar,_Z:Not applicable,B:Adjusted for breaks,US dollar,Billions,1973-02-28,F:Free (free for publication),,A:Normal value,31.762336733542
"BIS,WS_CBTA,1.0",M.JP.B.USD._Z.B,M:Monthly,JP:Japan,B:BIS-spliced,USD:US dollar,_Z:Not applicable,B:Adjusted for breaks,US dollar,Billions,1973-03-31,F:Free (free for publication),,A:Normal value,39.516092645511
"BIS,WS_CBTA,1.0",M.JP.B.USD._Z.B,M:Monthly,JP:Japan,B:BIS-spliced,USD:US dollar,_Z:Not applicable,B:Adjusted for breaks,US dollar,Billions,1973-04-30,F:Free (free for publication),,A:Normal value,33.72349640342
"BIS,WS_CBTA,1.0",M.JP.B.USD._Z.B,M:Monthly,JP:Japan,B:BIS-spliced,USD:US dollar,_Z:Not applicable,B:Adjusted for breaks,US dollar,Billions,1973-05-31,F:Free (free for publication),,A:Normal value,33.432317050134
"BIS,WS_CBTA,1.0",M.JP.B.USD._Z.B,M:Monthly,JP:Japan,B:BIS-spliced,USD:US dollar,_Z:Not applicable,B:Adjusted for breaks,US dollar,Billions,1973-06-30,F:Free (free for publication),,A:Normal value,36.379388964888
"BIS,WS_CBTA,1.0",M.JP.B.USD._Z.B,M:Monthly,JP:Japan,B:BIS-spliced,USD:US dollar,_Z:Not applicable,B:Adjusted for breaks,US dollar,Billions,1973-07-31,F:Free (free for publication),,A:Normal value,36.859246887337
"BIS,WS_CBTA,1.0",M.JP.B.USD._Z.B,M:Monthly,JP:Japan,B:BIS-spliced,USD:US dollar,_Z:Not applicable,B:Adjusted for breaks,US dollar,Billions,1973-08-31,F:Free (free for publication),,A:Normal value,35.941067862391
"BIS,WS_CBTA,1.0",M.JP.B.USD._Z.B,M:Monthly,JP:Japan,B:BIS-spliced,USD:US dollar,_Z:Not applicable,B:Adjusted for breaks,US dollar,Billions,1973-09-30,F:Free (free for publication),,A:Normal value,37.665286144578
"BIS,WS_CBTA,1.0",M.JP.B.USD._Z.B,M:Monthly,JP:Japan,B:BIS-spliced,USD:US dollar,_Z:Not applicable,B:Adjusted for breaks,US dollar,Billions,1973-10-31,F:Free (free for publication),,A:Normal value,37.944184304177
"BIS,WS_CBTA,1.0",M.JP.B.USD._Z.B,M:Monthly,JP:Japan,B:BIS-spliced,USD:US dollar,_Z:Not applicable,B:Adjusted for breaks,US dollar,Billions,1973-11-30,F:Free (free for publication),,A:Normal value,37.499553746742
"BIS,WS_CBTA,1.0",M.JP.B.USD._Z.B,M:Monthly,JP:Japan,B:BIS-spliced,USD:US dollar,_Z:Not applicable,B:Adjusted for breaks,US dollar,Billions,1973-12-31,F:Free (free for publication),,A:Normal value,44.502800870589
"BIS,WS_CBTA,1.0",M.JP.B.USD._Z.B,M:Monthly,JP:Japan,B:BIS-spliced,USD:US dollar,_Z:Not applicable,B:Adjusted for breaks,US dollar,Billions,1974-01-31,F:Free (free for publication),,A:Normal value,36.502326204103
"BIS,WS_CBTA,1.0",M.JP.B.USD._Z.B,M:Monthly,JP:Japan,B:BIS-spliced,USD:US dollar,_Z:Not applicable,B:Adjusted for breaks,US dollar,Billions,1974-02-28,F:Free (free for publication),,A:Normal value,38.436709080193
"BIS,WS_CBTA,1.0",M.JP.B.USD._Z.B,M:Monthly,JP:Japan,B:BIS-spliced,USD:US dollar,_Z:Not applicable,B:Adjusted for breaks,US dollar,Billions,1974-03-31,F:Free (free for publication),,A:Normal value,51.075736172987
"BIS,WS_CBTA,1.0",M.JP.B.USD._Z.B,M:Monthly,JP:Japan,B:BIS-spliced,USD:US dollar,_Z:Not applicable,B:Adjusted for breaks,US dollar,Billions,1974-04-30,F:Free (free for publication),,A:Normal value,42.910170218853
"BIS,WS_CBTA,1.0",M.JP.B.USD._Z.B,M:Monthly,JP:Japan,B:BIS-spliced,USD:US dollar,_Z:Not applicable,B:Adjusted for breaks,US dollar,Billions,1974-05-31,F:Free (free for publication),,A:Normal value,41.385804987054
"BIS,WS_CBTA,1.0",M.JP.B.USD._Z.B,M:Monthly,JP:Japan,B:BIS-spliced,USD:US dollar,_Z:Not applicable,B:Adjusted for breaks,US dollar,Billions,1974-06-30,F:Free (free for publication),,A:Normal value,44.291292875989
"BIS,WS_CBTA,1.0",M.JP.B.USD._Z.B,M:Monthly,JP:Japan,B:BIS-spliced,USD:US dollar,_Z:Not applicable,B:Adjusted for breaks,US dollar,Billions,1974-07-31,F:Free (free for publication),,A:Normal value,43.304050429185
"BIS,WS_CBTA,1.0",M.JP.B.USD._Z.B,M:Monthly,JP:Japan,B:BIS-spliced,USD:US dollar,_Z:Not applicable,B:Adjusted for breaks,US dollar,Billions,1974-08-31,F:Free (free for publication),,A:Normal value,41.343170264739
"BIS,WS_CBTA,1.0",M.JP.B.USD._Z.B,M:Monthly,JP:Japan,B:BIS-spliced,USD:US dollar,_Z:Not applicable,B:Adjusted for breaks,US dollar,Billions,1974-09-30,F:Free (free for publication),,A:Normal value,44.285187543995
"BIS,WS_CBTA,1.0",M.JP.B.USD._Z.B,M:Monthly,JP:Japan,B:BIS-spliced,USD:US dollar,_Z:Not applicable,B:Adjusted for breaks,US dollar,Billions,1974-10-31,F:Free (free for publication),,A:Normal value,42.012402480496
"BIS,WS_CBTA,1.0",M.JP.B.USD._Z.B,M:Monthly,JP:Japan,B:BIS-spliced,USD:US dollar,_Z:Not applicable,B:Adjusted for breaks,US dollar,Billions,1974-11-30,F:Free (free for publication),,A:Normal value,42.683316683317
"BIS,WS_CBTA,1.0",M.JP.B.USD._Z.B,M:Monthly,JP:Japan,B:BIS-spliced,USD:US dollar,_Z:Not applicable,B:Adjusted for breaks,US dollar,Billions,1974-12-31,F:Free (free for publication),,A:Normal value,49.910969370806
"BIS,WS_CBTA,1.0",M.JP.B.USD._Z.B,M:Monthly,JP:Japan,B:BIS-spliced,USD:US dollar,_Z:Not applicable,B:Adjusted for breaks,US dollar,Billions,1975-01-31,F:Free (free for publication),,A:Normal value,45.047823606403
"BIS,WS_CBTA,1.0",M.JP.B.USD._Z.B,M:Monthly,JP:Japan,B:BIS-spliced,USD:US dollar,_Z:Not applicable,B:Adjusted for breaks,US dollar,Billions,1975-02-28,F:Free (free for publication),,A:Normal value,48.031069994763
"BIS,WS_CBTA,1.0",M.JP.B.USD._Z.B,M:Monthly,JP:Japan,B:BIS-spliced,USD:US dollar,_Z:Not applicable,B:Adjusted for breaks,US dollar,Billions,1975-03-31,F:Free (free for publication),,A:Normal value,53.770703669694
"BIS,WS_CBTA,1.0",M.JP.B.USD._Z.B,M:Monthly,JP:Japan,B:BIS-spliced,USD:US dollar,_Z:Not applicable,B:Adjusted for breaks,US dollar,Billions,1975-04-30,F:Free (free for publication),,A:Normal value,48.791705163741
"BIS,WS_CBTA,1.0",M.JP.B.USD._Z.B,M:Monthly,JP:Japan,B:BIS-spliced,USD:US dollar,_Z:Not applicable,B:Adjusted for breaks,US dollar,Billions,1975-05-31,F:Free (free for publication),,A:Normal value,46.154004458926
"BIS,WS_CBTA,1.0",M.JP.B.USD._Z.B,M:Monthly,JP:Japan,B:BIS-spliced,USD:US dollar,_Z:Not applicable,B:Adjusted for breaks,US dollar,Billions,1975-06-30,F:Free (free for publication),,A:Normal value,48.463303145735
"BIS,WS_CBTA,1.0",M.JP.B.USD._Z.B,M:Monthly,JP:Japan,B:BIS-spliced,USD:US dollar,_Z:Not applicable,B:Adjusted for breaks,US dollar,Billions,1975-07-31,F:Free (free for publication),,A:Normal value,47.606132393428
"BIS,WS_CBTA,1.0",M.JP.B.USD._Z.B,M:Monthly,JP:Japan,B:BIS-spliced,USD:US dollar,_Z:Not applicable,B:Adjusted for breaks,US dollar,Billions,1975-08-31,F:Free (free for publication),,A:Normal value,47.354894469232
"BIS,WS_CBTA,1.0",M.JP.B.USD._Z.B,M:Monthly,JP:Japan,B:BIS-spliced,USD:US dollar,_Z:Not applicable,B:Adjusted for breaks,US dollar,Billions,1975-09-30,F:Free (free for publication),,A:Normal value,47.26144856171
"BIS,WS_CBTA,1.0",M.JP.B.USD._Z.B,M:Monthly,JP:Japan,B:BIS-spliced,USD:US dollar,_Z:Not applicable,B:Adjusted for breaks,US dollar,Billions,1975-10-31,F:Free (free for publication),,A:Normal value,49.581566206386
"BIS,WS_CBTA,1.0",M.JP.B.USD._Z.B,M:Monthly,JP:Japan,B:BIS-spliced,USD:US dollar,_Z:Not applicable,B:Adjusted for breaks,US dollar,Billions,1975-11-30,F:Free (free for publication),,A:Normal value,45.521814515063
"BIS,WS_CBTA,1.0",M.JP.B.USD._Z.B,M:Monthly,JP:Japan,B:BIS-spliced,USD:US dollar,_Z:Not applicable,B:Adjusted for breaks,US dollar,Billions,1975-12-31,F:Free (free for publication),,A:Normal value,51.383391123848
"BIS,WS_CBTA,1.0",M.JP.B.USD._Z.B,M:Monthly,JP:Japan,B:BIS-spliced,USD:US dollar,_Z:Not applicable,B:Adjusted for breaks,US dollar,Billions,1976-01-31,F:Free (free for publication),,A:Normal value,46.250594035492
"BIS,WS_CBTA,1.0",M.JP.B.USD._Z.B,M:Monthly,JP:Japan,B:BIS-spliced,USD:US dollar,_Z:Not applicable,B:Adjusted for breaks,US dollar,Billions,1976-02-29,F:Free (free for publication),,A:Normal value,46.332436504873
"BIS,WS_CBTA,1.0",M.JP.B.USD._Z.B,M:Monthly,JP:Japan,B:BIS-spliced,USD:US dollar,_Z:Not applicable,B:Adjusted for breaks,US dollar,Billions,1976-03-31,F:Free (free for publication),,A:Normal value,53.052302287522
"BIS,WS_CBTA,1.0",M.JP.B.USD._Z.B,M:Monthly,JP:Japan,B:BIS-spliced,USD:US dollar,_Z:Not applicable,B:Adjusted for breaks,US dollar,Billions,1976-04-30,F:Free (free for publication),,A:Normal value,48.63141945796
"BIS,WS_CBTA,1.0",M.JP.B.USD._Z.B,M:Monthly,JP:Japan,B:BIS-spliced,USD:US dollar,_Z:Not applicable,B:Adjusted for breaks,US dollar,Billions,1976-05-31,F:Free (free for publication),,A:Normal value,46.876891090538
"BIS,WS_CBTA,1.0",M.JP.B.USD._Z.B,M:Monthly,JP:Japan,B:BIS-spliced,USD:US dollar,_Z:Not applicable,B:Adjusted for breaks,US dollar,Billions,1976-06-30,F:Free (free for publication),,A:Normal value,49.965422094182
"BIS,WS_CBTA,1.0",M.JP.B.USD._Z.B,M:Monthly,JP:Japan,B:BIS-spliced,USD:US dollar,_Z:Not applicable,B:Adjusted for breaks,US dollar,Billions,1976-07-31,F:Free (free for publication),,A:Normal value,50.100376442435
"BIS,WS_CBTA,1.0",M.JP.B.USD._Z.B,M:Monthly,JP:Japan,B:BIS-spliced,USD:US dollar,_Z:Not applicable,B:Adjusted for breaks,US dollar,Billions,1976-08-31,F:Free (free for publication),,A:Normal value,50.289837506237
"BIS,WS_CBTA,1.0",M.JP.B.USD._Z.B,M:Monthly,JP:Japan,B:BIS-spliced,USD:US dollar,_Z:Not applicable,B:Adjusted for breaks,US dollar,Billions,1976-09-30,F:Free (free for publication),,A:Normal value,51.867682477168
"BIS,WS_CBTA,1.0",M.JP.B.USD._Z.B,M:Monthly,JP:Japan,B:BIS-spliced,USD:US dollar,_Z:Not applicable,B:Adjusted for breaks,US dollar,Billions,1976-10-31,F:Free (free for publication),,A:Normal value,49.466505850966
"BIS,WS_CBTA,1.0",M.JP.B.USD._Z.B,M:Monthly,JP:Japan,B:BIS-spliced,USD:US dollar,_Z:Not applicable,B:Adjusted for breaks,US dollar,Billions,1976-11-30,F:Free (free for publication),,A:Normal value,50.340939802327
"BIS,WS_CBTA,1.0",M.JP.B.USD._Z.B,M:Monthly,JP:Japan,B:BIS-spliced,USD:US dollar,_Z:Not applicable,B:Adjusted for breaks,US dollar,Billions,1976-12-31,F:Free (free for publication),,A:Normal value,58.164742313773
"BIS,WS_CBTA,1.0",M.JP.B.USD._Z.B,M:Monthly,JP:Japan,B:BIS-spliced,USD:US dollar,_Z:Not applicable,B:Adjusted for breaks,US dollar,Billions,1977-01-31,F:Free (free for publication),,A:Normal value,53.133621291893
"BIS,WS_CBTA,1.0",M.JP.B.USD._Z.B,M:Monthly,JP:Japan,B:BIS-spliced,USD:US dollar,_Z:Not applicable,B:Adjusted for breaks,US dollar,Billions,1977-02-28,F:Free (free for publication),,A:Normal value,55.310170086945
"BIS,WS_CBTA,1.0",M.JP.B.USD._Z.B,M:Monthly,JP:Japan,B:BIS-spliced,USD:US dollar,_Z:Not applicable,B:Adjusted for breaks,US dollar,Billions,1977-03-31,F:Free (free for publication),,A:Normal value,63.458832215787
"BIS,WS_CBTA,1.0",M.JP.B.USD._Z.B,M:Monthly,JP:Japan,B:BIS-spliced,USD:US dollar,_Z:Not applicable,B:Adjusted for breaks,US dollar,Billions,1977-04-30,F:Free (free for publication),,A:Normal value,56.281783528919
"BIS,WS_CBTA,1.0",M.JP.B.USD._Z.B,M:Monthly,JP:Japan,B:BIS-spliced,USD:US dollar,_Z:Not applicable,B:Adjusted for breaks,US dollar,Billions,1977-05-31,F:Free (free for publication),,A:Normal value,54.735326675251
"BIS,WS_CBTA,1.0",M.JP.B.USD._Z.B,M:Monthly,JP:Japan,B:BIS-spliced,USD:US dollar,_Z:Not applicable,B:Adjusted for breaks,US dollar,Billions,1977-06-30,F:Free (free for publication),,A:Normal value,59.66811313391
"BIS,WS_CBTA,1.0",M.JP.B.USD._Z.B,M:Monthly,JP:Japan,B:BIS-spliced,USD:US dollar,_Z:Not applicable,B:Adjusted for breaks,US dollar,Billions,1977-07-31,F:Free (free for publication),,A:Normal value,60.394962311212
"BIS,WS_CBTA,1.0",M.JP.B.USD._Z.B,M:Monthly,JP:Japan,B:BIS-spliced,USD:US dollar,_Z:Not applicable,B:Adjusted for breaks,US dollar,Billions,1977-08-31,F:Free (free for publication),,A:Normal value,59.217430596386
"BIS,WS_CBTA,1.0",M.JP.B.USD._Z.B,M:Monthly,JP:Japan,B:BIS-spliced,USD:US dollar,_Z:Not applicable,B:Adjusted for breaks,US dollar,Billions,1977-09-30,F:Free (free for publication),,A:Normal value,60.496647711951
"BIS,WS_CBTA,1.0",M.JP.B.USD._Z.B,M:Monthly,JP:Japan,B:BIS-spliced,USD:US dollar,_Z:Not applicable,B:Adjusted for breaks,US dollar,Billions,1977-10-31,F:Free (free for publication),,A:Normal value,63.667442807121
"BIS,WS_CBTA,1.0",M.JP.B.USD._Z.B,M:Monthly,JP:Japan,B:BIS-spliced,USD:US dollar,_Z:Not applicable,B:Adjusted for breaks,US dollar,Billions,1977-11-30,F:Free (free for publication),,A:Normal value,64.824734210788
"BIS,WS_CBTA,1.0",M.JP.B.USD._Z.B,M:Monthly,JP:Japan,B:BIS-spliced,USD:US dollar,_Z:Not applicable,B:Adjusted for breaks,US dollar,Billions,1977-12-31,F:Free (free for publication),,A:Normal value,77.547476143719
"BIS,WS_CBTA,1.0",M.JP.B.USD._Z.B,M:Monthly,JP:Japan,B:BIS-spliced,USD:US dollar,_Z:Not applicable,B:Adjusted for breaks,US dollar,Billions,1978-01-31,F:Free (free for publication),,A:Normal value,66.337582646169
"BIS,WS_CBTA,1.0",M.JP.B.USD._Z.B,M:Monthly,JP:Japan,B:BIS-spliced,USD:US dollar,_Z:Not applicable,B:Adjusted for breaks,US dollar,Billions,1978-02-28,F:Free (free for publication),,A:Normal value,68.441495696152
"BIS,WS_CBTA,1.0",M.JP.B.USD._Z.B,M:Monthly,JP:Japan,B:BIS-spliced,USD:US dollar,_Z:Not applicable,B:Adjusted for breaks,US dollar,Billions,1978-03-31,F:Free (free for publication),,A:Normal value,83.66717031586
"BIS,WS_CBTA,1.0",M.JP.B.USD._Z.B,M:Monthly,JP:Japan,B:BIS-spliced,USD:US dollar,_Z:Not applicable,B:Adjusted for breaks,US dollar,Billions,1978-04-30,F:Free (free for publication),,A:Normal value,74.648351883481
"BIS,WS_CBTA,1.0",M.JP.B.USD._Z.B,M:Monthly,JP:Japan,B:BIS-spliced,USD:US dollar,_Z:Not applicable,B:Adjusted for breaks,US dollar,Billions,1978-05-31,F:Free (free for publication),,A:Normal value,74.517756777123
"BIS,WS_CBTA,1.0",M.JP.B.USD._Z.B,M:Monthly,JP:Japan,B:BIS-spliced,USD:US dollar,_Z:Not applicable,B:Adjusted for breaks,US dollar,Billions,1978-06-30,F:Free (free for publication),,A:Normal value,85.379719539001
"BIS,WS_CBTA,1.0",M.JP.B.USD._Z.B,M:Monthly,JP:Japan,B:BIS-spliced,USD:US dollar,_Z:Not applicable,B:Adjusted for breaks,US dollar,Billions,1978-07-31,F:Free (free for publication),,A:Normal value,92.659126544665
"BIS,WS_CBTA,1.0",M.JP.B.USD._Z.B,M:Monthly,JP:Japan,B:BIS-spliced,USD:US dollar,_Z:Not applicable,B:Adjusted for breaks,US dollar,Billions,1978-08-31,F:Free (free for publication),,A:Normal value,90.549617638912
"BIS,WS_CBTA,1.0",M.JP.B.USD._Z.B,M:Monthly,JP:Japan,B:BIS-spliced,USD:US dollar,_Z:Not applicable,B:Adjusted for breaks,US dollar,Billions,1978-09-30,F:Free (free for publication),,A:Normal value,91.544799524338
"BIS,WS_CBTA,1.0",M.JP.B.USD._Z.B,M:Monthly,JP:Japan,B:BIS-spliced,USD:US dollar,_Z:Not applicable,B:Adjusted for breaks,US dollar,Billions,1978-10-31,F:Free (free for publication),,A:Normal value,97.884581752486
"BIS,WS_CBTA,1.0",M.JP.B.USD._Z.B,M:Monthly,JP:Japan,B:BIS-spliced,USD:US dollar,_Z:Not applicable,B:Adjusted for breaks,US dollar,Billions,1978-11-30,F:Free (free for publication),,A:Normal value,90.363514704057
"BIS,WS_CBTA,1.0",M.JP.B.USD._Z.B,M:Monthly,JP:Japan,B:BIS-spliced,USD:US dollar,_Z:Not applicable,B:Adjusted for breaks,US dollar,Billions,1978-12-31,F:Free (free for publication),,A:Normal value,108.32082317106
"BIS,WS_CBTA,1.0",M.JP.B.USD._Z.B,M:Monthly,JP:Japan,B:BIS-spliced,USD:US dollar,_Z:Not applicable,B:Adjusted for breaks,US dollar,Billions,1979-01-31,F:Free (free for publication),,A:Normal value,91.365789990419
"BIS,WS_CBTA,1.0",M.JP.B.USD._Z.B,M:Monthly,JP:Japan,B:BIS-spliced,USD:US dollar,_Z:Not applicable,B:Adjusted for breaks,US dollar,Billions,1979-02-28,F:Free (free for publication),,A:Normal value,88.851259571459
"BIS,WS_CBTA,1.0",M.JP.B.USD._Z.B,M:Monthly,JP:Japan,B:BIS-spliced,USD:US dollar,_Z:Not applicable,B:Adjusted for breaks,US dollar,Billions,1979-03-31,F:Free (free for publication),,A:Normal value,89.667043480743
"BIS,WS_CBTA,1.0",M.JP.B.USD._Z.B,M:Monthly,JP:Japan,B:BIS-spliced,USD:US dollar,_Z:Not applicable,B:Adjusted for breaks,US dollar,Billions,1979-04-30,F:Free (free for publication),,A:Normal value,87.655668565463
"BIS,WS_CBTA,1.0",M.JP.B.USD._Z.B,M:Monthly,JP:Japan,B:BIS-spliced,USD:US dollar,_Z:Not applicable,B:Adjusted for breaks,US dollar,Billions,1979-05-31,F:Free (free for publication),,A:Normal value,85.144302393021
"BIS,WS_CBTA,1.0",M.JP.B.USD._Z.B,M:Monthly,JP:Japan,B:BIS-spliced,USD:US dollar,_Z:Not applicable,B:Adjusted for breaks,US dollar,Billions,1979-06-30,F:Free (free for publication),,A:Normal value,86.957307346923
"BIS,WS_CBTA,1.0",M.JP.B.USD._Z.B,M:Monthly,JP:Japan,B:BIS-spliced,USD:US dollar,_Z:Not applicable,B:Adjusted for breaks,US dollar,Billions,1979-07-31,F:Free (free for publication),,A:Normal value,85.189936550425
"BIS,WS_CBTA,1.0",M.JP.B.USD._Z.B,M:Monthly,JP:Japan,B:BIS-spliced,USD:US dollar,_Z:Not applicable,B:Adjusted for breaks,US dollar,Billions,1979-08-31,F:Free (free for publication),,A:Normal value,86.615431566869
"BIS,WS_CBTA,1.0",M.JP.B.USD._Z.B,M:Monthly,JP:Japan,B:BIS-spliced,USD:US dollar,_Z:Not applicable,B:Adjusted for breaks,US dollar,Billions,1979-09-30,F:Free (free for publication),,A:Normal value,84.325089380982
"BIS,WS_CBTA,1.0",M.JP.B.USD._Z.B,M:Monthly,JP:Japan,B:BIS-spliced,USD:US dollar,_Z:Not applicable,B:Adjusted for breaks,US dollar,Billions,1979-10-31,F:Free (free for publication),,A:Normal value,79.410388653475
"BIS,WS_CBTA,1.0",M.JP.B.USD._Z.B,M:Monthly,JP:Japan,B:BIS-spliced,USD:US dollar,_Z:Not applicable,B:Adjusted for breaks,US dollar,Billions,1979-11-30,F:Free (free for publication),,A:Normal value,78.769519799777
"BIS,WS_CBTA,1.0",M.JP.B.USD._Z.B,M:Monthly,JP:Japan,B:BIS-spliced,USD:US dollar,_Z:Not applicable,B:Adjusted for breaks,US dollar,Billions,1979-12-31,F:Free (free for publication),,A:Normal value,92.96560130372
"BIS,WS_CBTA,1.0",M.JP.B.USD._Z.B,M:Monthly,JP:Japan,B:BIS-spliced,USD:US dollar,_Z:Not applicable,B:Adjusted for breaks,US dollar,Billions,1980-01-31,F:Free (free for publication),,A:Normal value,80.801743787866
"BIS,WS_CBTA,1.0",M.JP.B.USD._Z.B,M:Monthly,JP:Japan,B:BIS-spliced,USD:US dollar,_Z:Not applicable,B:Adjusted for breaks,US dollar,Billions,1980-02-29,F:Free (free for publication),,A:Normal value,78.699206021505
"BIS,WS_CBTA,1.0",M.JP.B.USD._Z.B,M:Monthly,JP:Japan,B:BIS-spliced,USD:US dollar,_Z:Not applicable,B:Adjusted for breaks,US dollar,Billions,1980-03-31,F:Free (free for publication),,A:Normal value,90.798322962645
"BIS,WS_CBTA,1.0",M.JP.B.USD._Z.B,M:Monthly,JP:Japan,B:BIS-spliced,USD:US dollar,_Z:Not applicable,B:Adjusted for breaks,US dollar,Billions,1980-04-30,F:Free (free for publication),,A:Normal value,92.135854572329
"BIS,WS_CBTA,1.0",M.JP.B.USD._Z.B,M:Monthly,JP:Japan,B:BIS-spliced,USD:US dollar,_Z:Not applicable,B:Adjusted for breaks,US dollar,Billions,1980-05-31,F:Free (free for publication),,A:Normal value,90.6824148508
"BIS,WS_CBTA,1.0",M.JP.B.USD._Z.B,M:Monthly,JP:Japan,B:BIS-spliced,USD:US dollar,_Z:Not applicable,B:Adjusted for breaks,US dollar,Billions,1980-06-30,F:Free (free for publication),,A:Normal value,97.887681417125
"BIS,WS_CBTA,1.0",M.JP.B.USD._Z.B,M:Monthly,JP:Japan,B:BIS-spliced,USD:US dollar,_Z:Not applicable,B:Adjusted for breaks,US dollar,Billions,1980-07-31,F:Free (free for publication),,A:Normal value,93.270955832177
"BIS,WS_CBTA,1.0",M.JP.B.USD._Z.B,M:Monthly,JP:Japan,B:BIS-spliced,USD:US dollar,_Z:Not applicable,B:Adjusted for breaks,US dollar,Billions,1980-08-31,F:Free (free for publication),,A:Normal value,97.688235355547
"BIS,WS_CBTA,1.0",M.JP.B.USD._Z.B,M:Monthly,JP:Japan,B:BIS-spliced,USD:US dollar,_Z:Not applicable,B:Adjusted for breaks,US dollar,Billions,1980-09-30,F:Free (free for publication),,A:Normal value,101.6505891963
"BIS,WS_CBTA,1.0",M.JP.B.USD._Z.B,M:Monthly,JP:Japan,B:BIS-spliced,USD:US dollar,_Z:Not applicable,B:Adjusted for breaks,US dollar,Billions,1980-10-31,F:Free (free for publication),,A:Normal value,100.34809962167
"BIS,WS_CBTA,1.0",M.JP.B.USD._Z.B,M:Monthly,JP:Japan,B:BIS-spliced,USD:US dollar,_Z:Not applicable,B:Adjusted for breaks,US dollar,Billions,1980-11-30,F:Free (free for publication),,A:Normal value,97.338872932425
"BIS,WS_CBTA,1.0",M.JP.B.USD._Z.B,M:Monthly,JP:Japan,B:BIS-spliced,USD:US dollar,_Z:Not applicable,B:Adjusted for breaks,US dollar,Billions,1980-12-31,F:Free (free for publication),,A:Normal value,118.91756710913
"BIS,WS_CBTA,1.0",M.JP.B.USD._Z.B,M:Monthly,JP:Japan,B:BIS-spliced,USD:US dollar,_Z:Not applicable,B:Adjusted for breaks,US dollar,Billions,1981-01-31,F:Free (free for publication),,A:Normal value,102.82921982108
"BIS,WS_CBTA,1.0",M.JP.B.USD._Z.B,M:Monthly,JP:Japan,B:BIS-spliced,USD:US dollar,_Z:Not applicable,B:Adjusted for breaks,US dollar,Billions,1981-02-28,F:Free (free for publication),,A:Normal value,102.99021308488
"BIS,WS_CBTA,1.0",M.JP.B.USD._Z.B,M:Monthly,JP:Japan,B:BIS-spliced,USD:US dollar,_Z:Not applicable,B:Adjusted for breaks,US dollar,Billions,1981-03-31,F:Free (free for publication),,A:Normal value,108.18014302689
"BIS,WS_CBTA,1.0",M.JP.B.USD._Z.B,M:Monthly,JP:Japan,B:BIS-spliced,USD:US dollar,_Z:Not applicable,B:Adjusted for breaks,US dollar,Billions,1981-04-30,F:Free (free for publication),,A:Normal value,102.34660180464
"BIS,WS_CBTA,1.0",M.JP.B.USD._Z.B,M:Monthly,JP:Japan,B:BIS-spliced,USD:US dollar,_Z:Not applicable,B:Adjusted for breaks,US dollar,Billions,1981-05-31,F:Free (free for publication),,A:Normal value,100.36949182998
"BIS,WS_CBTA,1.0",M.JP.B.USD._Z.B,M:Monthly,JP:Japan,B:BIS-spliced,USD:US dollar,_Z:Not applicable,B:Adjusted for breaks,US dollar,Billions,1981-06-30,F:Free (free for publication),,A:Normal value,100.21460176991
"BIS,WS_CBTA,1.0",M.JP.B.USD._Z.B,M:Monthly,JP:Japan,B:BIS-spliced,USD:US dollar,_Z:Not applicable,B:Adjusted for breaks,US dollar,Billions,1981-07-31,F:Free (free for publication),,A:Normal value,93.480645664534
"BIS,WS_CBTA,1.0",M.JP.B.USD._Z.B,M:Monthly,JP:Japan,B:BIS-spliced,USD:US dollar,_Z:Not applicable,B:Adjusted for breaks,US dollar,Billions,1981-08-31,F:Free (free for publication),,A:Normal value,98.319126483793
"BIS,WS_CBTA,1.0",M.JP.B.USD._Z.B,M:Monthly,JP:Japan,B:BIS-spliced,USD:US dollar,_Z:Not applicable,B:Adjusted for breaks,US dollar,Billions,1981-09-30,F:Free (free for publication),,A:Normal value,95.434838709677
"BIS,WS_CBTA,1.0",M.JP.B.USD._Z.B,M:Monthly,JP:Japan,B:BIS-spliced,USD:US dollar,_Z:Not applicable,B:Adjusted for breaks,US dollar,Billions,1981-10-31,F:Free (free for publication),,A:Normal value,92.623969140442
"BIS,WS_CBTA,1.0",M.JP.B.USD._Z.B,M:Monthly,JP:Japan,B:BIS-spliced,USD:US dollar,_Z:Not applicable,B:Adjusted for breaks,US dollar,Billions,1981-11-30,F:Free (free for publication),,A:Normal value,106.86074325188
"BIS,WS_CBTA,1.0",M.JP.B.USD._Z.B,M:Monthly,JP:Japan,B:BIS-spliced,USD:US dollar,_Z:Not applicable,B:Adjusted for breaks,US dollar,Billions,1981-12-31,F:Free (free for publication),,A:Normal value,114.13492574174
"BIS,WS_CBTA,1.0",M.JP.B.USD._Z.B,M:Monthly,JP:Japan,B:BIS-spliced,USD:US dollar,_Z:Not applicable,B:Adjusted for breaks,US dollar,Billions,1982-01-31,F:Free (free for publication),,A:Normal value,94.635120791136
"BIS,WS_CBTA,1.0",M.JP.B.USD._Z.B,M:Monthly,JP:Japan,B:BIS-spliced,USD:US dollar,_Z:Not applicable,B:Adjusted for breaks,US dollar,Billions,1982-02-28,F:Free (free for publication),,A:Normal value,93.181030701573
"BIS,WS_CBTA,1.0",M.JP.B.USD._Z.B,M:Monthly,JP:Japan,B:BIS-spliced,USD:US dollar,_Z:Not applicable,B:Adjusted for breaks,US dollar,Billions,1982-03-31,F:Free (free for publication),,A:Normal value,102.99148740789
"BIS,WS_CBTA,1.0",M.JP.B.USD._Z.B,M:Monthly,JP:Japan,B:BIS-spliced,USD:US dollar,_Z:Not applicable,B:Adjusted for breaks,US dollar,Billions,1982-04-30,F:Free (free for publication),,A:Normal value,105.56803445585
"BIS,WS_CBTA,1.0",M.JP.B.USD._Z.B,M:Monthly,JP:Japan,B:BIS-spliced,USD:US dollar,_Z:Not applicable,B:Adjusted for breaks,US dollar,Billions,1982-05-31,F:Free (free for publication),,A:Normal value,100.28727718434
"BIS,WS_CBTA,1.0",M.JP.B.USD._Z.B,M:Monthly,JP:Japan,B:BIS-spliced,USD:US dollar,_Z:Not applicable,B:Adjusted for breaks,US dollar,Billions,1982-06-30,F:Free (free for publication),,A:Normal value,95.864054366063
"BIS,WS_CBTA,1.0",M.JP.B.USD._Z.B,M:Monthly,JP:Japan,B:BIS-spliced,USD:US dollar,_Z:Not applicable,B:Adjusted for breaks,US dollar,Billions,1982-07-31,F:Free (free for publication),,A:Normal value,96.987121436219
"BIS,WS_CBTA,1.0",M.JP.B.USD._Z.B,M:Monthly,JP:Japan,B:BIS-spliced,USD:US dollar,_Z:Not applicable,B:Adjusted for breaks,US dollar,Billions,1982-08-31,F:Free (free for publication),,A:Normal value,90.360749428606
"BIS,WS_CBTA,1.0",M.JP.B.USD._Z.B,M:Monthly,JP:Japan,B:BIS-spliced,USD:US dollar,_Z:Not applicable,B:Adjusted for breaks,US dollar,Billions,1982-09-30,F:Free (free for publication),,A:Normal value,90.440261422285
"BIS,WS_CBTA,1.0",M.JP.B.USD._Z.B,M:Monthly,JP:Japan,B:BIS-spliced,USD:US dollar,_Z:Not applicable,B:Adjusted for breaks,US dollar,Billions,1982-10-31,F:Free (free for publication),,A:Normal value,81.353132316956
"BIS,WS_CBTA,1.0",M.JP.B.USD._Z.B,M:Monthly,JP:Japan,B:BIS-spliced,USD:US dollar,_Z:Not applicable,B:Adjusted for breaks,US dollar,Billions,1982-11-30,F:Free (free for publication),,A:Normal value,90.282540337761
"BIS,WS_CBTA,1.0",M.JP.B.USD._Z.B,M:Monthly,JP:Japan,B:BIS-spliced,USD:US dollar,_Z:Not applicable,B:Adjusted for breaks,US dollar,Billions,1982-12-31,F:Free (free for publication),,A:Normal value,112.45955311889
"BIS,WS_CBTA,1.0",M.JP.B.USD._Z.B,M:Monthly,JP:Japan,B:BIS-spliced,USD:US dollar,_Z:Not applicable,B:Adjusted for breaks,US dollar,Billions,1983-01-31,F:Free (free for publication),,A:Normal value,98.558458437991
"BIS,WS_CBTA,1.0",M.JP.B.USD._Z.B,M:Monthly,JP:Japan,B:BIS-spliced,USD:US dollar,_Z:Not applicable,B:Adjusted for breaks,US dollar,Billions,1983-02-28,F:Free (free for publication),,A:Normal value,102.24220483451
"BIS,WS_CBTA,1.0",M.JP.B.USD._Z.B,M:Monthly,JP:Japan,B:BIS-spliced,USD:US dollar,_Z:Not applicable,B:Adjusted for breaks,US dollar,Billions,1983-03-31,F:Free (free for publication),,A:Normal value,107.85495251358
"BIS,WS_CBTA,1.0",M.JP.B.USD._Z.B,M:Monthly,JP:Japan,B:BIS-spliced,USD:US dollar,_Z:Not applicable,B:Adjusted for breaks,US dollar,Billions,1983-04-30,F:Free (free for publication),,A:Normal value,104.09699682627
"BIS,WS_CBTA,1.0",M.JP.B.USD._Z.B,M:Monthly,JP:Japan,B:BIS-spliced,USD:US dollar,_Z:Not applicable,B:Adjusted for breaks,US dollar,Billions,1983-05-31,F:Free (free for publication),,A:Normal value,105.11324004257
"BIS,WS_CBTA,1.0",M.JP.B.USD._Z.B,M:Monthly,JP:Japan,B:BIS-spliced,USD:US dollar,_Z:Not applicable,B:Adjusted for breaks,US dollar,Billions,1983-06-30,F:Free (free for publication),,A:Normal value,105.57782012544
"BIS,WS_CBTA,1.0",M.JP.B.USD._Z.B,M:Monthly,JP:Japan,B:BIS-spliced,USD:US dollar,_Z:Not applicable,B:Adjusted for breaks,US dollar,Billions,1983-07-31,F:Free (free for publication),,A:Normal value,102.48175357362
"BIS,WS_CBTA,1.0",M.JP.B.USD._Z.B,M:Monthly,JP:Japan,B:BIS-spliced,USD:US dollar,_Z:Not applicable,B:Adjusted for breaks,US dollar,Billions,1983-08-31,F:Free (free for publication),,A:Normal value,99.082696492358
"BIS,WS_CBTA,1.0",M.JP.B.USD._Z.B,M:Monthly,JP:Japan,B:BIS-spliced,USD:US dollar,_Z:Not applicable,B:Adjusted for breaks,US dollar,Billions,1983-09-30,F:Free (free for publication),,A:Normal value,107.03448400003
"BIS,WS_CBTA,1.0",M.JP.B.USD._Z.B,M:Monthly,JP:Japan,B:BIS-spliced,USD:US dollar,_Z:Not applicable,B:Adjusted for breaks,US dollar,Billions,1983-10-31,F:Free (free for publication),,A:Normal value,106.07656384527
"BIS,WS_CBTA,1.0",M.JP.B.USD._Z.B,M:Monthly,JP:Japan,B:BIS-spliced,USD:US dollar,_Z:Not applicable,B:Adjusted for breaks,US dollar,Billions,1983-11-30,F:Free (free for publication),,A:Normal value,104.43987266211
"BIS,WS_CBTA,1.0",M.JP.B.USD._Z.B,M:Monthly,JP:Japan,B:BIS-spliced,USD:US dollar,_Z:Not applicable,B:Adjusted for breaks,US dollar,Billions,1983-12-31,F:Free (free for publication),,A:Normal value,119.55986900246
"BIS,WS_CBTA,1.0",M.JP.B.USD._Z.B,M:Monthly,JP:Japan,B:BIS-spliced,USD:US dollar,_Z:Not applicable,B:Adjusted for breaks,US dollar,Billions,1984-01-31,F:Free (free for publication),,A:Normal value,103.58177391105
"BIS,WS_CBTA,1.0",M.JP.B.USD._Z.B,M:Monthly,JP:Japan,B:BIS-spliced,USD:US dollar,_Z:Not applicable,B:Adjusted for breaks,US dollar,Billions,1984-02-29,F:Free (free for publication),,A:Normal value,107.10515082278
"BIS,WS_CBTA,1.0",M.JP.B.USD._Z.B,M:Monthly,JP:Japan,B:BIS-spliced,USD:US dollar,_Z:Not applicable,B:Adjusted for breaks,US dollar,Billions,1984-03-31,F:Free (free for publication),,A:Normal value,117.01755464682
"BIS,WS_CBTA,1.0",M.JP.B.USD._Z.B,M:Monthly,JP:Japan,B:BIS-spliced,USD:US dollar,_Z:Not applicable,B:Adjusted for breaks,US dollar,Billions,1984-04-30,F:Free (free for publication),,A:Normal value,119.06049034982
"BIS,WS_CBTA,1.0",M.JP.B.USD._Z.B,M:Monthly,JP:Japan,B:BIS-spliced,USD:US dollar,_Z:Not applicable,B:Adjusted for breaks,US dollar,Billions,1984-05-31,F:Free (free for publication),,A:Normal value,108.76016049977
"BIS,WS_CBTA,1.0",M.JP.B.USD._Z.B,M:Monthly,JP:Japan,B:BIS-spliced,USD:US dollar,_Z:Not applicable,B:Adjusted for breaks,US dollar,Billions,1984-06-30,F:Free (free for publication),,A:Normal value,114.7179959709
"BIS,WS_CBTA,1.0",M.JP.B.USD._Z.B,M:Monthly,JP:Japan,B:BIS-spliced,USD:US dollar,_Z:Not applicable,B:Adjusted for breaks,US dollar,Billions,1984-07-31,F:Free (free for publication),,A:Normal value,104.80285813613
"BIS,WS_CBTA,1.0",M.JP.B.USD._Z.B,M:Monthly,JP:Japan,B:BIS-spliced,USD:US dollar,_Z:Not applicable,B:Adjusted for breaks,US dollar,Billions,1984-08-31,F:Free (free for publication),,A:Normal value,104.31955966956
"BIS,WS_CBTA,1.0",M.JP.B.USD._Z.B,M:Monthly,JP:Japan,B:BIS-spliced,USD:US dollar,_Z:Not applicable,B:Adjusted for breaks,US dollar,Billions,1984-09-30,F:Free (free for publication),,A:Normal value,111.37882098091
"BIS,WS_CBTA,1.0",M.JP.B.USD._Z.B,M:Monthly,JP:Japan,B:BIS-spliced,USD:US dollar,_Z:Not applicable,B:Adjusted for breaks,US dollar,Billions,1984-10-31,F:Free (free for publication),,A:Normal value,104.91052904384
"BIS,WS_CBTA,1.0",M.JP.B.USD._Z.B,M:Monthly,JP:Japan,B:BIS-spliced,USD:US dollar,_Z:Not applicable,B:Adjusted for breaks,US dollar,Billions,1984-11-30,F:Free (free for publication),,A:Normal value,109.99245356348
"BIS,WS_CBTA,1.0",M.JP.B.USD._Z.B,M:Monthly,JP:Japan,B:BIS-spliced,USD:US dollar,_Z:Not applicable,B:Adjusted for breaks,US dollar,Billions,1984-12-31,F:Free (free for publication),,A:Normal value,119.81271820027
"BIS,WS_CBTA,1.0",M.JP.B.USD._Z.B,M:Monthly,JP:Japan,B:BIS-spliced,USD:US dollar,_Z:Not applicable,B:Adjusted for breaks,US dollar,Billions,1985-01-31,F:Free (free for publication),,A:Normal value,103.28974505308
"BIS,WS_CBTA,1.0",M.JP.B.USD._Z.B,M:Monthly,JP:Japan,B:BIS-spliced,USD:US dollar,_Z:Not applicable,B:Adjusted for breaks,US dollar,Billions,1985-02-28,F:Free (free for publication),,A:Normal value,104.62871731107
"BIS,WS_CBTA,1.0",M.JP.B.USD._Z.B,M:Monthly,JP:Japan,B:BIS-spliced,USD:US dollar,_Z:Not applicable,B:Adjusted for breaks,US dollar,Billions,1985-03-31,F:Free (free for publication),,A:Normal value,113.53552382566
"BIS,WS_CBTA,1.0",M.JP.B.USD._Z.B,M:Monthly,JP:Japan,B:BIS-spliced,USD:US dollar,_Z:Not applicable,B:Adjusted for breaks,US dollar,Billions,1985-04-30,F:Free (free for publication),,A:Normal value,108.19466576761
"BIS,WS_CBTA,1.0",M.JP.B.USD._Z.B,M:Monthly,JP:Japan,B:BIS-spliced,USD:US dollar,_Z:Not applicable,B:Adjusted for breaks,US dollar,Billions,1985-05-31,F:Free (free for publication),,A:Normal value,110.17842057548
"BIS,WS_CBTA,1.0",M.JP.B.USD._Z.B,M:Monthly,JP:Japan,B:BIS-spliced,USD:US dollar,_Z:Not applicable,B:Adjusted for breaks,US dollar,Billions,1985-06-30,F:Free (free for publication),,A:Normal value,115.6758104167
"BIS,WS_CBTA,1.0",M.JP.B.USD._Z.B,M:Monthly,JP:Japan,B:BIS-spliced,USD:US dollar,_Z:Not applicable,B:Adjusted for breaks,US dollar,Billions,1985-07-31,F:Free (free for publication),,A:Normal value,115.59269741646
"BIS,WS_CBTA,1.0",M.JP.B.USD._Z.B,M:Monthly,JP:Japan,B:BIS-spliced,USD:US dollar,_Z:Not applicable,B:Adjusted for breaks,US dollar,Billions,1985-08-31,F:Free (free for publication),,A:Normal value,110.59189636749
"BIS,WS_CBTA,1.0",M.JP.B.USD._Z.B,M:Monthly,JP:Japan,B:BIS-spliced,USD:US dollar,_Z:Not applicable,B:Adjusted for breaks,US dollar,Billions,1985-09-30,F:Free (free for publication),,A:Normal value,124.69416655762
"BIS,WS_CBTA,1.0",M.JP.B.USD._Z.B,M:Monthly,JP:Japan,B:BIS-spliced,USD:US dollar,_Z:Not applicable,B:Adjusted for breaks,US dollar,Billions,1985-10-31,F:Free (free for publication),,A:Normal value,123.31514658958
"BIS,WS_CBTA,1.0",M.JP.B.USD._Z.B,M:Monthly,JP:Japan,B:BIS-spliced,USD:US dollar,_Z:Not applicable,B:Adjusted for breaks,US dollar,Billions,1985-11-30,F:Free (free for publication),,A:Normal value,138.89821490405
"BIS,WS_CBTA,1.0",M.JP.B.USD._Z.B,M:Monthly,JP:Japan,B:BIS-spliced,USD:US dollar,_Z:Not applicable,B:Adjusted for breaks,US dollar,Billions,1985-12-31,F:Free (free for publication),,A:Normal value,155.06074243387
"BIS,WS_CBTA,1.0",M.JP.B.USD._Z.B,M:Monthly,JP:Japan,B:BIS-spliced,USD:US dollar,_Z:Not applicable,B:Adjusted for breaks,US dollar,Billions,1986-01-31,F:Free (free for publication),,A:Normal value,146.3078942381
"BIS,WS_CBTA,1.0",M.JP.B.USD._Z.B,M:Monthly,JP:Japan,B:BIS-spliced,USD:US dollar,_Z:Not applicable,B:Adjusted for breaks,US dollar,Billions,1986-02-28,F:Free (free for publication),,A:Normal value,156.25078428557
"BIS,WS_CBTA,1.0",M.JP.B.USD._Z.B,M:Monthly,JP:Japan,B:BIS-spliced,USD:US dollar,_Z:Not applicable,B:Adjusted for breaks,US dollar,Billions,1986-03-31,F:Free (free for publication),,A:Normal value,168.43328472252
"BIS,WS_CBTA,1.0",M.JP.B.USD._Z.B,M:Monthly,JP:Japan,B:BIS-spliced,USD:US dollar,_Z:Not applicable,B:Adjusted for breaks,US dollar,Billions,1986-04-30,F:Free (free for publication),,A:Normal value,177.01405272308
"BIS,WS_CBTA,1.0",M.JP.B.USD._Z.B,M:Monthly,JP:Japan,B:BIS-spliced,USD:US dollar,_Z:Not applicable,B:Adjusted for breaks,US dollar,Billions,1986-05-31,F:Free (free for publication),,A:Normal value,165.2062520186
"BIS,WS_CBTA,1.0",M.JP.B.USD._Z.B,M:Monthly,JP:Japan,B:BIS-spliced,USD:US dollar,_Z:Not applicable,B:Adjusted for breaks,US dollar,Billions,1986-06-30,F:Free (free for publication),,A:Normal value,184.84398865556
"BIS,WS_CBTA,1.0",M.JP.B.USD._Z.B,M:Monthly,JP:Japan,B:BIS-spliced,USD:US dollar,_Z:Not applicable,B:Adjusted for breaks,US dollar,Billions,1986-07-31,F:Free (free for publication),,A:Normal value,185.76986341144
"BIS,WS_CBTA,1.0",M.JP.B.USD._Z.B,M:Monthly,JP:Japan,B:BIS-spliced,USD:US dollar,_Z:Not applicable,B:Adjusted for breaks,US dollar,Billions,1986-08-31,F:Free (free for publication),,A:Normal value,184.02026927292
"BIS,WS_CBTA,1.0",M.JP.B.USD._Z.B,M:Monthly,JP:Japan,B:BIS-spliced,USD:US dollar,_Z:Not applicable,B:Adjusted for breaks,US dollar,Billions,1986-09-30,F:Free (free for publication),,A:Normal value,188.27467267304
"BIS,WS_CBTA,1.0",M.JP.B.USD._Z.B,M:Monthly,JP:Japan,B:BIS-spliced,USD:US dollar,_Z:Not applicable,B:Adjusted for breaks,US dollar,Billions,1986-10-31,F:Free (free for publication),,A:Normal value,176.48074496708
"BIS,WS_CBTA,1.0",M.JP.B.USD._Z.B,M:Monthly,JP:Japan,B:BIS-spliced,USD:US dollar,_Z:Not applicable,B:Adjusted for breaks,US dollar,Billions,1986-11-30,F:Free (free for publication),,A:Normal value,172.85200221672
"BIS,WS_CBTA,1.0",M.JP.B.USD._Z.B,M:Monthly,JP:Japan,B:BIS-spliced,USD:US dollar,_Z:Not applicable,B:Adjusted for breaks,US dollar,Billions,1986-12-31,F:Free (free for publication),,A:Normal value,203.80061182236
"BIS,WS_CBTA,1.0",M.JP.B.USD._Z.B,M:Monthly,JP:Japan,B:BIS-spliced,USD:US dollar,_Z:Not applicable,B:Adjusted for breaks,US dollar,Billions,1987-01-31,F:Free (free for publication),,A:Normal value,187.40578442953
"BIS,WS_CBTA,1.0",M.JP.B.USD._Z.B,M:Monthly,JP:Japan,B:BIS-spliced,USD:US dollar,_Z:Not applicable,B:Adjusted for breaks,US dollar,Billions,1987-02-28,F:Free (free for publication),,A:Normal value,195.09193001207
"BIS,WS_CBTA,1.0",M.JP.B.USD._Z.B,M:Monthly,JP:Japan,B:BIS-spliced,USD:US dollar,_Z:Not applicable,B:Adjusted for breaks,US dollar,Billions,1987-03-31,F:Free (free for publication),,A:Normal value,224.39442768839
"BIS,WS_CBTA,1.0",M.JP.B.USD._Z.B,M:Monthly,JP:Japan,B:BIS-spliced,USD:US dollar,_Z:Not applicable,B:Adjusted for breaks,US dollar,Billions,1987-04-30,F:Free (free for publication),,A:Normal value,221.81641295663
"BIS,WS_CBTA,1.0",M.JP.B.USD._Z.B,M:Monthly,JP:Japan,B:BIS-spliced,USD:US dollar,_Z:Not applicable,B:Adjusted for breaks,US dollar,Billions,1987-05-31,F:Free (free for publication),,A:Normal value,210.35453996418
"BIS,WS_CBTA,1.0",M.JP.B.USD._Z.B,M:Monthly,JP:Japan,B:BIS-spliced,USD:US dollar,_Z:Not applicable,B:Adjusted for breaks,US dollar,Billions,1987-06-30,F:Free (free for publication),,A:Normal value,219.35057275393
"BIS,WS_CBTA,1.0",M.JP.B.USD._Z.B,M:Monthly,JP:Japan,B:BIS-spliced,USD:US dollar,_Z:Not applicable,B:Adjusted for breaks,US dollar,Billions,1987-07-31,F:Free (free for publication),,A:Normal value,208.66936228713
"BIS,WS_CBTA,1.0",M.JP.B.USD._Z.B,M:Monthly,JP:Japan,B:BIS-spliced,USD:US dollar,_Z:Not applicable,B:Adjusted for breaks,US dollar,Billions,1987-08-31,F:Free (free for publication),,A:Normal value,214.52118587086
"BIS,WS_CBTA,1.0",M.JP.B.USD._Z.B,M:Monthly,JP:Japan,B:BIS-spliced,USD:US dollar,_Z:Not applicable,B:Adjusted for breaks,US dollar,Billions,1987-09-30,F:Free (free for publication),,A:Normal value,211.13977393918
"BIS,WS_CBTA,1.0",M.JP.B.USD._Z.B,M:Monthly,JP:Japan,B:BIS-spliced,USD:US dollar,_Z:Not applicable,B:Adjusted for breaks,US dollar,Billions,1987-10-31,F:Free (free for publication),,A:Normal value,215.20530329673
"BIS,WS_CBTA,1.0",M.JP.B.USD._Z.B,M:Monthly,JP:Japan,B:BIS-spliced,USD:US dollar,_Z:Not applicable,B:Adjusted for breaks,US dollar,Billions,1987-11-30,F:Free (free for publication),,A:Normal value,232.89473296043
"BIS,WS_CBTA,1.0",M.JP.B.USD._Z.B,M:Monthly,JP:Japan,B:BIS-spliced,USD:US dollar,_Z:Not applicable,B:Adjusted for breaks,US dollar,Billions,1987-12-31,F:Free (free for publication),,A:Normal value,286.04173587032
"BIS,WS_CBTA,1.0",M.JP.B.USD._Z.B,M:Monthly,JP:Japan,B:BIS-spliced,USD:US dollar,_Z:Not applicable,B:Adjusted for breaks,US dollar,Billions,1988-01-31,F:Free (free for publication),,A:Normal value,246.03439019241
"BIS,WS_CBTA,1.0",M.JP.B.USD._Z.B,M:Monthly,JP:Japan,B:BIS-spliced,USD:US dollar,_Z:Not applicable,B:Adjusted for breaks,US dollar,Billions,1988-02-29,F:Free (free for publication),,A:Normal value,252.67951839504
"BIS,WS_CBTA,1.0",M.JP.B.USD._Z.B,M:Monthly,JP:Japan,B:BIS-spliced,USD:US dollar,_Z:Not applicable,B:Adjusted for breaks,US dollar,Billions,1988-03-31,F:Free (free for publication),,A:Normal value,286.55234072946
"BIS,WS_CBTA,1.0",M.JP.B.USD._Z.B,M:Monthly,JP:Japan,B:BIS-spliced,USD:US dollar,_Z:Not applicable,B:Adjusted for breaks,US dollar,Billions,1988-04-30,F:Free (free for publication),,A:Normal value,269.60048388889
"BIS,WS_CBTA,1.0",M.JP.B.USD._Z.B,M:Monthly,JP:Japan,B:BIS-spliced,USD:US dollar,_Z:Not applicable,B:Adjusted for breaks,US dollar,Billions,1988-05-31,F:Free (free for publication),,A:Normal value,261.96836618039
"BIS,WS_CBTA,1.0",M.JP.B.USD._Z.B,M:Monthly,JP:Japan,B:BIS-spliced,USD:US dollar,_Z:Not applicable,B:Adjusted for breaks,US dollar,Billions,1988-06-30,F:Free (free for publication),,A:Normal value,258.7995963219
"BIS,WS_CBTA,1.0",M.JP.B.USD._Z.B,M:Monthly,JP:Japan,B:BIS-spliced,USD:US dollar,_Z:Not applicable,B:Adjusted for breaks,US dollar,Billions,1988-07-31,F:Free (free for publication),,A:Normal value,254.54499059224
"BIS,WS_CBTA,1.0",M.JP.B.USD._Z.B,M:Monthly,JP:Japan,B:BIS-spliced,USD:US dollar,_Z:Not applicable,B:Adjusted for breaks,US dollar,Billions,1988-08-31,F:Free (free for publication),,A:Normal value,246.98740510955
"BIS,WS_CBTA,1.0",M.JP.B.USD._Z.B,M:Monthly,JP:Japan,B:BIS-spliced,USD:US dollar,_Z:Not applicable,B:Adjusted for breaks,US dollar,Billions,1988-09-30,F:Free (free for publication),,A:Normal value,249.43727471594
"BIS,WS_CBTA,1.0",M.JP.B.USD._Z.B,M:Monthly,JP:Japan,B:BIS-spliced,USD:US dollar,_Z:Not applicable,B:Adjusted for breaks,US dollar,Billions,1988-10-31,F:Free (free for publication),,A:Normal value,278.20967267687
"BIS,WS_CBTA,1.0",M.JP.B.USD._Z.B,M:Monthly,JP:Japan,B:BIS-spliced,USD:US dollar,_Z:Not applicable,B:Adjusted for breaks,US dollar,Billions,1988-11-30,F:Free (free for publication),,A:Normal value,282.96645239242
"BIS,WS_CBTA,1.0",M.JP.B.USD._Z.B,M:Monthly,JP:Japan,B:BIS-spliced,USD:US dollar,_Z:Not applicable,B:Adjusted for breaks,US dollar,Billions,1988-12-31,F:Free (free for publication),,A:Normal value,317.40244503526
"BIS,WS_CBTA,1.0",M.JP.B.USD._Z.B,M:Monthly,JP:Japan,B:BIS-spliced,USD:US dollar,_Z:Not applicable,B:Adjusted for breaks,US dollar,Billions,1989-01-31,F:Free (free for publication),,A:Normal value,275.24032011688
"BIS,WS_CBTA,1.0",M.JP.B.USD._Z.B,M:Monthly,JP:Japan,B:BIS-spliced,USD:US dollar,_Z:Not applicable,B:Adjusted for breaks,US dollar,Billions,1989-02-28,F:Free (free for publication),,A:Normal value,293.26959772099
"BIS,WS_CBTA,1.0",M.JP.B.USD._Z.B,M:Monthly,JP:Japan,B:BIS-spliced,USD:US dollar,_Z:Not applicable,B:Adjusted for breaks,US dollar,Billions,1989-03-31,F:Free (free for publication),,A:Normal value,285.96563098429
"BIS,WS_CBTA,1.0",M.JP.B.USD._Z.B,M:Monthly,JP:Japan,B:BIS-spliced,USD:US dollar,_Z:Not applicable,B:Adjusted for breaks,US dollar,Billions,1989-04-30,F:Free (free for publication),,A:Normal value,281.30678908296
"BIS,WS_CBTA,1.0",M.JP.B.USD._Z.B,M:Monthly,JP:Japan,B:BIS-spliced,USD:US dollar,_Z:Not applicable,B:Adjusted for breaks,US dollar,Billions,1989-05-31,F:Free (free for publication),,A:Normal value,252.24853515166
"BIS,WS_CBTA,1.0",M.JP.B.USD._Z.B,M:Monthly,JP:Japan,B:BIS-spliced,USD:US dollar,_Z:Not applicable,B:Adjusted for breaks,US dollar,Billions,1989-06-30,F:Free (free for publication),,A:Normal value,262.43464438
"BIS,WS_CBTA,1.0",M.JP.B.USD._Z.B,M:Monthly,JP:Japan,B:BIS-spliced,USD:US dollar,_Z:Not applicable,B:Adjusted for breaks,US dollar,Billions,1989-07-31,F:Free (free for publication),,A:Normal value,281.44461598693
"BIS,WS_CBTA,1.0",M.JP.B.USD._Z.B,M:Monthly,JP:Japan,B:BIS-spliced,USD:US dollar,_Z:Not applicable,B:Adjusted for breaks,US dollar,Billions,1989-08-31,F:Free (free for publication),,A:Normal value,261.24888271835
"BIS,WS_CBTA,1.0",M.JP.B.USD._Z.B,M:Monthly,JP:Japan,B:BIS-spliced,USD:US dollar,_Z:Not applicable,B:Adjusted for breaks,US dollar,Billions,1989-09-30,F:Free (free for publication),,A:Normal value,268.78027446409
"BIS,WS_CBTA,1.0",M.JP.B.USD._Z.B,M:Monthly,JP:Japan,B:BIS-spliced,USD:US dollar,_Z:Not applicable,B:Adjusted for breaks,US dollar,Billions,1989-10-31,F:Free (free for publication),,A:Normal value,266.07209270235
"BIS,WS_CBTA,1.0",M.JP.B.USD._Z.B,M:Monthly,JP:Japan,B:BIS-spliced,USD:US dollar,_Z:Not applicable,B:Adjusted for breaks,US dollar,Billions,1989-11-30,F:Free (free for publication),,A:Normal value,267.32991946288
"BIS,WS_CBTA,1.0",M.JP.B.USD._Z.B,M:Monthly,JP:Japan,B:BIS-spliced,USD:US dollar,_Z:Not applicable,B:Adjusted for breaks,US dollar,Billions,1989-12-31,F:Free (free for publication),,A:Normal value,314.2802095181
"BIS,WS_CBTA,1.0",M.JP.B.USD._Z.B,M:Monthly,JP:Japan,B:BIS-spliced,USD:US dollar,_Z:Not applicable,B:Adjusted for breaks,US dollar,Billions,1990-01-31,F:Free (free for publication),,A:Normal value,273.95473901989
"BIS,WS_CBTA,1.0",M.JP.B.USD._Z.B,M:Monthly,JP:Japan,B:BIS-spliced,USD:US dollar,_Z:Not applicable,B:Adjusted for breaks,US dollar,Billions,1990-02-28,F:Free (free for publication),,A:Normal value,272.55399885591
"BIS,WS_CBTA,1.0",M.JP.B.USD._Z.B,M:Monthly,JP:Japan,B:BIS-spliced,USD:US dollar,_Z:Not applicable,B:Adjusted for breaks,US dollar,Billions,1990-03-31,F:Free (free for publication),,A:Normal value,290.63267775964
"BIS,WS_CBTA,1.0",M.JP.B.USD._Z.B,M:Monthly,JP:Japan,B:BIS-spliced,USD:US dollar,_Z:Not applicable,B:Adjusted for breaks,US dollar,Billions,1990-04-30,F:Free (free for publication),,A:Normal value,275.22522516013
"BIS,WS_CBTA,1.0",M.JP.B.USD._Z.B,M:Monthly,JP:Japan,B:BIS-spliced,USD:US dollar,_Z:Not applicable,B:Adjusted for breaks,US dollar,Billions,1990-05-31,F:Free (free for publication),,A:Normal value,258.21494037475
"BIS,WS_CBTA,1.0",M.JP.B.USD._Z.B,M:Monthly,JP:Japan,B:BIS-spliced,USD:US dollar,_Z:Not applicable,B:Adjusted for breaks,US dollar,Billions,1990-06-30,F:Free (free for publication),,A:Normal value,280.04993628267
"BIS,WS_CBTA,1.0",M.JP.B.USD._Z.B,M:Monthly,JP:Japan,B:BIS-spliced,USD:US dollar,_Z:Not applicable,B:Adjusted for breaks,US dollar,Billions,1990-07-31,F:Free (free for publication),,A:Normal value,289.02662190595
"BIS,WS_CBTA,1.0",M.JP.B.USD._Z.B,M:Monthly,JP:Japan,B:BIS-spliced,USD:US dollar,_Z:Not applicable,B:Adjusted for breaks,US dollar,Billions,1990-08-31,F:Free (free for publication),,A:Normal value,279.10277819207
"BIS,WS_CBTA,1.0",M.JP.B.USD._Z.B,M:Monthly,JP:Japan,B:BIS-spliced,USD:US dollar,_Z:Not applicable,B:Adjusted for breaks,US dollar,Billions,1990-09-30,F:Free (free for publication),,A:Normal value,305.67226861124
"BIS,WS_CBTA,1.0",M.JP.B.USD._Z.B,M:Monthly,JP:Japan,B:BIS-spliced,USD:US dollar,_Z:Not applicable,B:Adjusted for breaks,US dollar,Billions,1990-10-31,F:Free (free for publication),,A:Normal value,313.09468800581
"BIS,WS_CBTA,1.0",M.JP.B.USD._Z.B,M:Monthly,JP:Japan,B:BIS-spliced,USD:US dollar,_Z:Not applicable,B:Adjusted for breaks,US dollar,Billions,1990-11-30,F:Free (free for publication),,A:Normal value,315.02132640686
"BIS,WS_CBTA,1.0",M.JP.B.USD._Z.B,M:Monthly,JP:Japan,B:BIS-spliced,USD:US dollar,_Z:Not applicable,B:Adjusted for breaks,US dollar,Billions,1990-12-31,F:Free (free for publication),,A:Normal value,362.37748456951
"BIS,WS_CBTA,1.0",M.JP.B.USD._Z.B,M:Monthly,JP:Japan,B:BIS-spliced,USD:US dollar,_Z:Not applicable,B:Adjusted for breaks,US dollar,Billions,1991-01-31,F:Free (free for publication),,A:Normal value,326.16166434043
"BIS,WS_CBTA,1.0",M.JP.B.USD._Z.B,M:Monthly,JP:Japan,B:BIS-spliced,USD:US dollar,_Z:Not applicable,B:Adjusted for breaks,US dollar,Billions,1991-02-28,F:Free (free for publication),,A:Normal value,320.41671482126
"BIS,WS_CBTA,1.0",M.JP.B.USD._Z.B,M:Monthly,JP:Japan,B:BIS-spliced,USD:US dollar,_Z:Not applicable,B:Adjusted for breaks,US dollar,Billions,1991-03-31,F:Free (free for publication),,A:Normal value,317.95282592354
"BIS,WS_CBTA,1.0",M.JP.B.USD._Z.B,M:Monthly,JP:Japan,B:BIS-spliced,USD:US dollar,_Z:Not applicable,B:Adjusted for breaks,US dollar,Billions,1991-04-30,F:Free (free for publication),,A:Normal value,325.00680818383
"BIS,WS_CBTA,1.0",M.JP.B.USD._Z.B,M:Monthly,JP:Japan,B:BIS-spliced,USD:US dollar,_Z:Not applicable,B:Adjusted for breaks,US dollar,Billions,1991-05-31,F:Free (free for publication),,A:Normal value,304.85668414587
"BIS,WS_CBTA,1.0",M.JP.B.USD._Z.B,M:Monthly,JP:Japan,B:BIS-spliced,USD:US dollar,_Z:Not applicable,B:Adjusted for breaks,US dollar,Billions,1991-06-30,F:Free (free for publication),,A:Normal value,327.61713909419
"BIS,WS_CBTA,1.0",M.JP.B.USD._Z.B,M:Monthly,JP:Japan,B:BIS-spliced,USD:US dollar,_Z:Not applicable,B:Adjusted for breaks,US dollar,Billions,1991-07-31,F:Free (free for publication),,A:Normal value,314.11184461959
"BIS,WS_CBTA,1.0",M.JP.B.USD._Z.B,M:Monthly,JP:Japan,B:BIS-spliced,USD:US dollar,_Z:Not applicable,B:Adjusted for breaks,US dollar,Billions,1991-08-31,F:Free (free for publication),,A:Normal value,316.87964688985
"BIS,WS_CBTA,1.0",M.JP.B.USD._Z.B,M:Monthly,JP:Japan,B:BIS-spliced,USD:US dollar,_Z:Not applicable,B:Adjusted for breaks,US dollar,Billions,1991-09-30,F:Free (free for publication),,A:Normal value,324.85886873755
"BIS,WS_CBTA,1.0",M.JP.B.USD._Z.B,M:Monthly,JP:Japan,B:BIS-spliced,USD:US dollar,_Z:Not applicable,B:Adjusted for breaks,US dollar,Billions,1991-10-31,F:Free (free for publication),,A:Normal value,317.73140170801
"BIS,WS_CBTA,1.0",M.JP.B.USD._Z.B,M:Monthly,JP:Japan,B:BIS-spliced,USD:US dollar,_Z:Not applicable,B:Adjusted for breaks,US dollar,Billions,1991-11-30,F:Free (free for publication),,A:Normal value,315.12529521346
"BIS,WS_CBTA,1.0",M.JP.B.USD._Z.B,M:Monthly,JP:Japan,B:BIS-spliced,USD:US dollar,_Z:Not applicable,B:Adjusted for breaks,US dollar,Billions,1991-12-31,F:Free (free for publication),,A:Normal value,396.88963847319
"BIS,WS_CBTA,1.0",M.JP.B.USD._Z.B,M:Monthly,JP:Japan,B:BIS-spliced,USD:US dollar,_Z:Not applicable,B:Adjusted for breaks,US dollar,Billions,1992-01-31,F:Free (free for publication),,A:Normal value,338.23383832835
"BIS,WS_CBTA,1.0",M.JP.B.USD._Z.B,M:Monthly,JP:Japan,B:BIS-spliced,USD:US dollar,_Z:Not applicable,B:Adjusted for breaks,US dollar,Billions,1992-02-29,F:Free (free for publication),,A:Normal value,331.73248534765
"BIS,WS_CBTA,1.0",M.JP.B.USD._Z.B,M:Monthly,JP:Japan,B:BIS-spliced,USD:US dollar,_Z:Not applicable,B:Adjusted for breaks,US dollar,Billions,1992-03-31,F:Free (free for publication),,A:Normal value,337.41915496596
"BIS,WS_CBTA,1.0",M.JP.B.USD._Z.B,M:Monthly,JP:Japan,B:BIS-spliced,USD:US dollar,_Z:Not applicable,B:Adjusted for breaks,US dollar,Billions,1992-04-30,F:Free (free for publication),,A:Normal value,329.56335421071
"BIS,WS_CBTA,1.0",M.JP.B.USD._Z.B,M:Monthly,JP:Japan,B:BIS-spliced,USD:US dollar,_Z:Not applicable,B:Adjusted for breaks,US dollar,Billions,1992-05-31,F:Free (free for publication),,A:Normal value,325.6881957181
"BIS,WS_CBTA,1.0",M.JP.B.USD._Z.B,M:Monthly,JP:Japan,B:BIS-spliced,USD:US dollar,_Z:Not applicable,B:Adjusted for breaks,US dollar,Billions,1992-06-30,F:Free (free for publication),,A:Normal value,351.56325425708
"BIS,WS_CBTA,1.0",M.JP.B.USD._Z.B,M:Monthly,JP:Japan,B:BIS-spliced,USD:US dollar,_Z:Not applicable,B:Adjusted for breaks,US dollar,Billions,1992-07-31,F:Free (free for publication),,A:Normal value,339.8125428829
"BIS,WS_CBTA,1.0",M.JP.B.USD._Z.B,M:Monthly,JP:Japan,B:BIS-spliced,USD:US dollar,_Z:Not applicable,B:Adjusted for breaks,US dollar,Billions,1992-08-31,F:Free (free for publication),,A:Normal value,349.59046698108
"BIS,WS_CBTA,1.0",M.JP.B.USD._Z.B,M:Monthly,JP:Japan,B:BIS-spliced,USD:US dollar,_Z:Not applicable,B:Adjusted for breaks,US dollar,Billions,1992-09-30,F:Free (free for publication),,A:Normal value,359.24084854319
"BIS,WS_CBTA,1.0",M.JP.B.USD._Z.B,M:Monthly,JP:Japan,B:BIS-spliced,USD:US dollar,_Z:Not applicable,B:Adjusted for breaks,US dollar,Billions,1992-10-31,F:Free (free for publication),,A:Normal value,345.72134446738
"BIS,WS_CBTA,1.0",M.JP.B.USD._Z.B,M:Monthly,JP:Japan,B:BIS-spliced,USD:US dollar,_Z:Not applicable,B:Adjusted for breaks,US dollar,Billions,1992-11-30,F:Free (free for publication),,A:Normal value,339.99052662093
"BIS,WS_CBTA,1.0",M.JP.B.USD._Z.B,M:Monthly,JP:Japan,B:BIS-spliced,USD:US dollar,_Z:Not applicable,B:Adjusted for breaks,US dollar,Billions,1992-12-31,F:Free (free for publication),,A:Normal value,384.68078917333
"BIS,WS_CBTA,1.0",M.JP.B.USD._Z.B,M:Monthly,JP:Japan,B:BIS-spliced,USD:US dollar,_Z:Not applicable,B:Adjusted for breaks,US dollar,Billions,1993-01-31,F:Free (free for publication),,A:Normal value,350.36183254394
"BIS,WS_CBTA,1.0",M.JP.B.USD._Z.B,M:Monthly,JP:Japan,B:BIS-spliced,USD:US dollar,_Z:Not applicable,B:Adjusted for breaks,US dollar,Billions,1993-02-28,F:Free (free for publication),,A:Normal value,378.48401121512
"BIS,WS_CBTA,1.0",M.JP.B.USD._Z.B,M:Monthly,JP:Japan,B:BIS-spliced,USD:US dollar,_Z:Not applicable,B:Adjusted for breaks,US dollar,Billions,1993-03-31,F:Free (free for publication),,A:Normal value,398.03563732696
"BIS,WS_CBTA,1.0",M.JP.B.USD._Z.B,M:Monthly,JP:Japan,B:BIS-spliced,USD:US dollar,_Z:Not applicable,B:Adjusted for breaks,US dollar,Billions,1993-04-30,F:Free (free for publication),,A:Normal value,417.47742572009
"BIS,WS_CBTA,1.0",M.JP.B.USD._Z.B,M:Monthly,JP:Japan,B:BIS-spliced,USD:US dollar,_Z:Not applicable,B:Adjusted for breaks,US dollar,Billions,1993-05-31,F:Free (free for publication),,A:Normal value,401.91952794169
"BIS,WS_CBTA,1.0",M.JP.B.USD._Z.B,M:Monthly,JP:Japan,B:BIS-spliced,USD:US dollar,_Z:Not applicable,B:Adjusted for breaks,US dollar,Billions,1993-06-30,F:Free (free for publication),,A:Normal value,427.06562410492
"BIS,WS_CBTA,1.0",M.JP.B.USD._Z.B,M:Monthly,JP:Japan,B:BIS-spliced,USD:US dollar,_Z:Not applicable,B:Adjusted for breaks,US dollar,Billions,1993-07-31,F:Free (free for publication),,A:Normal value,426.02032840374
"BIS,WS_CBTA,1.0",M.JP.B.USD._Z.B,M:Monthly,JP:Japan,B:BIS-spliced,USD:US dollar,_Z:Not applicable,B:Adjusted for breaks,US dollar,Billions,1993-08-31,F:Free (free for publication),,A:Normal value,417.53645633191
"BIS,WS_CBTA,1.0",M.JP.B.USD._Z.B,M:Monthly,JP:Japan,B:BIS-spliced,USD:US dollar,_Z:Not applicable,B:Adjusted for breaks,US dollar,Billions,1993-09-30,F:Free (free for publication),,A:Normal value,410.6875983559
"BIS,WS_CBTA,1.0",M.JP.B.USD._Z.B,M:Monthly,JP:Japan,B:BIS-spliced,USD:US dollar,_Z:Not applicable,B:Adjusted for breaks,US dollar,Billions,1993-10-31,F:Free (free for publication),,A:Normal value,404.79185929225
"BIS,WS_CBTA,1.0",M.JP.B.USD._Z.B,M:Monthly,JP:Japan,B:BIS-spliced,USD:US dollar,_Z:Not applicable,B:Adjusted for breaks,US dollar,Billions,1993-11-30,F:Free (free for publication),,A:Normal value,395.7221312442
"BIS,WS_CBTA,1.0",M.JP.B.USD._Z.B,M:Monthly,JP:Japan,B:BIS-spliced,USD:US dollar,_Z:Not applicable,B:Adjusted for breaks,US dollar,Billions,1993-12-31,F:Free (free for publication),,A:Normal value,448.75547678479
"BIS,WS_CBTA,1.0",M.JP.B.USD._Z.B,M:Monthly,JP:Japan,B:BIS-spliced,USD:US dollar,_Z:Not applicable,B:Adjusted for breaks,US dollar,Billions,1994-01-31,F:Free (free for publication),,A:Normal value,414.36643360194
"BIS,WS_CBTA,1.0",M.JP.B.USD._Z.B,M:Monthly,JP:Japan,B:BIS-spliced,USD:US dollar,_Z:Not applicable,B:Adjusted for breaks,US dollar,Billions,1994-02-28,F:Free (free for publication),,A:Normal value,439.14169827713
"BIS,WS_CBTA,1.0",M.JP.B.USD._Z.B,M:Monthly,JP:Japan,B:BIS-spliced,USD:US dollar,_Z:Not applicable,B:Adjusted for breaks,US dollar,Billions,1994-03-31,F:Free (free for publication),,A:Normal value,493.14907279895
"BIS,WS_CBTA,1.0",M.JP.B.USD._Z.B,M:Monthly,JP:Japan,B:BIS-spliced,USD:US dollar,_Z:Not applicable,B:Adjusted for breaks,US dollar,Billions,1994-04-30,F:Free (free for publication),,A:Normal value,461.05778457039
"BIS,WS_CBTA,1.0",M.JP.B.USD._Z.B,M:Monthly,JP:Japan,B:BIS-spliced,USD:US dollar,_Z:Not applicable,B:Adjusted for breaks,US dollar,Billions,1994-05-31,F:Free (free for publication),,A:Normal value,417.19027891072
"BIS,WS_CBTA,1.0",M.JP.B.USD._Z.B,M:Monthly,JP:Japan,B:BIS-spliced,USD:US dollar,_Z:Not applicable,B:Adjusted for breaks,US dollar,Billions,1994-06-30,F:Free (free for publication),,A:Normal value,481.04888756454
"BIS,WS_CBTA,1.0",M.JP.B.USD._Z.B,M:Monthly,JP:Japan,B:BIS-spliced,USD:US dollar,_Z:Not applicable,B:Adjusted for breaks,US dollar,Billions,1994-07-31,F:Free (free for publication),,A:Normal value,480.20552898899
"BIS,WS_CBTA,1.0",M.JP.B.USD._Z.B,M:Monthly,JP:Japan,B:BIS-spliced,USD:US dollar,_Z:Not applicable,B:Adjusted for breaks,US dollar,Billions,1994-08-31,F:Free (free for publication),,A:Normal value,474.02989713687
"BIS,WS_CBTA,1.0",M.JP.B.USD._Z.B,M:Monthly,JP:Japan,B:BIS-spliced,USD:US dollar,_Z:Not applicable,B:Adjusted for breaks,US dollar,Billions,1994-09-30,F:Free (free for publication),,A:Normal value,465.5384174274
"BIS,WS_CBTA,1.0",M.JP.B.USD._Z.B,M:Monthly,JP:Japan,B:BIS-spliced,USD:US dollar,_Z:Not applicable,B:Adjusted for breaks,US dollar,Billions,1994-10-31,F:Free (free for publication),,A:Normal value,469.92035617067
"BIS,WS_CBTA,1.0",M.JP.B.USD._Z.B,M:Monthly,JP:Japan,B:BIS-spliced,USD:US dollar,_Z:Not applicable,B:Adjusted for breaks,US dollar,Billions,1994-11-30,F:Free (free for publication),,A:Normal value,448.67987899621
"BIS,WS_CBTA,1.0",M.JP.B.USD._Z.B,M:Monthly,JP:Japan,B:BIS-spliced,USD:US dollar,_Z:Not applicable,B:Adjusted for breaks,US dollar,Billions,1994-12-31,F:Free (free for publication),,A:Normal value,505.53491928626
"BIS,WS_CBTA,1.0",M.JP.B.USD._Z.B,M:Monthly,JP:Japan,B:BIS-spliced,USD:US dollar,_Z:Not applicable,B:Adjusted for breaks,US dollar,Billions,1995-01-31,F:Free (free for publication),,A:Normal value,466.00904652507
"BIS,WS_CBTA,1.0",M.JP.B.USD._Z.B,M:Monthly,JP:Japan,B:BIS-spliced,USD:US dollar,_Z:Not applicable,B:Adjusted for breaks,US dollar,Billions,1995-02-28,F:Free (free for publication),,A:Normal value,483.04611732779
"BIS,WS_CBTA,1.0",M.JP.B.USD._Z.B,M:Monthly,JP:Japan,B:BIS-spliced,USD:US dollar,_Z:Not applicable,B:Adjusted for breaks,US dollar,Billions,1995-03-31,F:Free (free for publication),,A:Normal value,556.77441962226
"BIS,WS_CBTA,1.0",M.JP.B.USD._Z.B,M:Monthly,JP:Japan,B:BIS-spliced,USD:US dollar,_Z:Not applicable,B:Adjusted for breaks,US dollar,Billions,1995-04-30,F:Free (free for publication),,A:Normal value,597.05790657722
"BIS,WS_CBTA,1.0",M.JP.B.USD._Z.B,M:Monthly,JP:Japan,B:BIS-spliced,USD:US dollar,_Z:Not applicable,B:Adjusted for breaks,US dollar,Billions,1995-05-31,F:Free (free for publication),,A:Normal value,574.84318983484
"BIS,WS_CBTA,1.0",M.JP.B.USD._Z.B,M:Monthly,JP:Japan,B:BIS-spliced,USD:US dollar,_Z:Not applicable,B:Adjusted for breaks,US dollar,Billions,1995-06-30,F:Free (free for publication),,A:Normal value,588.72914899919
"BIS,WS_CBTA,1.0",M.JP.B.USD._Z.B,M:Monthly,JP:Japan,B:BIS-spliced,USD:US dollar,_Z:Not applicable,B:Adjusted for breaks,US dollar,Billions,1995-07-31,F:Free (free for publication),,A:Normal value,553.01507804624
"BIS,WS_CBTA,1.0",M.JP.B.USD._Z.B,M:Monthly,JP:Japan,B:BIS-spliced,USD:US dollar,_Z:Not applicable,B:Adjusted for breaks,US dollar,Billions,1995-08-31,F:Free (free for publication),,A:Normal value,485.13975986786
"BIS,WS_CBTA,1.0",M.JP.B.USD._Z.B,M:Monthly,JP:Japan,B:BIS-spliced,USD:US dollar,_Z:Not applicable,B:Adjusted for breaks,US dollar,Billions,1995-09-30,F:Free (free for publication),,A:Normal value,482.70834564732
"BIS,WS_CBTA,1.0",M.JP.B.USD._Z.B,M:Monthly,JP:Japan,B:BIS-spliced,USD:US dollar,_Z:Not applicable,B:Adjusted for breaks,US dollar,Billions,1995-10-31,F:Free (free for publication),,A:Normal value,473.72023059268
"BIS,WS_CBTA,1.0",M.JP.B.USD._Z.B,M:Monthly,JP:Japan,B:BIS-spliced,USD:US dollar,_Z:Not applicable,B:Adjusted for breaks,US dollar,Billions,1995-11-30,F:Free (free for publication),,A:Normal value,510.71444930834
"BIS,WS_CBTA,1.0",M.JP.B.USD._Z.B,M:Monthly,JP:Japan,B:BIS-spliced,USD:US dollar,_Z:Not applicable,B:Adjusted for breaks,US dollar,Billions,1995-12-31,F:Free (free for publication),,A:Normal value,526.27562577776
"BIS,WS_CBTA,1.0",M.JP.B.USD._Z.B,M:Monthly,JP:Japan,B:BIS-spliced,USD:US dollar,_Z:Not applicable,B:Adjusted for breaks,US dollar,Billions,1996-01-31,F:Free (free for publication),,A:Normal value,452.90225612335
"BIS,WS_CBTA,1.0",M.JP.B.USD._Z.B,M:Monthly,JP:Japan,B:BIS-spliced,USD:US dollar,_Z:Not applicable,B:Adjusted for breaks,US dollar,Billions,1996-02-29,F:Free (free for publication),,A:Normal value,471.76032449675
"BIS,WS_CBTA,1.0",M.JP.B.USD._Z.B,M:Monthly,JP:Japan,B:BIS-spliced,USD:US dollar,_Z:Not applicable,B:Adjusted for breaks,US dollar,Billions,1996-03-31,F:Free (free for publication),,A:Normal value,541.42030022594
"BIS,WS_CBTA,1.0",M.JP.B.USD._Z.B,M:Monthly,JP:Japan,B:BIS-spliced,USD:US dollar,_Z:Not applicable,B:Adjusted for breaks,US dollar,Billions,1996-04-30,F:Free (free for publication),,A:Normal value,500.75287154406
"BIS,WS_CBTA,1.0",M.JP.B.USD._Z.B,M:Monthly,JP:Japan,B:BIS-spliced,USD:US dollar,_Z:Not applicable,B:Adjusted for breaks,US dollar,Billions,1996-05-31,F:Free (free for publication),,A:Normal value,474.00278650278
"BIS,WS_CBTA,1.0",M.JP.B.USD._Z.B,M:Monthly,JP:Japan,B:BIS-spliced,USD:US dollar,_Z:Not applicable,B:Adjusted for breaks,US dollar,Billions,1996-06-30,F:Free (free for publication),,A:Normal value,491.20776508963
"BIS,WS_CBTA,1.0",M.JP.B.USD._Z.B,M:Monthly,JP:Japan,B:BIS-spliced,USD:US dollar,_Z:Not applicable,B:Adjusted for breaks,US dollar,Billions,1996-07-31,F:Free (free for publication),,A:Normal value,478.44766804681
"BIS,WS_CBTA,1.0",M.JP.B.USD._Z.B,M:Monthly,JP:Japan,B:BIS-spliced,USD:US dollar,_Z:Not applicable,B:Adjusted for breaks,US dollar,Billions,1996-08-31,F:Free (free for publication),,A:Normal value,472.93433277517
"BIS,WS_CBTA,1.0",M.JP.B.USD._Z.B,M:Monthly,JP:Japan,B:BIS-spliced,USD:US dollar,_Z:Not applicable,B:Adjusted for breaks,US dollar,Billions,1996-09-30,F:Free (free for publication),,A:Normal value,477.15402295094
"BIS,WS_CBTA,1.0",M.JP.B.USD._Z.B,M:Monthly,JP:Japan,B:BIS-spliced,USD:US dollar,_Z:Not applicable,B:Adjusted for breaks,US dollar,Billions,1996-10-31,F:Free (free for publication),,A:Normal value,465.54318485237
"BIS,WS_CBTA,1.0",M.JP.B.USD._Z.B,M:Monthly,JP:Japan,B:BIS-spliced,USD:US dollar,_Z:Not applicable,B:Adjusted for breaks,US dollar,Billions,1996-11-30,F:Free (free for publication),,A:Normal value,486.91744912332
"BIS,WS_CBTA,1.0",M.JP.B.USD._Z.B,M:Monthly,JP:Japan,B:BIS-spliced,USD:US dollar,_Z:Not applicable,B:Adjusted for breaks,US dollar,Billions,1996-12-31,F:Free (free for publication),,A:Normal value,532.32552097658
"BIS,WS_CBTA,1.0",M.JP.B.USD._Z.B,M:Monthly,JP:Japan,B:BIS-spliced,USD:US dollar,_Z:Not applicable,B:Adjusted for breaks,US dollar,Billions,1997-01-31,F:Free (free for publication),,A:Normal value,453.23345960207
"BIS,WS_CBTA,1.0",M.JP.B.USD._Z.B,M:Monthly,JP:Japan,B:BIS-spliced,USD:US dollar,_Z:Not applicable,B:Adjusted for breaks,US dollar,Billions,1997-02-28,F:Free (free for publication),,A:Normal value,458.19667605688
"BIS,WS_CBTA,1.0",M.JP.B.USD._Z.B,M:Monthly,JP:Japan,B:BIS-spliced,USD:US dollar,_Z:Not applicable,B:Adjusted for breaks,US dollar,Billions,1997-03-31,F:Free (free for publication),,A:Normal value,505.10552167732
"BIS,WS_CBTA,1.0",M.JP.B.USD._Z.B,M:Monthly,JP:Japan,B:BIS-spliced,USD:US dollar,_Z:Not applicable,B:Adjusted for breaks,US dollar,Billions,1997-04-30,F:Free (free for publication),,A:Normal value,470.15956297316
"BIS,WS_CBTA,1.0",M.JP.B.USD._Z.B,M:Monthly,JP:Japan,B:BIS-spliced,USD:US dollar,_Z:Not applicable,B:Adjusted for breaks,US dollar,Billions,1997-05-31,F:Free (free for publication),,A:Normal value,487.3616192821
"BIS,WS_CBTA,1.0",M.JP.B.USD._Z.B,M:Monthly,JP:Japan,B:BIS-spliced,USD:US dollar,_Z:Not applicable,B:Adjusted for breaks,US dollar,Billions,1997-06-30,F:Free (free for publication),,A:Normal value,536.35750739932
"BIS,WS_CBTA,1.0",M.JP.B.USD._Z.B,M:Monthly,JP:Japan,B:BIS-spliced,USD:US dollar,_Z:Not applicable,B:Adjusted for breaks,US dollar,Billions,1997-07-31,F:Free (free for publication),,A:Normal value,477.52225340404
"BIS,WS_CBTA,1.0",M.JP.B.USD._Z.B,M:Monthly,JP:Japan,B:BIS-spliced,USD:US dollar,_Z:Not applicable,B:Adjusted for breaks,US dollar,Billions,1997-08-31,F:Free (free for publication),,A:Normal value,476.52868755591
"BIS,WS_CBTA,1.0",M.JP.B.USD._Z.B,M:Monthly,JP:Japan,B:BIS-spliced,USD:US dollar,_Z:Not applicable,B:Adjusted for breaks,US dollar,Billions,1997-09-30,F:Free (free for publication),,A:Normal value,466.45438412764
"BIS,WS_CBTA,1.0",M.JP.B.USD._Z.B,M:Monthly,JP:Japan,B:BIS-spliced,USD:US dollar,_Z:Not applicable,B:Adjusted for breaks,US dollar,Billions,1997-10-31,F:Free (free for publication),,A:Normal value,483.63516247653
"BIS,WS_CBTA,1.0",M.JP.B.USD._Z.B,M:Monthly,JP:Japan,B:BIS-spliced,USD:US dollar,_Z:Not applicable,B:Adjusted for breaks,US dollar,Billions,1997-11-30,F:Free (free for publication),,A:Normal value,509.62574888551
"BIS,WS_CBTA,1.0",M.JP.B.USD._Z.B,M:Monthly,JP:Japan,B:BIS-spliced,USD:US dollar,_Z:Not applicable,B:Adjusted for breaks,US dollar,Billions,1997-12-31,F:Free (free for publication),,A:Normal value,549.1723282022
"BIS,WS_CBTA,1.0",M.JP.B.USD._Z.B,M:Monthly,JP:Japan,B:BIS-spliced,USD:US dollar,_Z:Not applicable,B:Adjusted for breaks,US dollar,Billions,1998-01-31,F:Free (free for publication),,A:Normal value,546.82136632744
"BIS,WS_CBTA,1.0",M.JP.B.USD._Z.B,M:Monthly,JP:Japan,B:BIS-spliced,USD:US dollar,_Z:Not applicable,B:Adjusted for breaks,US dollar,Billions,1998-02-28,F:Free (free for publication),,A:Normal value,622.10926365796
"BIS,WS_CBTA,1.0",M.JP.B.USD._Z.B,M:Monthly,JP:Japan,B:BIS-spliced,USD:US dollar,_Z:Not applicable,B:Adjusted for breaks,US dollar,Billions,1998-03-31,F:Free (free for publication),,A:Normal value,688.88680436015
"BIS,WS_CBTA,1.0",M.JP.B.USD._Z.B,M:Monthly,JP:Japan,B:BIS-spliced,USD:US dollar,_Z:Not applicable,B:Adjusted for breaks,US dollar,Billions,1998-04-30,F:Free (free for publication),,A:Normal value,605.9580394424
"BIS,WS_CBTA,1.0",M.JP.B.USD._Z.B,M:Monthly,JP:Japan,B:BIS-spliced,USD:US dollar,_Z:Not applicable,B:Adjusted for breaks,US dollar,Billions,1998-05-31,F:Free (free for publication),,A:Normal value,556.91824315255
"BIS,WS_CBTA,1.0",M.JP.B.USD._Z.B,M:Monthly,JP:Japan,B:BIS-spliced,USD:US dollar,_Z:Not applicable,B:Adjusted for breaks,US dollar,Billions,1998-06-30,F:Free (free for publication),,A:Normal value,542.73403548091
"BIS,WS_CBTA,1.0",M.JP.B.USD._Z.B,M:Monthly,JP:Japan,B:BIS-spliced,USD:US dollar,_Z:Not applicable,B:Adjusted for breaks,US dollar,Billions,1998-07-31,F:Free (free for publication),,A:Normal value,502.13265051473
"BIS,WS_CBTA,1.0",M.JP.B.USD._Z.B,M:Monthly,JP:Japan,B:BIS-spliced,USD:US dollar,_Z:Not applicable,B:Adjusted for breaks,US dollar,Billions,1998-08-31,F:Free (free for publication),,A:Normal value,537.73316864879
"BIS,WS_CBTA,1.0",M.JP.B.USD._Z.B,M:Monthly,JP:Japan,B:BIS-spliced,USD:US dollar,_Z:Not applicable,B:Adjusted for breaks,US dollar,Billions,1998-09-30,F:Free (free for publication),,A:Normal value,578.69631325388
"BIS,WS_CBTA,1.0",M.JP.B.USD._Z.B,M:Monthly,JP:Japan,B:BIS-spliced,USD:US dollar,_Z:Not applicable,B:Adjusted for breaks,US dollar,Billions,1998-10-31,F:Free (free for publication),,A:Normal value,666.98165373787
"BIS,WS_CBTA,1.0",M.JP.B.USD._Z.B,M:Monthly,JP:Japan,B:BIS-spliced,USD:US dollar,_Z:Not applicable,B:Adjusted for breaks,US dollar,Billions,1998-11-30,F:Free (free for publication),,A:Normal value,717.77989971117
"BIS,WS_CBTA,1.0",M.JP.B.USD._Z.B,M:Monthly,JP:Japan,B:BIS-spliced,USD:US dollar,_Z:Not applicable,B:Adjusted for breaks,US dollar,Billions,1998-12-31,F:Free (free for publication),,A:Normal value,801.59766732937
"BIS,WS_CBTA,1.0",M.JP.B.USD._Z.B,M:Monthly,JP:Japan,B:BIS-spliced,USD:US dollar,_Z:Not applicable,B:Adjusted for breaks,US dollar,Billions,1999-01-31,F:Free (free for publication),,A:Normal value,686.99380841388
"BIS,WS_CBTA,1.0",M.JP.B.USD._Z.B,M:Monthly,JP:Japan,B:BIS-spliced,USD:US dollar,_Z:Not applicable,B:Adjusted for breaks,US dollar,Billions,1999-02-28,F:Free (free for publication),,A:Normal value,634.16379869096
"BIS,WS_CBTA,1.0",M.JP.B.USD._Z.B,M:Monthly,JP:Japan,B:BIS-spliced,USD:US dollar,_Z:Not applicable,B:Adjusted for breaks,US dollar,Billions,1999-03-31,F:Free (free for publication),,A:Normal value,670.22986283052
"BIS,WS_CBTA,1.0",M.JP.B.USD._Z.B,M:Monthly,JP:Japan,B:BIS-spliced,USD:US dollar,_Z:Not applicable,B:Adjusted for breaks,US dollar,Billions,1999-04-30,F:Free (free for publication),,A:Normal value,660.66491222991
"BIS,WS_CBTA,1.0",M.JP.B.USD._Z.B,M:Monthly,JP:Japan,B:BIS-spliced,USD:US dollar,_Z:Not applicable,B:Adjusted for breaks,US dollar,Billions,1999-05-31,F:Free (free for publication),,A:Normal value,612.28356211568
"BIS,WS_CBTA,1.0",M.JP.B.USD._Z.B,M:Monthly,JP:Japan,B:BIS-spliced,USD:US dollar,_Z:Not applicable,B:Adjusted for breaks,US dollar,Billions,1999-06-30,F:Free (free for publication),,A:Normal value,607.50930823202
"BIS,WS_CBTA,1.0",M.JP.B.USD._Z.B,M:Monthly,JP:Japan,B:BIS-spliced,USD:US dollar,_Z:Not applicable,B:Adjusted for breaks,US dollar,Billions,1999-07-31,F:Free (free for publication),,A:Normal value,595.79530046837
"BIS,WS_CBTA,1.0",M.JP.B.USD._Z.B,M:Monthly,JP:Japan,B:BIS-spliced,USD:US dollar,_Z:Not applicable,B:Adjusted for breaks,US dollar,Billions,1999-08-31,F:Free (free for publication),,A:Normal value,622.52301414386
"BIS,WS_CBTA,1.0",M.JP.B.USD._Z.B,M:Monthly,JP:Japan,B:BIS-spliced,USD:US dollar,_Z:Not applicable,B:Adjusted for breaks,US dollar,Billions,1999-09-30,F:Free (free for publication),,A:Normal value,651.43584389598
"BIS,WS_CBTA,1.0",M.JP.B.USD._Z.B,M:Monthly,JP:Japan,B:BIS-spliced,USD:US dollar,_Z:Not applicable,B:Adjusted for breaks,US dollar,Billions,1999-10-31,F:Free (free for publication),,A:Normal value,648.66401713624
"BIS,WS_CBTA,1.0",M.JP.B.USD._Z.B,M:Monthly,JP:Japan,B:BIS-spliced,USD:US dollar,_Z:Not applicable,B:Adjusted for breaks,US dollar,Billions,1999-11-30,F:Free (free for publication),,A:Normal value,824.92294077419
"BIS,WS_CBTA,1.0",M.JP.B.USD._Z.B,M:Monthly,JP:Japan,B:BIS-spliced,USD:US dollar,_Z:Not applicable,B:Adjusted for breaks,US dollar,Billions,1999-12-31,F:Free (free for publication),,A:Normal value,1088.8737435581
"BIS,WS_CBTA,1.0",M.JP.B.USD._Z.B,M:Monthly,JP:Japan,B:BIS-spliced,USD:US dollar,_Z:Not applicable,B:Adjusted for breaks,US dollar,Billions,2000-01-31,F:Free (free for publication),,A:Normal value,847.19102509514
"BIS,WS_CBTA,1.0",M.JP.B.USD._Z.B,M:Monthly,JP:Japan,B:BIS-spliced,USD:US dollar,_Z:Not applicable,B:Adjusted for breaks,US dollar,Billions,2000-02-29,F:Free (free for publication),,A:Normal value,855.88424797284
"BIS,WS_CBTA,1.0",M.JP.B.USD._Z.B,M:Monthly,JP:Japan,B:BIS-spliced,USD:US dollar,_Z:Not applicable,B:Adjusted for breaks,US dollar,Billions,2000-03-31,F:Free (free for publication),,A:Normal value,1029.6811505679
"BIS,WS_CBTA,1.0",M.JP.B.USD._Z.B,M:Monthly,JP:Japan,B:BIS-spliced,USD:US dollar,_Z:Not applicable,B:Adjusted for breaks,US dollar,Billions,2000-04-30,F:Free (free for publication),,A:Normal value,743.06222132685
"BIS,WS_CBTA,1.0",M.JP.B.USD._Z.B,M:Monthly,JP:Japan,B:BIS-spliced,USD:US dollar,_Z:Not applicable,B:Adjusted for breaks,US dollar,Billions,2000-05-31,F:Free (free for publication),,A:Normal value,780.84390315698
"BIS,WS_CBTA,1.0",M.JP.B.USD._Z.B,M:Monthly,JP:Japan,B:BIS-spliced,USD:US dollar,_Z:Not applicable,B:Adjusted for breaks,US dollar,Billions,2000-06-30,F:Free (free for publication),,A:Normal value,795.48830613832
"BIS,WS_CBTA,1.0",M.JP.B.USD._Z.B,M:Monthly,JP:Japan,B:BIS-spliced,USD:US dollar,_Z:Not applicable,B:Adjusted for breaks,US dollar,Billions,2000-07-31,F:Free (free for publication),,A:Normal value,739.00090542796
"BIS,WS_CBTA,1.0",M.JP.B.USD._Z.B,M:Monthly,JP:Japan,B:BIS-spliced,USD:US dollar,_Z:Not applicable,B:Adjusted for breaks,US dollar,Billions,2000-08-31,F:Free (free for publication),,A:Normal value,832.04518823771
"BIS,WS_CBTA,1.0",M.JP.B.USD._Z.B,M:Monthly,JP:Japan,B:BIS-spliced,USD:US dollar,_Z:Not applicable,B:Adjusted for breaks,US dollar,Billions,2000-09-30,F:Free (free for publication),,A:Normal value,787.86215714589
"BIS,WS_CBTA,1.0",M.JP.B.USD._Z.B,M:Monthly,JP:Japan,B:BIS-spliced,USD:US dollar,_Z:Not applicable,B:Adjusted for breaks,US dollar,Billions,2000-10-31,F:Free (free for publication),,A:Normal value,843.70439866027
"BIS,WS_CBTA,1.0",M.JP.B.USD._Z.B,M:Monthly,JP:Japan,B:BIS-spliced,USD:US dollar,_Z:Not applicable,B:Adjusted for breaks,US dollar,Billions,2000-11-30,F:Free (free for publication),,A:Normal value,949.16822740497
"BIS,WS_CBTA,1.0",M.JP.B.USD._Z.B,M:Monthly,JP:Japan,B:BIS-spliced,USD:US dollar,_Z:Not applicable,B:Adjusted for breaks,US dollar,Billions,2000-12-31,F:Free (free for publication),,A:Normal value,929.4225935094
"BIS,WS_CBTA,1.0",M.JP.B.USD._Z.B,M:Monthly,JP:Japan,B:BIS-spliced,USD:US dollar,_Z:Not applicable,B:Adjusted for breaks,US dollar,Billions,2001-01-31,F:Free (free for publication),,A:Normal value,929.11649897584
"BIS,WS_CBTA,1.0",M.JP.B.USD._Z.B,M:Monthly,JP:Japan,B:BIS-spliced,USD:US dollar,_Z:Not applicable,B:Adjusted for breaks,US dollar,Billions,2001-02-28,F:Free (free for publication),,A:Normal value,939.85944182722
"BIS,WS_CBTA,1.0",M.JP.B.USD._Z.B,M:Monthly,JP:Japan,B:BIS-spliced,USD:US dollar,_Z:Not applicable,B:Adjusted for breaks,US dollar,Billions,2001-03-31,F:Free (free for publication),,A:Normal value,917.94020852452
"BIS,WS_CBTA,1.0",M.JP.B.USD._Z.B,M:Monthly,JP:Japan,B:BIS-spliced,USD:US dollar,_Z:Not applicable,B:Adjusted for breaks,US dollar,Billions,2001-04-30,F:Free (free for publication),,A:Normal value,909.09518386233
"BIS,WS_CBTA,1.0",M.JP.B.USD._Z.B,M:Monthly,JP:Japan,B:BIS-spliced,USD:US dollar,_Z:Not applicable,B:Adjusted for breaks,US dollar,Billions,2001-05-31,F:Free (free for publication),,A:Normal value,955.59188577853
"BIS,WS_CBTA,1.0",M.JP.B.USD._Z.B,M:Monthly,JP:Japan,B:BIS-spliced,USD:US dollar,_Z:Not applicable,B:Adjusted for breaks,US dollar,Billions,2001-06-30,F:Free (free for publication),,A:Normal value,941.05627385805
"BIS,WS_CBTA,1.0",M.JP.B.USD._Z.B,M:Monthly,JP:Japan,B:BIS-spliced,USD:US dollar,_Z:Not applicable,B:Adjusted for breaks,US dollar,Billions,2001-07-31,F:Free (free for publication),,A:Normal value,932.19443145635
"BIS,WS_CBTA,1.0",M.JP.B.USD._Z.B,M:Monthly,JP:Japan,B:BIS-spliced,USD:US dollar,_Z:Not applicable,B:Adjusted for breaks,US dollar,Billions,2001-08-31,F:Free (free for publication),,A:Normal value,955.73781403774
"BIS,WS_CBTA,1.0",M.JP.B.USD._Z.B,M:Monthly,JP:Japan,B:BIS-spliced,USD:US dollar,_Z:Not applicable,B:Adjusted for breaks,US dollar,Billions,2001-09-30,F:Free (free for publication),,A:Normal value,968.34162865112
"BIS,WS_CBTA,1.0",M.JP.B.USD._Z.B,M:Monthly,JP:Japan,B:BIS-spliced,USD:US dollar,_Z:Not applicable,B:Adjusted for breaks,US dollar,Billions,2001-10-31,F:Free (free for publication),,A:Normal value,907.12551953303
"BIS,WS_CBTA,1.0",M.JP.B.USD._Z.B,M:Monthly,JP:Japan,B:BIS-spliced,USD:US dollar,_Z:Not applicable,B:Adjusted for breaks,US dollar,Billions,2001-11-30,F:Free (free for publication),,A:Normal value,916.75594377871
"BIS,WS_CBTA,1.0",M.JP.B.USD._Z.B,M:Monthly,JP:Japan,B:BIS-spliced,USD:US dollar,_Z:Not applicable,B:Adjusted for breaks,US dollar,Billions,2001-12-31,F:Free (free for publication),,A:Normal value,897.94253320313
"BIS,WS_CBTA,1.0",M.JP.B.USD._Z.B,M:Monthly,JP:Japan,B:BIS-spliced,USD:US dollar,_Z:Not applicable,B:Adjusted for breaks,US dollar,Billions,2002-01-31,F:Free (free for publication),,A:Normal value,921.73269226462
"BIS,WS_CBTA,1.0",M.JP.B.USD._Z.B,M:Monthly,JP:Japan,B:BIS-spliced,USD:US dollar,_Z:Not applicable,B:Adjusted for breaks,US dollar,Billions,2002-02-28,F:Free (free for publication),,A:Normal value,979.00073533873
"BIS,WS_CBTA,1.0",M.JP.B.USD._Z.B,M:Monthly,JP:Japan,B:BIS-spliced,USD:US dollar,_Z:Not applicable,B:Adjusted for breaks,US dollar,Billions,2002-03-31,F:Free (free for publication),,A:Normal value,1046.5235188497
"BIS,WS_CBTA,1.0",M.JP.B.USD._Z.B,M:Monthly,JP:Japan,B:BIS-spliced,USD:US dollar,_Z:Not applicable,B:Adjusted for breaks,US dollar,Billions,2002-04-30,F:Free (free for publication),,A:Normal value,1034.3654500285
"BIS,WS_CBTA,1.0",M.JP.B.USD._Z.B,M:Monthly,JP:Japan,B:BIS-spliced,USD:US dollar,_Z:Not applicable,B:Adjusted for breaks,US dollar,Billions,2002-05-31,F:Free (free for publication),,A:Normal value,1031.8949517353
"BIS,WS_CBTA,1.0",M.JP.B.USD._Z.B,M:Monthly,JP:Japan,B:BIS-spliced,USD:US dollar,_Z:Not applicable,B:Adjusted for breaks,US dollar,Billions,2002-06-30,F:Free (free for publication),,A:Normal value,1047.45347998
"BIS,WS_CBTA,1.0",M.JP.B.USD._Z.B,M:Monthly,JP:Japan,B:BIS-spliced,USD:US dollar,_Z:Not applicable,B:Adjusted for breaks,US dollar,Billions,2002-07-31,F:Free (free for publication),,A:Normal value,1054.3019655348
"BIS,WS_CBTA,1.0",M.JP.B.USD._Z.B,M:Monthly,JP:Japan,B:BIS-spliced,USD:US dollar,_Z:Not applicable,B:Adjusted for breaks,US dollar,Billions,2002-08-31,F:Free (free for publication),,A:Normal value,1085.8074399427
"BIS,WS_CBTA,1.0",M.JP.B.USD._Z.B,M:Monthly,JP:Japan,B:BIS-spliced,USD:US dollar,_Z:Not applicable,B:Adjusted for breaks,US dollar,Billions,2002-09-30,F:Free (free for publication),,A:Normal value,1025.5413467117
"BIS,WS_CBTA,1.0",M.JP.B.USD._Z.B,M:Monthly,JP:Japan,B:BIS-spliced,USD:US dollar,_Z:Not applicable,B:Adjusted for breaks,US dollar,Billions,2002-10-31,F:Free (free for publication),,A:Normal value,1015.7638194608
"BIS,WS_CBTA,1.0",M.JP.B.USD._Z.B,M:Monthly,JP:Japan,B:BIS-spliced,USD:US dollar,_Z:Not applicable,B:Adjusted for breaks,US dollar,Billions,2002-11-30,F:Free (free for publication),,A:Normal value,1021.4994026242
"BIS,WS_CBTA,1.0",M.JP.B.USD._Z.B,M:Monthly,JP:Japan,B:BIS-spliced,USD:US dollar,_Z:Not applicable,B:Adjusted for breaks,US dollar,Billions,2002-12-31,F:Free (free for publication),,A:Normal value,1054.9075509283
"BIS,WS_CBTA,1.0",M.JP.B.USD._Z.B,M:Monthly,JP:Japan,B:BIS-spliced,USD:US dollar,_Z:Not applicable,B:Adjusted for breaks,US dollar,Billions,2003-01-31,F:Free (free for publication),,A:Normal value,1042.8191515061
"BIS,WS_CBTA,1.0",M.JP.B.USD._Z.B,M:Monthly,JP:Japan,B:BIS-spliced,USD:US dollar,_Z:Not applicable,B:Adjusted for breaks,US dollar,Billions,2003-02-28,F:Free (free for publication),,A:Normal value,1122.297638449
"BIS,WS_CBTA,1.0",M.JP.B.USD._Z.B,M:Monthly,JP:Japan,B:BIS-spliced,USD:US dollar,_Z:Not applicable,B:Adjusted for breaks,US dollar,Billions,2003-03-31,F:Free (free for publication),,A:Normal value,1190.6013445381
"BIS,WS_CBTA,1.0",M.JP.B.USD._Z.B,M:Monthly,JP:Japan,B:BIS-spliced,USD:US dollar,_Z:Not applicable,B:Adjusted for breaks,US dollar,Billions,2003-04-30,F:Free (free for publication),,A:Normal value,1074.0109213374
"BIS,WS_CBTA,1.0",M.JP.B.USD._Z.B,M:Monthly,JP:Japan,B:BIS-spliced,USD:US dollar,_Z:Not applicable,B:Adjusted for breaks,US dollar,Billions,2003-05-31,F:Free (free for publication),,A:Normal value,1101.0738278716
"BIS,WS_CBTA,1.0",M.JP.B.USD._Z.B,M:Monthly,JP:Japan,B:BIS-spliced,USD:US dollar,_Z:Not applicable,B:Adjusted for breaks,US dollar,Billions,2003-06-30,F:Free (free for publication),,A:Normal value,1042.3476030811
"BIS,WS_CBTA,1.0",M.JP.B.USD._Z.B,M:Monthly,JP:Japan,B:BIS-spliced,USD:US dollar,_Z:Not applicable,B:Adjusted for breaks,US dollar,Billions,2003-07-31,F:Free (free for publication),,A:Normal value,1053.8874315486
"BIS,WS_CBTA,1.0",M.JP.B.USD._Z.B,M:Monthly,JP:Japan,B:BIS-spliced,USD:US dollar,_Z:Not applicable,B:Adjusted for breaks,US dollar,Billions,2003-08-31,F:Free (free for publication),,A:Normal value,1101.8255843522
"BIS,WS_CBTA,1.0",M.JP.B.USD._Z.B,M:Monthly,JP:Japan,B:BIS-spliced,USD:US dollar,_Z:Not applicable,B:Adjusted for breaks,US dollar,Billions,2003-09-30,F:Free (free for publication),,A:Normal value,1211.6044548021
"BIS,WS_CBTA,1.0",M.JP.B.USD._Z.B,M:Monthly,JP:Japan,B:BIS-spliced,USD:US dollar,_Z:Not applicable,B:Adjusted for breaks,US dollar,Billions,2003-10-31,F:Free (free for publication),,A:Normal value,1212.9371055552
"BIS,WS_CBTA,1.0",M.JP.B.USD._Z.B,M:Monthly,JP:Japan,B:BIS-spliced,USD:US dollar,_Z:Not applicable,B:Adjusted for breaks,US dollar,Billions,2003-11-30,F:Free (free for publication),,A:Normal value,1231.5308369771
"BIS,WS_CBTA,1.0",M.JP.B.USD._Z.B,M:Monthly,JP:Japan,B:BIS-spliced,USD:US dollar,_Z:Not applicable,B:Adjusted for breaks,US dollar,Billions,2003-12-31,F:Free (free for publication),,A:Normal value,1228.5702777297
"BIS,WS_CBTA,1.0",M.JP.B.USD._Z.B,M:Monthly,JP:Japan,B:BIS-spliced,USD:US dollar,_Z:Not applicable,B:Adjusted for breaks,US dollar,Billions,2004-01-31,F:Free (free for publication),,A:Normal value,1279.6926031528
"BIS,WS_CBTA,1.0",M.JP.B.USD._Z.B,M:Monthly,JP:Japan,B:BIS-spliced,USD:US dollar,_Z:Not applicable,B:Adjusted for breaks,US dollar,Billions,2004-02-29,F:Free (free for publication),,A:Normal value,1286.8547389544
"BIS,WS_CBTA,1.0",M.JP.B.USD._Z.B,M:Monthly,JP:Japan,B:BIS-spliced,USD:US dollar,_Z:Not applicable,B:Adjusted for breaks,US dollar,Billions,2004-03-31,F:Free (free for publication),,A:Normal value,1438.1699209557
"BIS,WS_CBTA,1.0",M.JP.B.USD._Z.B,M:Monthly,JP:Japan,B:BIS-spliced,USD:US dollar,_Z:Not applicable,B:Adjusted for breaks,US dollar,Billions,2004-04-30,F:Free (free for publication),,A:Normal value,1252.5134383365
"BIS,WS_CBTA,1.0",M.JP.B.USD._Z.B,M:Monthly,JP:Japan,B:BIS-spliced,USD:US dollar,_Z:Not applicable,B:Adjusted for breaks,US dollar,Billions,2004-05-31,F:Free (free for publication),,A:Normal value,1273.1429105657
"BIS,WS_CBTA,1.0",M.JP.B.USD._Z.B,M:Monthly,JP:Japan,B:BIS-spliced,USD:US dollar,_Z:Not applicable,B:Adjusted for breaks,US dollar,Billions,2004-06-30,F:Free (free for publication),,A:Normal value,1236.9475130209
"BIS,WS_CBTA,1.0",M.JP.B.USD._Z.B,M:Monthly,JP:Japan,B:BIS-spliced,USD:US dollar,_Z:Not applicable,B:Adjusted for breaks,US dollar,Billions,2004-07-31,F:Free (free for publication),,A:Normal value,1179.5716929493
"BIS,WS_CBTA,1.0",M.JP.B.USD._Z.B,M:Monthly,JP:Japan,B:BIS-spliced,USD:US dollar,_Z:Not applicable,B:Adjusted for breaks,US dollar,Billions,2004-08-31,F:Free (free for publication),,A:Normal value,1258.2068295918
"BIS,WS_CBTA,1.0",M.JP.B.USD._Z.B,M:Monthly,JP:Japan,B:BIS-spliced,USD:US dollar,_Z:Not applicable,B:Adjusted for breaks,US dollar,Billions,2004-09-30,F:Free (free for publication),,A:Normal value,1261.5837725055
"BIS,WS_CBTA,1.0",M.JP.B.USD._Z.B,M:Monthly,JP:Japan,B:BIS-spliced,USD:US dollar,_Z:Not applicable,B:Adjusted for breaks,US dollar,Billions,2004-10-31,F:Free (free for publication),,A:Normal value,1304.5363080662
"BIS,WS_CBTA,1.0",M.JP.B.USD._Z.B,M:Monthly,JP:Japan,B:BIS-spliced,USD:US dollar,_Z:Not applicable,B:Adjusted for breaks,US dollar,Billions,2004-11-30,F:Free (free for publication),,A:Normal value,1439.920363203
"BIS,WS_CBTA,1.0",M.JP.B.USD._Z.B,M:Monthly,JP:Japan,B:BIS-spliced,USD:US dollar,_Z:Not applicable,B:Adjusted for breaks,US dollar,Billions,2004-12-31,F:Free (free for publication),,A:Normal value,1409.8607964035
"BIS,WS_CBTA,1.0",M.JP.B.USD._Z.B,M:Monthly,JP:Japan,B:BIS-spliced,USD:US dollar,_Z:Not applicable,B:Adjusted for breaks,US dollar,Billions,2005-01-31,F:Free (free for publication),,A:Normal value,1423.2267087846
"BIS,WS_CBTA,1.0",M.JP.B.USD._Z.B,M:Monthly,JP:Japan,B:BIS-spliced,USD:US dollar,_Z:Not applicable,B:Adjusted for breaks,US dollar,Billions,2005-02-28,F:Free (free for publication),,A:Normal value,1454.087572761
"BIS,WS_CBTA,1.0",M.JP.B.USD._Z.B,M:Monthly,JP:Japan,B:BIS-spliced,USD:US dollar,_Z:Not applicable,B:Adjusted for breaks,US dollar,Billions,2005-03-31,F:Free (free for publication),,A:Normal value,1409.4960157893
"BIS,WS_CBTA,1.0",M.JP.B.USD._Z.B,M:Monthly,JP:Japan,B:BIS-spliced,USD:US dollar,_Z:Not applicable,B:Adjusted for breaks,US dollar,Billions,2005-04-30,F:Free (free for publication),,A:Normal value,1401.3731547795
"BIS,WS_CBTA,1.0",M.JP.B.USD._Z.B,M:Monthly,JP:Japan,B:BIS-spliced,USD:US dollar,_Z:Not applicable,B:Adjusted for breaks,US dollar,Billions,2005-05-31,F:Free (free for publication),,A:Normal value,1365.1397189509
"BIS,WS_CBTA,1.0",M.JP.B.USD._Z.B,M:Monthly,JP:Japan,B:BIS-spliced,USD:US dollar,_Z:Not applicable,B:Adjusted for breaks,US dollar,Billions,2005-06-30,F:Free (free for publication),,A:Normal value,1301.8394401033
"BIS,WS_CBTA,1.0",M.JP.B.USD._Z.B,M:Monthly,JP:Japan,B:BIS-spliced,USD:US dollar,_Z:Not applicable,B:Adjusted for breaks,US dollar,Billions,2005-07-31,F:Free (free for publication),,A:Normal value,1313.7628358328
"BIS,WS_CBTA,1.0",M.JP.B.USD._Z.B,M:Monthly,JP:Japan,B:BIS-spliced,USD:US dollar,_Z:Not applicable,B:Adjusted for breaks,US dollar,Billions,2005-08-31,F:Free (free for publication),,A:Normal value,1357.1884232212
"BIS,WS_CBTA,1.0",M.JP.B.USD._Z.B,M:Monthly,JP:Japan,B:BIS-spliced,USD:US dollar,_Z:Not applicable,B:Adjusted for breaks,US dollar,Billions,2005-09-30,F:Free (free for publication),,A:Normal value,1309.2477778444
"BIS,WS_CBTA,1.0",M.JP.B.USD._Z.B,M:Monthly,JP:Japan,B:BIS-spliced,USD:US dollar,_Z:Not applicable,B:Adjusted for breaks,US dollar,Billions,2005-10-31,F:Free (free for publication),,A:Normal value,1272.1666852054
"BIS,WS_CBTA,1.0",M.JP.B.USD._Z.B,M:Monthly,JP:Japan,B:BIS-spliced,USD:US dollar,_Z:Not applicable,B:Adjusted for breaks,US dollar,Billions,2005-11-30,F:Free (free for publication),,A:Normal value,1270.2671186018
"BIS,WS_CBTA,1.0",M.JP.B.USD._Z.B,M:Monthly,JP:Japan,B:BIS-spliced,USD:US dollar,_Z:Not applicable,B:Adjusted for breaks,US dollar,Billions,2005-12-31,F:Free (free for publication),,A:Normal value,1321.5960799104
"BIS,WS_CBTA,1.0",M.JP.B.USD._Z.B,M:Monthly,JP:Japan,B:BIS-spliced,USD:US dollar,_Z:Not applicable,B:Adjusted for breaks,US dollar,Billions,2006-01-31,F:Free (free for publication),,A:Normal value,1302.965001934
"BIS,WS_CBTA,1.0",M.JP.B.USD._Z.B,M:Monthly,JP:Japan,B:BIS-spliced,USD:US dollar,_Z:Not applicable,B:Adjusted for breaks,US dollar,Billions,2006-02-28,F:Free (free for publication),,A:Normal value,1309.255276879
"BIS,WS_CBTA,1.0",M.JP.B.USD._Z.B,M:Monthly,JP:Japan,B:BIS-spliced,USD:US dollar,_Z:Not applicable,B:Adjusted for breaks,US dollar,Billions,2006-03-31,F:Free (free for publication),,A:Normal value,1231.1617370275
"BIS,WS_CBTA,1.0",M.JP.B.USD._Z.B,M:Monthly,JP:Japan,B:BIS-spliced,USD:US dollar,_Z:Not applicable,B:Adjusted for breaks,US dollar,Billions,2006-04-30,F:Free (free for publication),,A:Normal value,1137.2447495811
"BIS,WS_CBTA,1.0",M.JP.B.USD._Z.B,M:Monthly,JP:Japan,B:BIS-spliced,USD:US dollar,_Z:Not applicable,B:Adjusted for breaks,US dollar,Billions,2006-05-31,F:Free (free for publication),,A:Normal value,1094.8633292592
"BIS,WS_CBTA,1.0",M.JP.B.USD._Z.B,M:Monthly,JP:Japan,B:BIS-spliced,USD:US dollar,_Z:Not applicable,B:Adjusted for breaks,US dollar,Billions,2006-06-30,F:Free (free for publication),,A:Normal value,992.9031803652
"BIS,WS_CBTA,1.0",M.JP.B.USD._Z.B,M:Monthly,JP:Japan,B:BIS-spliced,USD:US dollar,_Z:Not applicable,B:Adjusted for breaks,US dollar,Billions,2006-07-31,F:Free (free for publication),,A:Normal value,1015.3319657707
"BIS,WS_CBTA,1.0",M.JP.B.USD._Z.B,M:Monthly,JP:Japan,B:BIS-spliced,USD:US dollar,_Z:Not applicable,B:Adjusted for breaks,US dollar,Billions,2006-08-31,F:Free (free for publication),,A:Normal value,966.7885127424
"BIS,WS_CBTA,1.0",M.JP.B.USD._Z.B,M:Monthly,JP:Japan,B:BIS-spliced,USD:US dollar,_Z:Not applicable,B:Adjusted for breaks,US dollar,Billions,2006-09-30,F:Free (free for publication),,A:Normal value,995.67839954677
"BIS,WS_CBTA,1.0",M.JP.B.USD._Z.B,M:Monthly,JP:Japan,B:BIS-spliced,USD:US dollar,_Z:Not applicable,B:Adjusted for breaks,US dollar,Billions,2006-10-31,F:Free (free for publication),,A:Normal value,977.71930513067
"BIS,WS_CBTA,1.0",M.JP.B.USD._Z.B,M:Monthly,JP:Japan,B:BIS-spliced,USD:US dollar,_Z:Not applicable,B:Adjusted for breaks,US dollar,Billions,2006-11-30,F:Free (free for publication),,A:Normal value,1020.7753136974
"BIS,WS_CBTA,1.0",M.JP.B.USD._Z.B,M:Monthly,JP:Japan,B:BIS-spliced,USD:US dollar,_Z:Not applicable,B:Adjusted for breaks,US dollar,Billions,2006-12-31,F:Free (free for publication),,A:Normal value,969.67387822009
"BIS,WS_CBTA,1.0",M.JP.B.USD._Z.B,M:Monthly,JP:Japan,B:BIS-spliced,USD:US dollar,_Z:Not applicable,B:Adjusted for breaks,US dollar,Billions,2007-01-31,F:Free (free for publication),,A:Normal value,944.11984398037
"BIS,WS_CBTA,1.0",M.JP.B.USD._Z.B,M:Monthly,JP:Japan,B:BIS-spliced,USD:US dollar,_Z:Not applicable,B:Adjusted for breaks,US dollar,Billions,2007-02-28,F:Free (free for publication),,A:Normal value,993.84127586053
"BIS,WS_CBTA,1.0",M.JP.B.USD._Z.B,M:Monthly,JP:Japan,B:BIS-spliced,USD:US dollar,_Z:Not applicable,B:Adjusted for breaks,US dollar,Billions,2007-03-31,F:Free (free for publication),,A:Normal value,954.41349012149
"BIS,WS_CBTA,1.0",M.JP.B.USD._Z.B,M:Monthly,JP:Japan,B:BIS-spliced,USD:US dollar,_Z:Not applicable,B:Adjusted for breaks,US dollar,Billions,2007-04-30,F:Free (free for publication),,A:Normal value,885.7647171077
"BIS,WS_CBTA,1.0",M.JP.B.USD._Z.B,M:Monthly,JP:Japan,B:BIS-spliced,USD:US dollar,_Z:Not applicable,B:Adjusted for breaks,US dollar,Billions,2007-05-31,F:Free (free for publication),,A:Normal value,884.28635149721
"BIS,WS_CBTA,1.0",M.JP.B.USD._Z.B,M:Monthly,JP:Japan,B:BIS-spliced,USD:US dollar,_Z:Not applicable,B:Adjusted for breaks,US dollar,Billions,2007-06-30,F:Free (free for publication),,A:Normal value,811.05536497248
"BIS,WS_CBTA,1.0",M.JP.B.USD._Z.B,M:Monthly,JP:Japan,B:BIS-spliced,USD:US dollar,_Z:Not applicable,B:Adjusted for breaks,US dollar,Billions,2007-07-31,F:Free (free for publication),,A:Normal value,902.54800636047
"BIS,WS_CBTA,1.0",M.JP.B.USD._Z.B,M:Monthly,JP:Japan,B:BIS-spliced,USD:US dollar,_Z:Not applicable,B:Adjusted for breaks,US dollar,Billions,2007-08-31,F:Free (free for publication),,A:Normal value,953.46954144008
"BIS,WS_CBTA,1.0",M.JP.B.USD._Z.B,M:Monthly,JP:Japan,B:BIS-spliced,USD:US dollar,_Z:Not applicable,B:Adjusted for breaks,US dollar,Billions,2007-09-30,F:Free (free for publication),,A:Normal value,962.5976184707
"BIS,WS_CBTA,1.0",M.JP.B.USD._Z.B,M:Monthly,JP:Japan,B:BIS-spliced,USD:US dollar,_Z:Not applicable,B:Adjusted for breaks,US dollar,Billions,2007-10-31,F:Free (free for publication),,A:Normal value,931.49438096393
"BIS,WS_CBTA,1.0",M.JP.B.USD._Z.B,M:Monthly,JP:Japan,B:BIS-spliced,USD:US dollar,_Z:Not applicable,B:Adjusted for breaks,US dollar,Billions,2007-11-30,F:Free (free for publication),,A:Normal value,1007.0130691526
"BIS,WS_CBTA,1.0",M.JP.B.USD._Z.B,M:Monthly,JP:Japan,B:BIS-spliced,USD:US dollar,_Z:Not applicable,B:Adjusted for breaks,US dollar,Billions,2007-12-31,F:Free (free for publication),,A:Normal value,993.28057265538
"BIS,WS_CBTA,1.0",M.JP.B.USD._Z.B,M:Monthly,JP:Japan,B:BIS-spliced,USD:US dollar,_Z:Not applicable,B:Adjusted for breaks,US dollar,Billions,2008-01-31,F:Free (free for publication),,A:Normal value,1064.5274204195
"BIS,WS_CBTA,1.0",M.JP.B.USD._Z.B,M:Monthly,JP:Japan,B:BIS-spliced,USD:US dollar,_Z:Not applicable,B:Adjusted for breaks,US dollar,Billions,2008-02-29,F:Free (free for publication),,A:Normal value,1096.4974201704
"BIS,WS_CBTA,1.0",M.JP.B.USD._Z.B,M:Monthly,JP:Japan,B:BIS-spliced,USD:US dollar,_Z:Not applicable,B:Adjusted for breaks,US dollar,Billions,2008-03-31,F:Free (free for publication),,A:Normal value,1139.6677060534
"BIS,WS_CBTA,1.0",M.JP.B.USD._Z.B,M:Monthly,JP:Japan,B:BIS-spliced,USD:US dollar,_Z:Not applicable,B:Adjusted for breaks,US dollar,Billions,2008-04-30,F:Free (free for publication),,A:Normal value,1024.6203691825
"BIS,WS_CBTA,1.0",M.JP.B.USD._Z.B,M:Monthly,JP:Japan,B:BIS-spliced,USD:US dollar,_Z:Not applicable,B:Adjusted for breaks,US dollar,Billions,2008-05-31,F:Free (free for publication),,A:Normal value,1043.0280700576
"BIS,WS_CBTA,1.0",M.JP.B.USD._Z.B,M:Monthly,JP:Japan,B:BIS-spliced,USD:US dollar,_Z:Not applicable,B:Adjusted for breaks,US dollar,Billions,2008-06-30,F:Free (free for publication),,A:Normal value,960.57636153925
"BIS,WS_CBTA,1.0",M.JP.B.USD._Z.B,M:Monthly,JP:Japan,B:BIS-spliced,USD:US dollar,_Z:Not applicable,B:Adjusted for breaks,US dollar,Billions,2008-07-31,F:Free (free for publication),,A:Normal value,1000.8810396915
"BIS,WS_CBTA,1.0",M.JP.B.USD._Z.B,M:Monthly,JP:Japan,B:BIS-spliced,USD:US dollar,_Z:Not applicable,B:Adjusted for breaks,US dollar,Billions,2008-08-31,F:Free (free for publication),,A:Normal value,1010.601014918
"BIS,WS_CBTA,1.0",M.JP.B.USD._Z.B,M:Monthly,JP:Japan,B:BIS-spliced,USD:US dollar,_Z:Not applicable,B:Adjusted for breaks,US dollar,Billions,2008-09-30,F:Free (free for publication),,A:Normal value,1069.6471024909
"BIS,WS_CBTA,1.0",M.JP.B.USD._Z.B,M:Monthly,JP:Japan,B:BIS-spliced,USD:US dollar,_Z:Not applicable,B:Adjusted for breaks,US dollar,Billions,2008-10-31,F:Free (free for publication),,A:Normal value,1192.3288178671
"BIS,WS_CBTA,1.0",M.JP.B.USD._Z.B,M:Monthly,JP:Japan,B:BIS-spliced,USD:US dollar,_Z:Not applicable,B:Adjusted for breaks,US dollar,Billions,2008-11-30,F:Free (free for publication),,A:Normal value,1273.3936689116
"BIS,WS_CBTA,1.0",M.JP.B.USD._Z.B,M:Monthly,JP:Japan,B:BIS-spliced,USD:US dollar,_Z:Not applicable,B:Adjusted for breaks,US dollar,Billions,2008-12-31,F:Free (free for publication),,A:Normal value,1354.5276864339
"BIS,WS_CBTA,1.0",M.JP.B.USD._Z.B,M:Monthly,JP:Japan,B:BIS-spliced,USD:US dollar,_Z:Not applicable,B:Adjusted for breaks,US dollar,Billions,2009-01-31,F:Free (free for publication),,A:Normal value,1332.1316893601
"BIS,WS_CBTA,1.0",M.JP.B.USD._Z.B,M:Monthly,JP:Japan,B:BIS-spliced,USD:US dollar,_Z:Not applicable,B:Adjusted for breaks,US dollar,Billions,2009-02-28,F:Free (free for publication),,A:Normal value,1253.5546693093
"BIS,WS_CBTA,1.0",M.JP.B.USD._Z.B,M:Monthly,JP:Japan,B:BIS-spliced,USD:US dollar,_Z:Not applicable,B:Adjusted for breaks,US dollar,Billions,2009-03-31,F:Free (free for publication),,A:Normal value,1256.9257375553
"BIS,WS_CBTA,1.0",M.JP.B.USD._Z.B,M:Monthly,JP:Japan,B:BIS-spliced,USD:US dollar,_Z:Not applicable,B:Adjusted for breaks,US dollar,Billions,2009-04-30,F:Free (free for publication),,A:Normal value,1169.2093289172
"BIS,WS_CBTA,1.0",M.JP.B.USD._Z.B,M:Monthly,JP:Japan,B:BIS-spliced,USD:US dollar,_Z:Not applicable,B:Adjusted for breaks,US dollar,Billions,2009-05-31,F:Free (free for publication),,A:Normal value,1238.5773827252
"BIS,WS_CBTA,1.0",M.JP.B.USD._Z.B,M:Monthly,JP:Japan,B:BIS-spliced,USD:US dollar,_Z:Not applicable,B:Adjusted for breaks,US dollar,Billions,2009-06-30,F:Free (free for publication),,A:Normal value,1145.6863268961
"BIS,WS_CBTA,1.0",M.JP.B.USD._Z.B,M:Monthly,JP:Japan,B:BIS-spliced,USD:US dollar,_Z:Not applicable,B:Adjusted for breaks,US dollar,Billions,2009-07-31,F:Free (free for publication),,A:Normal value,1198.6418452015
"BIS,WS_CBTA,1.0",M.JP.B.USD._Z.B,M:Monthly,JP:Japan,B:BIS-spliced,USD:US dollar,_Z:Not applicable,B:Adjusted for breaks,US dollar,Billions,2009-08-31,F:Free (free for publication),,A:Normal value,1256.5386213778
"BIS,WS_CBTA,1.0",M.JP.B.USD._Z.B,M:Monthly,JP:Japan,B:BIS-spliced,USD:US dollar,_Z:Not applicable,B:Adjusted for breaks,US dollar,Billions,2009-09-30,F:Free (free for publication),,A:Normal value,1299.5682085733
"BIS,WS_CBTA,1.0",M.JP.B.USD._Z.B,M:Monthly,JP:Japan,B:BIS-spliced,USD:US dollar,_Z:Not applicable,B:Adjusted for breaks,US dollar,Billions,2009-10-31,F:Free (free for publication),,A:Normal value,1224.3576480138
"BIS,WS_CBTA,1.0",M.JP.B.USD._Z.B,M:Monthly,JP:Japan,B:BIS-spliced,USD:US dollar,_Z:Not applicable,B:Adjusted for breaks,US dollar,Billions,2009-11-30,F:Free (free for publication),,A:Normal value,1357.8976727987
"BIS,WS_CBTA,1.0",M.JP.B.USD._Z.B,M:Monthly,JP:Japan,B:BIS-spliced,USD:US dollar,_Z:Not applicable,B:Adjusted for breaks,US dollar,Billions,2009-12-31,F:Free (free for publication),,A:Normal value,1325.6376126337
"BIS,WS_CBTA,1.0",M.JP.B.USD._Z.B,M:Monthly,JP:Japan,B:BIS-spliced,USD:US dollar,_Z:Not applicable,B:Adjusted for breaks,US dollar,Billions,2010-01-31,F:Free (free for publication),,A:Normal value,1355.4625775577
"BIS,WS_CBTA,1.0",M.JP.B.USD._Z.B,M:Monthly,JP:Japan,B:BIS-spliced,USD:US dollar,_Z:Not applicable,B:Adjusted for breaks,US dollar,Billions,2010-02-28,F:Free (free for publication),,A:Normal value,1422.6223773677
"BIS,WS_CBTA,1.0",M.JP.B.USD._Z.B,M:Monthly,JP:Japan,B:BIS-spliced,USD:US dollar,_Z:Not applicable,B:Adjusted for breaks,US dollar,Billions,2010-03-31,F:Free (free for publication),,A:Normal value,1303.9522316142
"BIS,WS_CBTA,1.0",M.JP.B.USD._Z.B,M:Monthly,JP:Japan,B:BIS-spliced,USD:US dollar,_Z:Not applicable,B:Adjusted for breaks,US dollar,Billions,2010-04-30,F:Free (free for publication),,A:Normal value,1208.6402613173
"BIS,WS_CBTA,1.0",M.JP.B.USD._Z.B,M:Monthly,JP:Japan,B:BIS-spliced,USD:US dollar,_Z:Not applicable,B:Adjusted for breaks,US dollar,Billions,2010-05-31,F:Free (free for publication),,A:Normal value,1321.8233851076
"BIS,WS_CBTA,1.0",M.JP.B.USD._Z.B,M:Monthly,JP:Japan,B:BIS-spliced,USD:US dollar,_Z:Not applicable,B:Adjusted for breaks,US dollar,Billions,2010-06-30,F:Free (free for publication),,A:Normal value,1277.2217201641
"BIS,WS_CBTA,1.0",M.JP.B.USD._Z.B,M:Monthly,JP:Japan,B:BIS-spliced,USD:US dollar,_Z:Not applicable,B:Adjusted for breaks,US dollar,Billions,2010-07-31,F:Free (free for publication),,A:Normal value,1357.7970838912
"BIS,WS_CBTA,1.0",M.JP.B.USD._Z.B,M:Monthly,JP:Japan,B:BIS-spliced,USD:US dollar,_Z:Not applicable,B:Adjusted for breaks,US dollar,Billions,2010-08-31,F:Free (free for publication),,A:Normal value,1457.144815252
"BIS,WS_CBTA,1.0",M.JP.B.USD._Z.B,M:Monthly,JP:Japan,B:BIS-spliced,USD:US dollar,_Z:Not applicable,B:Adjusted for breaks,US dollar,Billions,2010-09-30,F:Free (free for publication),,A:Normal value,1444.6578405118
"BIS,WS_CBTA,1.0",M.JP.B.USD._Z.B,M:Monthly,JP:Japan,B:BIS-spliced,USD:US dollar,_Z:Not applicable,B:Adjusted for breaks,US dollar,Billions,2010-10-31,F:Free (free for publication),,A:Normal value,1503.9570548196
"BIS,WS_CBTA,1.0",M.JP.B.USD._Z.B,M:Monthly,JP:Japan,B:BIS-spliced,USD:US dollar,_Z:Not applicable,B:Adjusted for breaks,US dollar,Billions,2010-11-30,F:Free (free for publication),,A:Normal value,1514.9908379006
"BIS,WS_CBTA,1.0",M.JP.B.USD._Z.B,M:Monthly,JP:Japan,B:BIS-spliced,USD:US dollar,_Z:Not applicable,B:Adjusted for breaks,US dollar,Billions,2010-12-31,F:Free (free for publication),,A:Normal value,1582.9069115151
"BIS,WS_CBTA,1.0",M.JP.B.USD._Z.B,M:Monthly,JP:Japan,B:BIS-spliced,USD:US dollar,_Z:Not applicable,B:Adjusted for breaks,US dollar,Billions,2011-01-31,F:Free (free for publication),,A:Normal value,1557.9789561177
"BIS,WS_CBTA,1.0",M.JP.B.USD._Z.B,M:Monthly,JP:Japan,B:BIS-spliced,USD:US dollar,_Z:Not applicable,B:Adjusted for breaks,US dollar,Billions,2011-02-28,F:Free (free for publication),,A:Normal value,1589.3111426494
"BIS,WS_CBTA,1.0",M.JP.B.USD._Z.B,M:Monthly,JP:Japan,B:BIS-spliced,USD:US dollar,_Z:Not applicable,B:Adjusted for breaks,US dollar,Billions,2011-03-31,F:Free (free for publication),,A:Normal value,1719.7113880744
"BIS,WS_CBTA,1.0",M.JP.B.USD._Z.B,M:Monthly,JP:Japan,B:BIS-spliced,USD:US dollar,_Z:Not applicable,B:Adjusted for breaks,US dollar,Billions,2011-04-30,F:Free (free for publication),,A:Normal value,1657.8043582174
"BIS,WS_CBTA,1.0",M.JP.B.USD._Z.B,M:Monthly,JP:Japan,B:BIS-spliced,USD:US dollar,_Z:Not applicable,B:Adjusted for breaks,US dollar,Billions,2011-05-31,F:Free (free for publication),,A:Normal value,1658.1651545993
"BIS,WS_CBTA,1.0",M.JP.B.USD._Z.B,M:Monthly,JP:Japan,B:BIS-spliced,USD:US dollar,_Z:Not applicable,B:Adjusted for breaks,US dollar,Billions,2011-06-30,F:Free (free for publication),,A:Normal value,1611.0824385693
"BIS,WS_CBTA,1.0",M.JP.B.USD._Z.B,M:Monthly,JP:Japan,B:BIS-spliced,USD:US dollar,_Z:Not applicable,B:Adjusted for breaks,US dollar,Billions,2011-07-31,F:Free (free for publication),,A:Normal value,1733.9677672939
"BIS,WS_CBTA,1.0",M.JP.B.USD._Z.B,M:Monthly,JP:Japan,B:BIS-spliced,USD:US dollar,_Z:Not applicable,B:Adjusted for breaks,US dollar,Billions,2011-08-31,F:Free (free for publication),,A:Normal value,1849.3242092465
"BIS,WS_CBTA,1.0",M.JP.B.USD._Z.B,M:Monthly,JP:Japan,B:BIS-spliced,USD:US dollar,_Z:Not applicable,B:Adjusted for breaks,US dollar,Billions,2011-09-30,F:Free (free for publication),,A:Normal value,1791.3233982009
"BIS,WS_CBTA,1.0",M.JP.B.USD._Z.B,M:Monthly,JP:Japan,B:BIS-spliced,USD:US dollar,_Z:Not applicable,B:Adjusted for breaks,US dollar,Billions,2011-10-31,F:Free (free for publication),,A:Normal value,1704.7557020361
"BIS,WS_CBTA,1.0",M.JP.B.USD._Z.B,M:Monthly,JP:Japan,B:BIS-spliced,USD:US dollar,_Z:Not applicable,B:Adjusted for breaks,US dollar,Billions,2011-11-30,F:Free (free for publication),,A:Normal value,1847.6276427574
"BIS,WS_CBTA,1.0",M.JP.B.USD._Z.B,M:Monthly,JP:Japan,B:BIS-spliced,USD:US dollar,_Z:Not applicable,B:Adjusted for breaks,US dollar,Billions,2011-12-31,F:Free (free for publication),,A:Normal value,1846.8666255244
"BIS,WS_CBTA,1.0",M.JP.B.USD._Z.B,M:Monthly,JP:Japan,B:BIS-spliced,USD:US dollar,_Z:Not applicable,B:Adjusted for breaks,US dollar,Billions,2012-01-31,F:Free (free for publication),,A:Normal value,1792.5854328669
"BIS,WS_CBTA,1.0",M.JP.B.USD._Z.B,M:Monthly,JP:Japan,B:BIS-spliced,USD:US dollar,_Z:Not applicable,B:Adjusted for breaks,US dollar,Billions,2012-02-29,F:Free (free for publication),,A:Normal value,1796.7718090224
"BIS,WS_CBTA,1.0",M.JP.B.USD._Z.B,M:Monthly,JP:Japan,B:BIS-spliced,USD:US dollar,_Z:Not applicable,B:Adjusted for breaks,US dollar,Billions,2012-03-31,F:Free (free for publication),,A:Normal value,1700.0605676802
"BIS,WS_CBTA,1.0",M.JP.B.USD._Z.B,M:Monthly,JP:Japan,B:BIS-spliced,USD:US dollar,_Z:Not applicable,B:Adjusted for breaks,US dollar,Billions,2012-04-30,F:Free (free for publication),,A:Normal value,1762.7800508174
"BIS,WS_CBTA,1.0",M.JP.B.USD._Z.B,M:Monthly,JP:Japan,B:BIS-spliced,USD:US dollar,_Z:Not applicable,B:Adjusted for breaks,US dollar,Billions,2012-05-31,F:Free (free for publication),,A:Normal value,1813.5952043596
"BIS,WS_CBTA,1.0",M.JP.B.USD._Z.B,M:Monthly,JP:Japan,B:BIS-spliced,USD:US dollar,_Z:Not applicable,B:Adjusted for breaks,US dollar,Billions,2012-06-30,F:Free (free for publication),,A:Normal value,1805.9099544791
"BIS,WS_CBTA,1.0",M.JP.B.USD._Z.B,M:Monthly,JP:Japan,B:BIS-spliced,USD:US dollar,_Z:Not applicable,B:Adjusted for breaks,US dollar,Billions,2012-07-31,F:Free (free for publication),,A:Normal value,1861.1532694487
"BIS,WS_CBTA,1.0",M.JP.B.USD._Z.B,M:Monthly,JP:Japan,B:BIS-spliced,USD:US dollar,_Z:Not applicable,B:Adjusted for breaks,US dollar,Billions,2012-08-31,F:Free (free for publication),,A:Normal value,1911.1119221662
"BIS,WS_CBTA,1.0",M.JP.B.USD._Z.B,M:Monthly,JP:Japan,B:BIS-spliced,USD:US dollar,_Z:Not applicable,B:Adjusted for breaks,US dollar,Billions,2012-09-30,F:Free (free for publication),,A:Normal value,1931.3300159688
"BIS,WS_CBTA,1.0",M.JP.B.USD._Z.B,M:Monthly,JP:Japan,B:BIS-spliced,USD:US dollar,_Z:Not applicable,B:Adjusted for breaks,US dollar,Billions,2012-10-31,F:Free (free for publication),,A:Normal value,1924.6817146924
"BIS,WS_CBTA,1.0",M.JP.B.USD._Z.B,M:Monthly,JP:Japan,B:BIS-spliced,USD:US dollar,_Z:Not applicable,B:Adjusted for breaks,US dollar,Billions,2012-11-30,F:Free (free for publication),,A:Normal value,1891.0903352581
"BIS,WS_CBTA,1.0",M.JP.B.USD._Z.B,M:Monthly,JP:Japan,B:BIS-spliced,USD:US dollar,_Z:Not applicable,B:Adjusted for breaks,US dollar,Billions,2012-12-31,F:Free (free for publication),,A:Normal value,1839.1316362156
"BIS,WS_CBTA,1.0",M.JP.B.USD._Z.B,M:Monthly,JP:Japan,B:BIS-spliced,USD:US dollar,_Z:Not applicable,B:Adjusted for breaks,US dollar,Billions,2013-01-31,F:Free (free for publication),,A:Normal value,1755.7237817334
"BIS,WS_CBTA,1.0",M.JP.B.USD._Z.B,M:Monthly,JP:Japan,B:BIS-spliced,USD:US dollar,_Z:Not applicable,B:Adjusted for breaks,US dollar,Billions,2013-02-28,F:Free (free for publication),,A:Normal value,1773.369278331
"BIS,WS_CBTA,1.0",M.JP.B.USD._Z.B,M:Monthly,JP:Japan,B:BIS-spliced,USD:US dollar,_Z:Not applicable,B:Adjusted for breaks,US dollar,Billions,2013-03-31,F:Free (free for publication),,A:Normal value,1746.0301401118
"BIS,WS_CBTA,1.0",M.JP.B.USD._Z.B,M:Monthly,JP:Japan,B:BIS-spliced,USD:US dollar,_Z:Not applicable,B:Adjusted for breaks,US dollar,Billions,2013-04-30,F:Free (free for publication),,A:Normal value,1793.1406869196
"BIS,WS_CBTA,1.0",M.JP.B.USD._Z.B,M:Monthly,JP:Japan,B:BIS-spliced,USD:US dollar,_Z:Not applicable,B:Adjusted for breaks,US dollar,Billions,2013-05-31,F:Free (free for publication),,A:Normal value,1837.0698394089
"BIS,WS_CBTA,1.0",M.JP.B.USD._Z.B,M:Monthly,JP:Japan,B:BIS-spliced,USD:US dollar,_Z:Not applicable,B:Adjusted for breaks,US dollar,Billions,2013-06-30,F:Free (free for publication),,A:Normal value,1891.0693876059
"BIS,WS_CBTA,1.0",M.JP.B.USD._Z.B,M:Monthly,JP:Japan,B:BIS-spliced,USD:US dollar,_Z:Not applicable,B:Adjusted for breaks,US dollar,Billions,2013-07-31,F:Free (free for publication),,A:Normal value,2009.2029039532
"BIS,WS_CBTA,1.0",M.JP.B.USD._Z.B,M:Monthly,JP:Japan,B:BIS-spliced,USD:US dollar,_Z:Not applicable,B:Adjusted for breaks,US dollar,Billions,2013-08-31,F:Free (free for publication),,A:Normal value,2093.9396700021
"BIS,WS_CBTA,1.0",M.JP.B.USD._Z.B,M:Monthly,JP:Japan,B:BIS-spliced,USD:US dollar,_Z:Not applicable,B:Adjusted for breaks,US dollar,Billions,2013-09-30,F:Free (free for publication),,A:Normal value,2140.4523068181
"BIS,WS_CBTA,1.0",M.JP.B.USD._Z.B,M:Monthly,JP:Japan,B:BIS-spliced,USD:US dollar,_Z:Not applicable,B:Adjusted for breaks,US dollar,Billions,2013-10-31,F:Free (free for publication),,A:Normal value,2194.0661151443
"BIS,WS_CBTA,1.0",M.JP.B.USD._Z.B,M:Monthly,JP:Japan,B:BIS-spliced,USD:US dollar,_Z:Not applicable,B:Adjusted for breaks,US dollar,Billions,2013-11-30,F:Free (free for publication),,A:Normal value,2190.9867432322
"BIS,WS_CBTA,1.0",M.JP.B.USD._Z.B,M:Monthly,JP:Japan,B:BIS-spliced,USD:US dollar,_Z:Not applicable,B:Adjusted for breaks,US dollar,Billions,2013-12-31,F:Free (free for publication),,A:Normal value,2136.4014331395
"BIS,WS_CBTA,1.0",M.JP.B.USD._Z.B,M:Monthly,JP:Japan,B:BIS-spliced,USD:US dollar,_Z:Not applicable,B:Adjusted for breaks,US dollar,Billions,2014-01-31,F:Free (free for publication),,A:Normal value,2271.8582770935
"BIS,WS_CBTA,1.0",M.JP.B.USD._Z.B,M:Monthly,JP:Japan,B:BIS-spliced,USD:US dollar,_Z:Not applicable,B:Adjusted for breaks,US dollar,Billions,2014-02-28,F:Free (free for publication),,A:Normal value,2361.7568230528
"BIS,WS_CBTA,1.0",M.JP.B.USD._Z.B,M:Monthly,JP:Japan,B:BIS-spliced,USD:US dollar,_Z:Not applicable,B:Adjusted for breaks,US dollar,Billions,2014-03-31,F:Free (free for publication),,A:Normal value,2338.7882967703
"BIS,WS_CBTA,1.0",M.JP.B.USD._Z.B,M:Monthly,JP:Japan,B:BIS-spliced,USD:US dollar,_Z:Not applicable,B:Adjusted for breaks,US dollar,Billions,2014-04-30,F:Free (free for publication),,A:Normal value,2399.9036748923
"BIS,WS_CBTA,1.0",M.JP.B.USD._Z.B,M:Monthly,JP:Japan,B:BIS-spliced,USD:US dollar,_Z:Not applicable,B:Adjusted for breaks,US dollar,Billions,2014-05-31,F:Free (free for publication),,A:Normal value,2497.6948693575
"BIS,WS_CBTA,1.0",M.JP.B.USD._Z.B,M:Monthly,JP:Japan,B:BIS-spliced,USD:US dollar,_Z:Not applicable,B:Adjusted for breaks,US dollar,Billions,2014-06-30,F:Free (free for publication),,A:Normal value,2542.9816836689
"BIS,WS_CBTA,1.0",M.JP.B.USD._Z.B,M:Monthly,JP:Japan,B:BIS-spliced,USD:US dollar,_Z:Not applicable,B:Adjusted for breaks,US dollar,Billions,2014-07-31,F:Free (free for publication),,A:Normal value,2614.061830476
"BIS,WS_CBTA,1.0",M.JP.B.USD._Z.B,M:Monthly,JP:Japan,B:BIS-spliced,USD:US dollar,_Z:Not applicable,B:Adjusted for breaks,US dollar,Billions,2014-08-31,F:Free (free for publication),,A:Normal value,2653.7158986414
"BIS,WS_CBTA,1.0",M.JP.B.USD._Z.B,M:Monthly,JP:Japan,B:BIS-spliced,USD:US dollar,_Z:Not applicable,B:Adjusted for breaks,US dollar,Billions,2014-09-30,F:Free (free for publication),,A:Normal value,2524.612082856
"BIS,WS_CBTA,1.0",M.JP.B.USD._Z.B,M:Monthly,JP:Japan,B:BIS-spliced,USD:US dollar,_Z:Not applicable,B:Adjusted for breaks,US dollar,Billions,2014-10-31,F:Free (free for publication),,A:Normal value,2562.6759283395
"BIS,WS_CBTA,1.0",M.JP.B.USD._Z.B,M:Monthly,JP:Japan,B:BIS-spliced,USD:US dollar,_Z:Not applicable,B:Adjusted for breaks,US dollar,Billions,2014-11-30,F:Free (free for publication),,A:Normal value,2513.4595206376
"BIS,WS_CBTA,1.0",M.JP.B.USD._Z.B,M:Monthly,JP:Japan,B:BIS-spliced,USD:US dollar,_Z:Not applicable,B:Adjusted for breaks,US dollar,Billions,2014-12-31,F:Free (free for publication),,A:Normal value,2509.7226855317
"BIS,WS_CBTA,1.0",M.JP.B.USD._Z.B,M:Monthly,JP:Japan,B:BIS-spliced,USD:US dollar,_Z:Not applicable,B:Adjusted for breaks,US dollar,Billions,2015-01-31,F:Free (free for publication),,A:Normal value,2643.3813455471
"BIS,WS_CBTA,1.0",M.JP.B.USD._Z.B,M:Monthly,JP:Japan,B:BIS-spliced,USD:US dollar,_Z:Not applicable,B:Adjusted for breaks,US dollar,Billions,2015-02-28,F:Free (free for publication),,A:Normal value,2686.882377513
"BIS,WS_CBTA,1.0",M.JP.B.USD._Z.B,M:Monthly,JP:Japan,B:BIS-spliced,USD:US dollar,_Z:Not applicable,B:Adjusted for breaks,US dollar,Billions,2015-03-31,F:Free (free for publication),,A:Normal value,2699.9182816611
"BIS,WS_CBTA,1.0",M.JP.B.USD._Z.B,M:Monthly,JP:Japan,B:BIS-spliced,USD:US dollar,_Z:Not applicable,B:Adjusted for breaks,US dollar,Billions,2015-04-30,F:Free (free for publication),,A:Normal value,2800.9609755283
"BIS,WS_CBTA,1.0",M.JP.B.USD._Z.B,M:Monthly,JP:Japan,B:BIS-spliced,USD:US dollar,_Z:Not applicable,B:Adjusted for breaks,US dollar,Billions,2015-05-31,F:Free (free for publication),,A:Normal value,2768.8473657601
"BIS,WS_CBTA,1.0",M.JP.B.USD._Z.B,M:Monthly,JP:Japan,B:BIS-spliced,USD:US dollar,_Z:Not applicable,B:Adjusted for breaks,US dollar,Billions,2015-06-30,F:Free (free for publication),,A:Normal value,2821.0514342757
"BIS,WS_CBTA,1.0",M.JP.B.USD._Z.B,M:Monthly,JP:Japan,B:BIS-spliced,USD:US dollar,_Z:Not applicable,B:Adjusted for breaks,US dollar,Billions,2015-07-31,F:Free (free for publication),,A:Normal value,2849.8924656453
"BIS,WS_CBTA,1.0",M.JP.B.USD._Z.B,M:Monthly,JP:Japan,B:BIS-spliced,USD:US dollar,_Z:Not applicable,B:Adjusted for breaks,US dollar,Billions,2015-08-31,F:Free (free for publication),,A:Normal value,2979.1752772377
"BIS,WS_CBTA,1.0",M.JP.B.USD._Z.B,M:Monthly,JP:Japan,B:BIS-spliced,USD:US dollar,_Z:Not applicable,B:Adjusted for breaks,US dollar,Billions,2015-09-30,F:Free (free for publication),,A:Normal value,3045.3112650286
"BIS,WS_CBTA,1.0",M.JP.B.USD._Z.B,M:Monthly,JP:Japan,B:BIS-spliced,USD:US dollar,_Z:Not applicable,B:Adjusted for breaks,US dollar,Billions,2015-10-31,F:Free (free for publication),,A:Normal value,3097.1110164304
"BIS,WS_CBTA,1.0",M.JP.B.USD._Z.B,M:Monthly,JP:Japan,B:BIS-spliced,USD:US dollar,_Z:Not applicable,B:Adjusted for breaks,US dollar,Billions,2015-11-30,F:Free (free for publication),,A:Normal value,3097.2878050175
"BIS,WS_CBTA,1.0",M.JP.B.USD._Z.B,M:Monthly,JP:Japan,B:BIS-spliced,USD:US dollar,_Z:Not applicable,B:Adjusted for breaks,US dollar,Billions,2015-12-31,F:Free (free for publication),,A:Normal value,3182.1869641535
"BIS,WS_CBTA,1.0",M.JP.B.USD._Z.B,M:Monthly,JP:Japan,B:BIS-spliced,USD:US dollar,_Z:Not applicable,B:Adjusted for breaks,US dollar,Billions,2016-01-31,F:Free (free for publication),,A:Normal value,3273.5212113341
"BIS,WS_CBTA,1.0",M.JP.B.USD._Z.B,M:Monthly,JP:Japan,B:BIS-spliced,USD:US dollar,_Z:Not applicable,B:Adjusted for breaks,US dollar,Billions,2016-02-29,F:Free (free for publication),,A:Normal value,3570.3063993181
"BIS,WS_CBTA,1.0",M.JP.B.USD._Z.B,M:Monthly,JP:Japan,B:BIS-spliced,USD:US dollar,_Z:Not applicable,B:Adjusted for breaks,US dollar,Billions,2016-03-31,F:Free (free for publication),,A:Normal value,3610.8707042399
"BIS,WS_CBTA,1.0",M.JP.B.USD._Z.B,M:Monthly,JP:Japan,B:BIS-spliced,USD:US dollar,_Z:Not applicable,B:Adjusted for breaks,US dollar,Billions,2016-04-30,F:Free (free for publication),,A:Normal value,3862.6688448379
"BIS,WS_CBTA,1.0",M.JP.B.USD._Z.B,M:Monthly,JP:Japan,B:BIS-spliced,USD:US dollar,_Z:Not applicable,B:Adjusted for breaks,US dollar,Billions,2016-05-31,F:Free (free for publication),,A:Normal value,3834.2241956156
"BIS,WS_CBTA,1.0",M.JP.B.USD._Z.B,M:Monthly,JP:Japan,B:BIS-spliced,USD:US dollar,_Z:Not applicable,B:Adjusted for breaks,US dollar,Billions,2016-06-30,F:Free (free for publication),,A:Normal value,4212.6137448815
"BIS,WS_CBTA,1.0",M.JP.B.USD._Z.B,M:Monthly,JP:Japan,B:BIS-spliced,USD:US dollar,_Z:Not applicable,B:Adjusted for breaks,US dollar,Billions,2016-07-31,F:Free (free for publication),,A:Normal value,4288.0792320995
"BIS,WS_CBTA,1.0",M.JP.B.USD._Z.B,M:Monthly,JP:Japan,B:BIS-spliced,USD:US dollar,_Z:Not applicable,B:Adjusted for breaks,US dollar,Billions,2016-08-31,F:Free (free for publication),,A:Normal value,4384.4670879966
"BIS,WS_CBTA,1.0",M.JP.B.USD._Z.B,M:Monthly,JP:Japan,B:BIS-spliced,USD:US dollar,_Z:Not applicable,B:Adjusted for breaks,US dollar,Billions,2016-09-30,F:Free (free for publication),,A:Normal value,4508.2761839932
"BIS,WS_CBTA,1.0",M.JP.B.USD._Z.B,M:Monthly,JP:Japan,B:BIS-spliced,USD:US dollar,_Z:Not applicable,B:Adjusted for breaks,US dollar,Billions,2016-10-31,F:Free (free for publication),,A:Normal value,4411.8387716747
"BIS,WS_CBTA,1.0",M.JP.B.USD._Z.B,M:Monthly,JP:Japan,B:BIS-spliced,USD:US dollar,_Z:Not applicable,B:Adjusted for breaks,US dollar,Billions,2016-11-30,F:Free (free for publication),,A:Normal value,4158.763424911
"BIS,WS_CBTA,1.0",M.JP.B.USD._Z.B,M:Monthly,JP:Japan,B:BIS-spliced,USD:US dollar,_Z:Not applicable,B:Adjusted for breaks,US dollar,Billions,2016-12-31,F:Free (free for publication),,A:Normal value,4070.3123310258
"BIS,WS_CBTA,1.0",M.JP.B.USD._Z.B,M:Monthly,JP:Japan,B:BIS-spliced,USD:US dollar,_Z:Not applicable,B:Adjusted for breaks,US dollar,Billions,2017-01-31,F:Free (free for publication),,A:Normal value,4251.0359184456
"BIS,WS_CBTA,1.0",M.JP.B.USD._Z.B,M:Monthly,JP:Japan,B:BIS-spliced,USD:US dollar,_Z:Not applicable,B:Adjusted for breaks,US dollar,Billions,2017-02-28,F:Free (free for publication),,A:Normal value,4350.9955053488
"BIS,WS_CBTA,1.0",M.JP.B.USD._Z.B,M:Monthly,JP:Japan,B:BIS-spliced,USD:US dollar,_Z:Not applicable,B:Adjusted for breaks,US dollar,Billions,2017-03-31,F:Free (free for publication),,A:Normal value,4382.7224533508
"BIS,WS_CBTA,1.0",M.JP.B.USD._Z.B,M:Monthly,JP:Japan,B:BIS-spliced,USD:US dollar,_Z:Not applicable,B:Adjusted for breaks,US dollar,Billions,2017-04-30,F:Free (free for publication),,A:Normal value,4468.1069808221
"BIS,WS_CBTA,1.0",M.JP.B.USD._Z.B,M:Monthly,JP:Japan,B:BIS-spliced,USD:US dollar,_Z:Not applicable,B:Adjusted for breaks,US dollar,Billions,2017-05-31,F:Free (free for publication),,A:Normal value,4517.2715409578
"BIS,WS_CBTA,1.0",M.JP.B.USD._Z.B,M:Monthly,JP:Japan,B:BIS-spliced,USD:US dollar,_Z:Not applicable,B:Adjusted for breaks,US dollar,Billions,2017-06-30,F:Free (free for publication),,A:Normal value,4485.3707003514
"BIS,WS_CBTA,1.0",M.JP.B.USD._Z.B,M:Monthly,JP:Japan,B:BIS-spliced,USD:US dollar,_Z:Not applicable,B:Adjusted for breaks,US dollar,Billions,2017-07-31,F:Free (free for publication),,A:Normal value,4571.0905796285
"BIS,WS_CBTA,1.0",M.JP.B.USD._Z.B,M:Monthly,JP:Japan,B:BIS-spliced,USD:US dollar,_Z:Not applicable,B:Adjusted for breaks,US dollar,Billions,2017-08-31,F:Free (free for publication),,A:Normal value,4624.636296048
"BIS,WS_CBTA,1.0",M.JP.B.USD._Z.B,M:Monthly,JP:Japan,B:BIS-spliced,USD:US dollar,_Z:Not applicable,B:Adjusted for breaks,US dollar,Billions,2017-09-30,F:Free (free for publication),,A:Normal value,4563.8589666374
"BIS,WS_CBTA,1.0",M.JP.B.USD._Z.B,M:Monthly,JP:Japan,B:BIS-spliced,USD:US dollar,_Z:Not applicable,B:Adjusted for breaks,US dollar,Billions,2017-10-31,F:Free (free for publication),,A:Normal value,4567.4397854729
"BIS,WS_CBTA,1.0",M.JP.B.USD._Z.B,M:Monthly,JP:Japan,B:BIS-spliced,USD:US dollar,_Z:Not applicable,B:Adjusted for breaks,US dollar,Billions,2017-11-30,F:Free (free for publication),,A:Normal value,4646.4676593217
"BIS,WS_CBTA,1.0",M.JP.B.USD._Z.B,M:Monthly,JP:Japan,B:BIS-spliced,USD:US dollar,_Z:Not applicable,B:Adjusted for breaks,US dollar,Billions,2017-12-31,F:Free (free for publication),,A:Normal value,4631.7630246458
"BIS,WS_CBTA,1.0",M.JP.B.USD._Z.B,M:Monthly,JP:Japan,B:BIS-spliced,USD:US dollar,_Z:Not applicable,B:Adjusted for breaks,US dollar,Billions,2018-01-31,F:Free (free for publication),,A:Normal value,4838.6038095141
"BIS,WS_CBTA,1.0",M.JP.B.USD._Z.B,M:Monthly,JP:Japan,B:BIS-spliced,USD:US dollar,_Z:Not applicable,B:Adjusted for breaks,US dollar,Billions,2018-02-28,F:Free (free for publication),,A:Normal value,4981.8319553558
"BIS,WS_CBTA,1.0",M.JP.B.USD._Z.B,M:Monthly,JP:Japan,B:BIS-spliced,USD:US dollar,_Z:Not applicable,B:Adjusted for breaks,US dollar,Billions,2018-03-31,F:Free (free for publication),,A:Normal value,4963.0246930502
"BIS,WS_CBTA,1.0",M.JP.B.USD._Z.B,M:Monthly,JP:Japan,B:BIS-spliced,USD:US dollar,_Z:Not applicable,B:Adjusted for breaks,US dollar,Billions,2018-04-30,F:Free (free for publication),,A:Normal value,4891.6749945209
"BIS,WS_CBTA,1.0",M.JP.B.USD._Z.B,M:Monthly,JP:Japan,B:BIS-spliced,USD:US dollar,_Z:Not applicable,B:Adjusted for breaks,US dollar,Billions,2018-05-31,F:Free (free for publication),,A:Normal value,4968.8693403894
"BIS,WS_CBTA,1.0",M.JP.B.USD._Z.B,M:Monthly,JP:Japan,B:BIS-spliced,USD:US dollar,_Z:Not applicable,B:Adjusted for breaks,US dollar,Billions,2018-06-30,F:Free (free for publication),,A:Normal value,4851.6288224354
"BIS,WS_CBTA,1.0",M.JP.B.USD._Z.B,M:Monthly,JP:Japan,B:BIS-spliced,USD:US dollar,_Z:Not applicable,B:Adjusted for breaks,US dollar,Billions,2018-07-31,F:Free (free for publication),,A:Normal value,4900.262567436
"BIS,WS_CBTA,1.0",M.JP.B.USD._Z.B,M:Monthly,JP:Japan,B:BIS-spliced,USD:US dollar,_Z:Not applicable,B:Adjusted for breaks,US dollar,Billions,2018-08-31,F:Free (free for publication),,A:Normal value,4974.0091515197
"BIS,WS_CBTA,1.0",M.JP.B.USD._Z.B,M:Monthly,JP:Japan,B:BIS-spliced,USD:US dollar,_Z:Not applicable,B:Adjusted for breaks,US dollar,Billions,2018-09-30,F:Free (free for publication),,A:Normal value,4813.3639702587
"BIS,WS_CBTA,1.0",M.JP.B.USD._Z.B,M:Monthly,JP:Japan,B:BIS-spliced,USD:US dollar,_Z:Not applicable,B:Adjusted for breaks,US dollar,Billions,2018-10-31,F:Free (free for publication),,A:Normal value,4873.4557079235
"BIS,WS_CBTA,1.0",M.JP.B.USD._Z.B,M:Monthly,JP:Japan,B:BIS-spliced,USD:US dollar,_Z:Not applicable,B:Adjusted for breaks,US dollar,Billions,2018-11-30,F:Free (free for publication),,A:Normal value,4891.8023763655
"BIS,WS_CBTA,1.0",M.JP.B.USD._Z.B,M:Monthly,JP:Japan,B:BIS-spliced,USD:US dollar,_Z:Not applicable,B:Adjusted for breaks,US dollar,Billions,2018-12-31,F:Free (free for publication),,A:Normal value,5022.9362105171
"BIS,WS_CBTA,1.0",M.JP.B.USD._Z.B,M:Monthly,JP:Japan,B:BIS-spliced,USD:US dollar,_Z:Not applicable,B:Adjusted for breaks,US dollar,Billions,2019-01-31,F:Free (free for publication),,A:Normal value,5126.0908560619
"BIS,WS_CBTA,1.0",M.JP.B.USD._Z.B,M:Monthly,JP:Japan,B:BIS-spliced,USD:US dollar,_Z:Not applicable,B:Adjusted for breaks,US dollar,Billions,2019-02-28,F:Free (free for publication),,A:Normal value,5073.512710498
"BIS,WS_CBTA,1.0",M.JP.B.USD._Z.B,M:Monthly,JP:Japan,B:BIS-spliced,USD:US dollar,_Z:Not applicable,B:Adjusted for breaks,US dollar,Billions,2019-03-31,F:Free (free for publication),,A:Normal value,5028.660534767
"BIS,WS_CBTA,1.0",M.JP.B.USD._Z.B,M:Monthly,JP:Japan,B:BIS-spliced,USD:US dollar,_Z:Not applicable,B:Adjusted for breaks,US dollar,Billions,2019-04-30,F:Free (free for publication),,A:Normal value,5046.7593862101
"BIS,WS_CBTA,1.0",M.JP.B.USD._Z.B,M:Monthly,JP:Japan,B:BIS-spliced,USD:US dollar,_Z:Not applicable,B:Adjusted for breaks,US dollar,Billions,2019-05-31,F:Free (free for publication),,A:Normal value,5215.1085558634
"BIS,WS_CBTA,1.0",M.JP.B.USD._Z.B,M:Monthly,JP:Japan,B:BIS-spliced,USD:US dollar,_Z:Not applicable,B:Adjusted for breaks,US dollar,Billions,2019-06-30,F:Free (free for publication),,A:Normal value,5243.2143153345
"BIS,WS_CBTA,1.0",M.JP.B.USD._Z.B,M:Monthly,JP:Japan,B:BIS-spliced,USD:US dollar,_Z:Not applicable,B:Adjusted for breaks,US dollar,Billions,2019-07-31,F:Free (free for publication),,A:Normal value,5235.6837637212
"BIS,WS_CBTA,1.0",M.JP.B.USD._Z.B,M:Monthly,JP:Japan,B:BIS-spliced,USD:US dollar,_Z:Not applicable,B:Adjusted for breaks,US dollar,Billions,2019-08-31,F:Free (free for publication),,A:Normal value,5389.2642228802
"BIS,WS_CBTA,1.0",M.JP.B.USD._Z.B,M:Monthly,JP:Japan,B:BIS-spliced,USD:US dollar,_Z:Not applicable,B:Adjusted for breaks,US dollar,Billions,2019-09-30,F:Free (free for publication),,A:Normal value,5276.4525332477
"BIS,WS_CBTA,1.0",M.JP.B.USD._Z.B,M:Monthly,JP:Japan,B:BIS-spliced,USD:US dollar,_Z:Not applicable,B:Adjusted for breaks,US dollar,Billions,2019-10-31,F:Free (free for publication),,A:Normal value,5318.5002841438
"BIS,WS_CBTA,1.0",M.JP.B.USD._Z.B,M:Monthly,JP:Japan,B:BIS-spliced,USD:US dollar,_Z:Not applicable,B:Adjusted for breaks,US dollar,Billions,2019-11-30,F:Free (free for publication),,A:Normal value,5275.6295057843
"BIS,WS_CBTA,1.0",M.JP.B.USD._Z.B,M:Monthly,JP:Japan,B:BIS-spliced,USD:US dollar,_Z:Not applicable,B:Adjusted for breaks,US dollar,Billions,2019-12-31,F:Free (free for publication),,A:Normal value,5279.382089833
"BIS,WS_CBTA,1.0",M.JP.B.USD._Z.B,M:Monthly,JP:Japan,B:BIS-spliced,USD:US dollar,_Z:Not applicable,B:Adjusted for breaks,US dollar,Billions,2020-01-31,F:Free (free for publication),,A:Normal value,5310.9768316837
"BIS,WS_CBTA,1.0",M.JP.B.USD._Z.B,M:Monthly,JP:Japan,B:BIS-spliced,USD:US dollar,_Z:Not applicable,B:Adjusted for breaks,US dollar,Billions,2020-02-29,F:Free (free for publication),,A:Normal value,5379.252360908
"BIS,WS_CBTA,1.0",M.JP.B.USD._Z.B,M:Monthly,JP:Japan,B:BIS-spliced,USD:US dollar,_Z:Not applicable,B:Adjusted for breaks,US dollar,Billions,2020-03-31,F:Free (free for publication),,A:Normal value,5570.0027631419
"BIS,WS_CBTA,1.0",M.JP.B.USD._Z.B,M:Monthly,JP:Japan,B:BIS-spliced,USD:US dollar,_Z:Not applicable,B:Adjusted for breaks,US dollar,Billions,2020-04-30,F:Free (free for publication),,A:Normal value,5810.4572359754
"BIS,WS_CBTA,1.0",M.JP.B.USD._Z.B,M:Monthly,JP:Japan,B:BIS-spliced,USD:US dollar,_Z:Not applicable,B:Adjusted for breaks,US dollar,Billions,2020-05-31,F:Free (free for publication),,A:Normal value,5961.407267399
"BIS,WS_CBTA,1.0",M.JP.B.USD._Z.B,M:Monthly,JP:Japan,B:BIS-spliced,USD:US dollar,_Z:Not applicable,B:Adjusted for breaks,US dollar,Billions,2020-06-30,F:Free (free for publication),,A:Normal value,6022.6251943084
"BIS,WS_CBTA,1.0",M.JP.B.USD._Z.B,M:Monthly,JP:Japan,B:BIS-spliced,USD:US dollar,_Z:Not applicable,B:Adjusted for breaks,US dollar,Billions,2020-07-31,F:Free (free for publication),,A:Normal value,6346.559269708
"BIS,WS_CBTA,1.0",M.JP.B.USD._Z.B,M:Monthly,JP:Japan,B:BIS-spliced,USD:US dollar,_Z:Not applicable,B:Adjusted for breaks,US dollar,Billions,2020-08-31,F:Free (free for publication),,A:Normal value,6447.2318039456
"BIS,WS_CBTA,1.0",M.JP.B.USD._Z.B,M:Monthly,JP:Japan,B:BIS-spliced,USD:US dollar,_Z:Not applicable,B:Adjusted for breaks,US dollar,Billions,2020-09-30,F:Free (free for publication),,A:Normal value,6527.8239398345
"BIS,WS_CBTA,1.0",M.JP.B.USD._Z.B,M:Monthly,JP:Japan,B:BIS-spliced,USD:US dollar,_Z:Not applicable,B:Adjusted for breaks,US dollar,Billions,2020-10-31,F:Free (free for publication),,A:Normal value,6675.30651346
"BIS,WS_CBTA,1.0",M.JP.B.USD._Z.B,M:Monthly,JP:Japan,B:BIS-spliced,USD:US dollar,_Z:Not applicable,B:Adjusted for breaks,US dollar,Billions,2020-11-30,F:Free (free for publication),,A:Normal value,6771.0155807682
"BIS,WS_CBTA,1.0",M.JP.B.USD._Z.B,M:Monthly,JP:Japan,B:BIS-spliced,USD:US dollar,_Z:Not applicable,B:Adjusted for breaks,US dollar,Billions,2020-12-31,F:Free (free for publication),,A:Normal value,6815.8638136894
"BIS,WS_CBTA,1.0",M.JP.B.USD._Z.B,M:Monthly,JP:Japan,B:BIS-spliced,USD:US dollar,_Z:Not applicable,B:Adjusted for breaks,US dollar,Billions,2021-01-31,F:Free (free for publication),,A:Normal value,6777.1846638787
"BIS,WS_CBTA,1.0",M.JP.B.USD._Z.B,M:Monthly,JP:Japan,B:BIS-spliced,USD:US dollar,_Z:Not applicable,B:Adjusted for breaks,US dollar,Billions,2021-02-28,F:Free (free for publication),,A:Normal value,6704.5331486252
"BIS,WS_CBTA,1.0",M.JP.B.USD._Z.B,M:Monthly,JP:Japan,B:BIS-spliced,USD:US dollar,_Z:Not applicable,B:Adjusted for breaks,US dollar,Billions,2021-03-31,F:Free (free for publication),,A:Normal value,6449.2157359483
"BIS,WS_CBTA,1.0",M.JP.B.USD._Z.B,M:Monthly,JP:Japan,B:BIS-spliced,USD:US dollar,_Z:Not applicable,B:Adjusted for breaks,US dollar,Billions,2021-04-30,F:Free (free for publication),,A:Normal value,6611.3343131546
"BIS,WS_CBTA,1.0",M.JP.B.USD._Z.B,M:Monthly,JP:Japan,B:BIS-spliced,USD:US dollar,_Z:Not applicable,B:Adjusted for breaks,US dollar,Billions,2021-05-31,F:Free (free for publication),,A:Normal value,6608.3740536428
"BIS,WS_CBTA,1.0",M.JP.B.USD._Z.B,M:Monthly,JP:Japan,B:BIS-spliced,USD:US dollar,_Z:Not applicable,B:Adjusted for breaks,US dollar,Billions,2021-06-30,F:Free (free for publication),,A:Normal value,6482.2694481393
"BIS,WS_CBTA,1.0",M.JP.B.USD._Z.B,M:Monthly,JP:Japan,B:BIS-spliced,USD:US dollar,_Z:Not applicable,B:Adjusted for breaks,US dollar,Billions,2021-07-31,F:Free (free for publication),,A:Normal value,6592.9243488357
"BIS,WS_CBTA,1.0",M.JP.B.USD._Z.B,M:Monthly,JP:Japan,B:BIS-spliced,USD:US dollar,_Z:Not applicable,B:Adjusted for breaks,US dollar,Billions,2021-08-31,F:Free (free for publication),,A:Normal value,6617.8441693964
"BIS,WS_CBTA,1.0",M.JP.B.USD._Z.B,M:Monthly,JP:Japan,B:BIS-spliced,USD:US dollar,_Z:Not applicable,B:Adjusted for breaks,US dollar,Billions,2021-09-30,F:Free (free for publication),,A:Normal value,6465.5405583877
"BIS,WS_CBTA,1.0",M.JP.B.USD._Z.B,M:Monthly,JP:Japan,B:BIS-spliced,USD:US dollar,_Z:Not applicable,B:Adjusted for breaks,US dollar,Billions,2021-10-31,F:Free (free for publication),,A:Normal value,6367.6830334616
"BIS,WS_CBTA,1.0",M.JP.B.USD._Z.B,M:Monthly,JP:Japan,B:BIS-spliced,USD:US dollar,_Z:Not applicable,B:Adjusted for breaks,US dollar,Billions,2021-11-30,F:Free (free for publication),,A:Normal value,6454.5615877171
"BIS,WS_CBTA,1.0",M.JP.B.USD._Z.B,M:Monthly,JP:Japan,B:BIS-spliced,USD:US dollar,_Z:Not applicable,B:Adjusted for breaks,US dollar,Billions,2021-12-31,F:Free (free for publication),,A:Normal value,6287.2929811471
"BIS,WS_CBTA,1.0",M.JP.B.USD._Z.B,M:Monthly,JP:Japan,B:BIS-spliced,USD:US dollar,_Z:Not applicable,B:Adjusted for breaks,US dollar,Billions,2022-01-31,F:Free (free for publication),,A:Normal value,6281.3191338072
"BIS,WS_CBTA,1.0",M.JP.B.USD._Z.B,M:Monthly,JP:Japan,B:BIS-spliced,USD:US dollar,_Z:Not applicable,B:Adjusted for breaks,US dollar,Billions,2022-02-28,F:Free (free for publication),,A:Normal value,6327.0348579028
"BIS,WS_CBTA,1.0",M.JP.B.USD._Z.B,M:Monthly,JP:Japan,B:BIS-spliced,USD:US dollar,_Z:Not applicable,B:Adjusted for breaks,US dollar,Billions,2022-03-31,F:Free (free for publication),,A:Normal value,6046.5710643651
"BIS,WS_CBTA,1.0",M.JP.B.USD._Z.B,M:Monthly,JP:Japan,B:BIS-spliced,USD:US dollar,_Z:Not applicable,B:Adjusted for breaks,US dollar,Billions,2022-04-30,F:Free (free for publication),,A:Normal value,5682.6570542318
"BIS,WS_CBTA,1.0",M.JP.B.USD._Z.B,M:Monthly,JP:Japan,B:BIS-spliced,USD:US dollar,_Z:Not applicable,B:Adjusted for breaks,US dollar,Billions,2022-05-31,F:Free (free for publication),,A:Normal value,5744.0515026382
"BIS,WS_CBTA,1.0",M.JP.B.USD._Z.B,M:Monthly,JP:Japan,B:BIS-spliced,USD:US dollar,_Z:Not applicable,B:Adjusted for breaks,US dollar,Billions,2022-06-30,F:Free (free for publication),,A:Normal value,5377.1885966356
"BIS,WS_CBTA,1.0",M.JP.B.USD._Z.B,M:Monthly,JP:Japan,B:BIS-spliced,USD:US dollar,_Z:Not applicable,B:Adjusted for breaks,US dollar,Billions,2022-07-31,F:Free (free for publication),,A:Normal value,5422.3674896911
"BIS,WS_CBTA,1.0",M.JP.B.USD._Z.B,M:Monthly,JP:Japan,B:BIS-spliced,USD:US dollar,_Z:Not applicable,B:Adjusted for breaks,US dollar,Billions,2022-08-31,F:Free (free for publication),,A:Normal value,5112.8085351788
"BIS,WS_CBTA,1.0",M.JP.B.USD._Z.B,M:Monthly,JP:Japan,B:BIS-spliced,USD:US dollar,_Z:Not applicable,B:Adjusted for breaks,US dollar,Billions,2022-09-30,F:Free (free for publication),,A:Normal value,4740.8572905936
"BIS,WS_CBTA,1.0",M.JP.B.USD._Z.B,M:Monthly,JP:Japan,B:BIS-spliced,USD:US dollar,_Z:Not applicable,B:Adjusted for breaks,US dollar,Billions,2022-10-31,F:Free (free for publication),,A:Normal value,4680.9226848167
"BIS,WS_CBTA,1.0",M.JP.B.USD._Z.B,M:Monthly,JP:Japan,B:BIS-spliced,USD:US dollar,_Z:Not applicable,B:Adjusted for breaks,US dollar,Billions,2022-11-30,F:Free (free for publication),,A:Normal value,5033.3315694805
"BIS,WS_CBTA,1.0",M.JP.B.USD._Z.B,M:Monthly,JP:Japan,B:BIS-spliced,USD:US dollar,_Z:Not applicable,B:Adjusted for breaks,US dollar,Billions,2022-12-31,F:Free (free for publication),,A:Normal value,5337.8636358342
"BIS,WS_CBTA,1.0",M.JP.B.USD._Z.B,M:Monthly,JP:Japan,B:BIS-spliced,USD:US dollar,_Z:Not applicable,B:Adjusted for breaks,US dollar,Billions,2023-01-31,F:Free (free for publication),,A:Normal value,5626.811438142
"BIS,WS_CBTA,1.0",M.JP.B.USD._Z.B,M:Monthly,JP:Japan,B:BIS-spliced,USD:US dollar,_Z:Not applicable,B:Adjusted for breaks,US dollar,Billions,2023-02-28,F:Free (free for publication),,A:Normal value,5407.6981644843
"BIS,WS_CBTA,1.0",M.JP.B.USD._Z.B,M:Monthly,JP:Japan,B:BIS-spliced,USD:US dollar,_Z:Not applicable,B:Adjusted for breaks,US dollar,Billions,2023-03-31,F:Free (free for publication),,A:Normal value,5519.8453132425
"BIS,WS_CBTA,1.0",M.JP.B.USD._Z.B,M:Monthly,JP:Japan,B:BIS-spliced,USD:US dollar,_Z:Not applicable,B:Adjusted for breaks,US dollar,Billions,2023-04-30,F:Free (free for publication),,A:Normal value,5441.4042151305
"BIS,WS_CBTA,1.0",M.JP.B.USD._Z.B,M:Monthly,JP:Japan,B:BIS-spliced,USD:US dollar,_Z:Not applicable,B:Adjusted for breaks,US dollar,Billions,2023-05-31,F:Free (free for publication),,A:Normal value,5340.7965474905
"BIS,WS_CBTA,1.0",M.JP.B.USD._Z.B,M:Monthly,JP:Japan,B:BIS-spliced,USD:US dollar,_Z:Not applicable,B:Adjusted for breaks,US dollar,Billions,2023-06-30,F:Free (free for publication),,A:Normal value,5066.7564837856
"BIS,WS_CBTA,1.0",M.JP.B.USD._Z.B,M:Monthly,JP:Japan,B:BIS-spliced,USD:US dollar,_Z:Not applicable,B:Adjusted for breaks,US dollar,Billions,2023-07-31,F:Free (free for publication),,A:Normal value,5215.8574249322
"BIS,WS_CBTA,1.0",M.JP.B.USD._Z.B,M:Monthly,JP:Japan,B:BIS-spliced,USD:US dollar,_Z:Not applicable,B:Adjusted for breaks,US dollar,Billions,2023-08-31,F:Free (free for publication),,A:Normal value,5132.8832257436
"BIS,WS_CBTA,1.0",M.JP.B.USD._Z.B,M:Monthly,JP:Japan,B:BIS-spliced,USD:US dollar,_Z:Not applicable,B:Adjusted for breaks,US dollar,Billions,2023-09-30,F:Free (free for publication),,A:Normal value,4968.5994107458
"BIS,WS_CBTA,1.0",M.JP.B.USD._Z.B,M:Monthly,JP:Japan,B:BIS-spliced,USD:US dollar,_Z:Not applicable,B:Adjusted for breaks,US dollar,Billions,2023-10-31,F:Free (free for publication),,A:Normal value,4972.6478275758
"BIS,WS_CBTA,1.0",M.JP.B.USD._Z.B,M:Monthly,JP:Japan,B:BIS-spliced,USD:US dollar,_Z:Not applicable,B:Adjusted for breaks,US dollar,Billions,2023-11-30,F:Free (free for publication),,A:Normal value,5125.2786594627
"BIS,WS_CBTA,1.0",M.JP.B.USD._Z.B,M:Monthly,JP:Japan,B:BIS-spliced,USD:US dollar,_Z:Not applicable,B:Adjusted for breaks,US dollar,Billions,2023-12-31,F:Free (free for publication),,A:Normal value,5301.0256298576
"BIS,WS_CBTA,1.0",M.JP.B.USD._Z.B,M:Monthly,JP:Japan,B:BIS-spliced,USD:US dollar,_Z:Not applicable,B:Adjusted for breaks,US dollar,Billions,2024-01-31,F:Free (free for publication),,A:Normal value,5117.3424729177
"BIS,WS_CBTA,1.0",M.JP.B.USD._Z.B,M:Monthly,JP:Japan,B:BIS-spliced,USD:US dollar,_Z:Not applicable,B:Adjusted for breaks,US dollar,Billions,2024-02-29,F:Free (free for publication),,A:Normal value,5065.1712145925
"BIS,WS_CBTA,1.0",M.JP.B.USD._Z.B,M:Monthly,JP:Japan,B:BIS-spliced,USD:US dollar,_Z:Not applicable,B:Adjusted for breaks,US dollar,Billions,2024-03-31,F:Free (free for publication),,A:Normal value,5003.1753716041
"BIS,WS_CBTA,1.0",M.JP.B.USD._Z.B,M:Monthly,JP:Japan,B:BIS-spliced,USD:US dollar,_Z:Not applicable,B:Adjusted for breaks,US dollar,Billions,2024-04-30,F:Free (free for publication),,A:Normal value,4830.13769372
"BIS,WS_CBTA,1.0",M.JP.B.USD._Z.B,M:Monthly,JP:Japan,B:BIS-spliced,USD:US dollar,_Z:Not applicable,B:Adjusted for breaks,US dollar,Billions,2024-05-31,F:Free (free for publication),,A:Normal value,4843.5934181996
"BIS,WS_CBTA,1.0",M.JP.B.USD._Z.B,M:Monthly,JP:Japan,B:BIS-spliced,USD:US dollar,_Z:Not applicable,B:Adjusted for breaks,US dollar,Billions,2024-06-30,F:Free (free for publication),,A:Normal value,4692.3618710388
"BIS,WS_CBTA,1.0",M.JP.B.USD._Z.B,M:Monthly,JP:Japan,B:BIS-spliced,USD:US dollar,_Z:Not applicable,B:Adjusted for breaks,US dollar,Billions,2024-07-31,F:Free (free for publication),,A:Normal value,5067.4860287965
"BIS,WS_CBTA,1.0",M.JP.B.USD._Z.B,M:Monthly,JP:Japan,B:BIS-spliced,USD:US dollar,_Z:Not applicable,B:Adjusted for breaks,US dollar,Billions,2024-08-31,F:Free (free for publication),,A:Normal value,5260.5404068875
"BIS,WS_CBTA,1.0",M.JP.B.USD._Z.B,M:Monthly,JP:Japan,B:BIS-spliced,USD:US dollar,_Z:Not applicable,B:Adjusted for breaks,US dollar,Billions,2024-09-30,F:Free (free for publication),,A:Normal value,5277.1479356438
"BIS,WS_CBTA,1.0",M.JP.B.USD._Z.B,M:Monthly,JP:Japan,B:BIS-spliced,USD:US dollar,_Z:Not applicable,B:Adjusted for breaks,US dollar,Billions,2024-10-31,F:Free (free for publication),,A:Normal value,4952.6088901307
"BIS,WS_CBTA,1.0",M.JP.B.USD._Z.B,M:Monthly,JP:Japan,B:BIS-spliced,USD:US dollar,_Z:Not applicable,B:Adjusted for breaks,US dollar,Billions,2024-11-30,F:Free (free for publication),,A:Normal value,5059.6906796062
"BIS,WS_CBTA,1.0",M.JP.B.USD._Z.B,M:Monthly,JP:Japan,B:BIS-spliced,USD:US dollar,_Z:Not applicable,B:Adjusted for breaks,US dollar,Billions,2024-12-31,F:Free (free for publication),,A:Normal value,4765.6622664798
"BIS,WS_CBTA,1.0",M.JP.B.USD._Z.B,M:Monthly,JP:Japan,B:BIS-spliced,USD:US dollar,_Z:Not applicable,B:Adjusted for breaks,US dollar,Billions,2025-01-31,F:Free (free for publication),,A:Normal value,4805.256716009
