FREQ,REF_AREA,COMP_METHOD,UNIT_MEASURE,CURRENCY,TRANSFORMATION,COMMENT_DSET,DATA_COMP,METHOD_REF,COLLECTION_DETAIL,COMMENT_TS,DECIMALS,UNIT_MULT,BREAKS,SUPP_INFO_BREAKS,COMPILING_ORG,DISS_ORG,TITLE,TIME_FORMAT,COLLECTION,TIME_PERIOD,OBS_VALUE,FISCAL_YEAR,CONF_STATUS,OBS_STATUS,OBS_PRE_BREAK
M,US,B,XDC,USD,N,,From March 1989 onwards: Factors Affecting Reserve Balances (H.4.1). Between November 1914 and March 1989: Bao et al (2018): 'The Federal Reserve System's weekly balance sheet since 1914'.,BIS-spliced,"From March 1989 onwards: total assets from Table 5 of the H.4.1 Statistical Release (RESPPANWW). Between November 1914 and March 1989: total resources and assets (TOTRA via Federal Reserve Economic Data - FRED). Reference: C Bao, J Chen, N Fries, A Gibson, E Paine and K Schuler (2018): 'The Federal Reserve System's weekly balance sheet since 1914', Johns Hopkins Institute for Applied Economics, Global Health and the Study of Business Enterprise Studies, Studies in Applied Economics, no 115, July, https://econpapers.repec.org/paper/risjhisae/0115.htm.",,2,9,,Monthly: Mar 1989.,Board of Governors of the Federal Reserve System; Bank for International Settlements.,5B0,"United States - Central bank, assets, total, BIS-spliced",,E,2000-01,595.140415283,,F,A,
M,US,B,XDC,USD,N,,From March 1989 onwards: Factors Affecting Reserve Balances (H.4.1). Between November 1914 and March 1989: Bao et al (2018): 'The Federal Reserve System's weekly balance sheet since 1914'.,BIS-spliced,"From March 1989 onwards: total assets from Table 5 of the H.4.1 Statistical Release (RESPPANWW). Between November 1914 and March 1989: total resources and assets (TOTRA via Federal Reserve Economic Data - FRED). Reference: C Bao, J Chen, N Fries, A Gibson, E Paine and K Schuler (2018): 'The Federal Reserve System's weekly balance sheet since 1914', Johns Hopkins Institute for Applied Economics, Global Health and the Study of Business Enterprise Studies, Studies in Applied Economics, no 115, July, https://econpapers.repec.org/paper/risjhisae/0115.htm.",,2,9,,Monthly: Mar 1989.,Board of Governors of the Federal Reserve System; Bank for International Settlements.,5B0,"United States - Central bank, assets, total, BIS-spliced",,E,2000-02,588.664560384,,F,A,
M,US,B,XDC,USD,N,,From March 1989 onwards: Factors Affecting Reserve Balances (H.4.1). Between November 1914 and March 1989: Bao et al (2018): 'The Federal Reserve System's weekly balance sheet since 1914'.,BIS-spliced,"From March 1989 onwards: total assets from Table 5 of the H.4.1 Statistical Release (RESPPANWW). Between November 1914 and March 1989: total resources and assets (TOTRA via Federal Reserve Economic Data - FRED). Reference: C Bao, J Chen, N Fries, A Gibson, E Paine and K Schuler (2018): 'The Federal Reserve System's weekly balance sheet since 1914', Johns Hopkins Institute for Applied Economics, Global Health and the Study of Business Enterprise Studies, Studies in Applied Economics, no 115, July, https://econpapers.repec.org/paper/risjhisae/0115.htm.",,2,9,,Monthly: Mar 1989.,Board of Governors of the Federal Reserve System; Bank for International Settlements.,5B0,"United States - Central bank, assets, total, BIS-spliced",,E,2000-03,579.453907347,,F,A,
M,US,B,XDC,USD,N,,From March 1989 onwards: Factors Affecting Reserve Balances (H.4.1). Between November 1914 and March 1989: Bao et al (2018): 'The Federal Reserve System's weekly balance sheet since 1914'.,BIS-spliced,"From March 1989 onwards: total assets from Table 5 of the H.4.1 Statistical Release (RESPPANWW). Between November 1914 and March 1989: total resources and assets (TOTRA via Federal Reserve Economic Data - FRED). Reference: C Bao, J Chen, N Fries, A Gibson, E Paine and K Schuler (2018): 'The Federal Reserve System's weekly balance sheet since 1914', Johns Hopkins Institute for Applied Economics, Global Health and the Study of Business Enterprise Studies, Studies in Applied Economics, no 115, July, https://econpapers.repec.org/paper/risjhisae/0115.htm.",,2,9,,Monthly: Mar 1989.,Board of Governors of the Federal Reserve System; Bank for International Settlements.,5B0,"United States - Central bank, assets, total, BIS-spliced",,E,2000-04,608.138864815,,F,A,
M,US,B,XDC,USD,N,,From March 1989 onwards: Factors Affecting Reserve Balances (H.4.1). Between November 1914 and March 1989: Bao et al (2018): 'The Federal Reserve System's weekly balance sheet since 1914'.,BIS-spliced,"From March 1989 onwards: total assets from Table 5 of the H.4.1 Statistical Release (RESPPANWW). Between November 1914 and March 1989: total resources and assets (TOTRA via Federal Reserve Economic Data - FRED). Reference: C Bao, J Chen, N Fries, A Gibson, E Paine and K Schuler (2018): 'The Federal Reserve System's weekly balance sheet since 1914', Johns Hopkins Institute for Applied Economics, Global Health and the Study of Business Enterprise Studies, Studies in Applied Economics, no 115, July, https://econpapers.repec.org/paper/risjhisae/0115.htm.",,2,9,,Monthly: Mar 1989.,Board of Governors of the Federal Reserve System; Bank for International Settlements.,5B0,"United States - Central bank, assets, total, BIS-spliced",,E,2000-05,594.89577261,,F,A,
M,US,B,XDC,USD,N,,From March 1989 onwards: Factors Affecting Reserve Balances (H.4.1). Between November 1914 and March 1989: Bao et al (2018): 'The Federal Reserve System's weekly balance sheet since 1914'.,BIS-spliced,"From March 1989 onwards: total assets from Table 5 of the H.4.1 Statistical Release (RESPPANWW). Between November 1914 and March 1989: total resources and assets (TOTRA via Federal Reserve Economic Data - FRED). Reference: C Bao, J Chen, N Fries, A Gibson, E Paine and K Schuler (2018): 'The Federal Reserve System's weekly balance sheet since 1914', Johns Hopkins Institute for Applied Economics, Global Health and the Study of Business Enterprise Studies, Studies in Applied Economics, no 115, July, https://econpapers.repec.org/paper/risjhisae/0115.htm.",,2,9,,Monthly: Mar 1989.,Board of Governors of the Federal Reserve System; Bank for International Settlements.,5B0,"United States - Central bank, assets, total, BIS-spliced",,E,2000-06,589.558567904,,F,A,
M,US,B,XDC,USD,N,,From March 1989 onwards: Factors Affecting Reserve Balances (H.4.1). Between November 1914 and March 1989: Bao et al (2018): 'The Federal Reserve System's weekly balance sheet since 1914'.,BIS-spliced,"From March 1989 onwards: total assets from Table 5 of the H.4.1 Statistical Release (RESPPANWW). Between November 1914 and March 1989: total resources and assets (TOTRA via Federal Reserve Economic Data - FRED). Reference: C Bao, J Chen, N Fries, A Gibson, E Paine and K Schuler (2018): 'The Federal Reserve System's weekly balance sheet since 1914', Johns Hopkins Institute for Applied Economics, Global Health and the Study of Business Enterprise Studies, Studies in Applied Economics, no 115, July, https://econpapers.repec.org/paper/risjhisae/0115.htm.",,2,9,,Monthly: Mar 1989.,Board of Governors of the Federal Reserve System; Bank for International Settlements.,5B0,"United States - Central bank, assets, total, BIS-spliced",,E,2000-07,584.639523862,,F,A,
M,US,B,XDC,USD,N,,From March 1989 onwards: Factors Affecting Reserve Balances (H.4.1). Between November 1914 and March 1989: Bao et al (2018): 'The Federal Reserve System's weekly balance sheet since 1914'.,BIS-spliced,"From March 1989 onwards: total assets from Table 5 of the H.4.1 Statistical Release (RESPPANWW). Between November 1914 and March 1989: total resources and assets (TOTRA via Federal Reserve Economic Data - FRED). Reference: C Bao, J Chen, N Fries, A Gibson, E Paine and K Schuler (2018): 'The Federal Reserve System's weekly balance sheet since 1914', Johns Hopkins Institute for Applied Economics, Global Health and the Study of Business Enterprise Studies, Studies in Applied Economics, no 115, July, https://econpapers.repec.org/paper/risjhisae/0115.htm.",,2,9,,Monthly: Mar 1989.,Board of Governors of the Federal Reserve System; Bank for International Settlements.,5B0,"United States - Central bank, assets, total, BIS-spliced",,E,2000-08,582.758767172,,F,A,
M,US,B,XDC,USD,N,,From March 1989 onwards: Factors Affecting Reserve Balances (H.4.1). Between November 1914 and March 1989: Bao et al (2018): 'The Federal Reserve System's weekly balance sheet since 1914'.,BIS-spliced,"From March 1989 onwards: total assets from Table 5 of the H.4.1 Statistical Release (RESPPANWW). Between November 1914 and March 1989: total resources and assets (TOTRA via Federal Reserve Economic Data - FRED). Reference: C Bao, J Chen, N Fries, A Gibson, E Paine and K Schuler (2018): 'The Federal Reserve System's weekly balance sheet since 1914', Johns Hopkins Institute for Applied Economics, Global Health and the Study of Business Enterprise Studies, Studies in Applied Economics, no 115, July, https://econpapers.repec.org/paper/risjhisae/0115.htm.",,2,9,,Monthly: Mar 1989.,Board of Governors of the Federal Reserve System; Bank for International Settlements.,5B0,"United States - Central bank, assets, total, BIS-spliced",,E,2000-09,583.122853997,,F,A,
M,US,B,XDC,USD,N,,From March 1989 onwards: Factors Affecting Reserve Balances (H.4.1). Between November 1914 and March 1989: Bao et al (2018): 'The Federal Reserve System's weekly balance sheet since 1914'.,BIS-spliced,"From March 1989 onwards: total assets from Table 5 of the H.4.1 Statistical Release (RESPPANWW). Between November 1914 and March 1989: total resources and assets (TOTRA via Federal Reserve Economic Data - FRED). Reference: C Bao, J Chen, N Fries, A Gibson, E Paine and K Schuler (2018): 'The Federal Reserve System's weekly balance sheet since 1914', Johns Hopkins Institute for Applied Economics, Global Health and the Study of Business Enterprise Studies, Studies in Applied Economics, no 115, July, https://econpapers.repec.org/paper/risjhisae/0115.htm.",,2,9,,Monthly: Mar 1989.,Board of Governors of the Federal Reserve System; Bank for International Settlements.,5B0,"United States - Central bank, assets, total, BIS-spliced",,E,2000-10,582.453936733,,F,A,
M,US,B,XDC,USD,N,,From March 1989 onwards: Factors Affecting Reserve Balances (H.4.1). Between November 1914 and March 1989: Bao et al (2018): 'The Federal Reserve System's weekly balance sheet since 1914'.,BIS-spliced,"From March 1989 onwards: total assets from Table 5 of the H.4.1 Statistical Release (RESPPANWW). Between November 1914 and March 1989: total resources and assets (TOTRA via Federal Reserve Economic Data - FRED). Reference: C Bao, J Chen, N Fries, A Gibson, E Paine and K Schuler (2018): 'The Federal Reserve System's weekly balance sheet since 1914', Johns Hopkins Institute for Applied Economics, Global Health and the Study of Business Enterprise Studies, Studies in Applied Economics, no 115, July, https://econpapers.repec.org/paper/risjhisae/0115.htm.",,2,9,,Monthly: Mar 1989.,Board of Governors of the Federal Reserve System; Bank for International Settlements.,5B0,"United States - Central bank, assets, total, BIS-spliced",,E,2000-11,597.282485174,,F,A,
M,US,B,XDC,USD,N,,From March 1989 onwards: Factors Affecting Reserve Balances (H.4.1). Between November 1914 and March 1989: Bao et al (2018): 'The Federal Reserve System's weekly balance sheet since 1914'.,BIS-spliced,"From March 1989 onwards: total assets from Table 5 of the H.4.1 Statistical Release (RESPPANWW). Between November 1914 and March 1989: total resources and assets (TOTRA via Federal Reserve Economic Data - FRED). Reference: C Bao, J Chen, N Fries, A Gibson, E Paine and K Schuler (2018): 'The Federal Reserve System's weekly balance sheet since 1914', Johns Hopkins Institute for Applied Economics, Global Health and the Study of Business Enterprise Studies, Studies in Applied Economics, no 115, July, https://econpapers.repec.org/paper/risjhisae/0115.htm.",,2,9,,Monthly: Mar 1989.,Board of Governors of the Federal Reserve System; Bank for International Settlements.,5B0,"United States - Central bank, assets, total, BIS-spliced",,E,2000-12,619.723887818,,F,A,
M,US,B,XDC,USD,N,,From March 1989 onwards: Factors Affecting Reserve Balances (H.4.1). Between November 1914 and March 1989: Bao et al (2018): 'The Federal Reserve System's weekly balance sheet since 1914'.,BIS-spliced,"From March 1989 onwards: total assets from Table 5 of the H.4.1 Statistical Release (RESPPANWW). Between November 1914 and March 1989: total resources and assets (TOTRA via Federal Reserve Economic Data - FRED). Reference: C Bao, J Chen, N Fries, A Gibson, E Paine and K Schuler (2018): 'The Federal Reserve System's weekly balance sheet since 1914', Johns Hopkins Institute for Applied Economics, Global Health and the Study of Business Enterprise Studies, Studies in Applied Economics, no 115, July, https://econpapers.repec.org/paper/risjhisae/0115.htm.",,2,9,,Monthly: Mar 1989.,Board of Governors of the Federal Reserve System; Bank for International Settlements.,5B0,"United States - Central bank, assets, total, BIS-spliced",,E,2001-01,596.07198606,,F,A,
M,US,B,XDC,USD,N,,From March 1989 onwards: Factors Affecting Reserve Balances (H.4.1). Between November 1914 and March 1989: Bao et al (2018): 'The Federal Reserve System's weekly balance sheet since 1914'.,BIS-spliced,"From March 1989 onwards: total assets from Table 5 of the H.4.1 Statistical Release (RESPPANWW). Between November 1914 and March 1989: total resources and assets (TOTRA via Federal Reserve Economic Data - FRED). Reference: C Bao, J Chen, N Fries, A Gibson, E Paine and K Schuler (2018): 'The Federal Reserve System's weekly balance sheet since 1914', Johns Hopkins Institute for Applied Economics, Global Health and the Study of Business Enterprise Studies, Studies in Applied Economics, no 115, July, https://econpapers.repec.org/paper/risjhisae/0115.htm.",,2,9,,Monthly: Mar 1989.,Board of Governors of the Federal Reserve System; Bank for International Settlements.,5B0,"United States - Central bank, assets, total, BIS-spliced",,E,2001-02,601.086425511,,F,A,
M,US,B,XDC,USD,N,,From March 1989 onwards: Factors Affecting Reserve Balances (H.4.1). Between November 1914 and March 1989: Bao et al (2018): 'The Federal Reserve System's weekly balance sheet since 1914'.,BIS-spliced,"From March 1989 onwards: total assets from Table 5 of the H.4.1 Statistical Release (RESPPANWW). Between November 1914 and March 1989: total resources and assets (TOTRA via Federal Reserve Economic Data - FRED). Reference: C Bao, J Chen, N Fries, A Gibson, E Paine and K Schuler (2018): 'The Federal Reserve System's weekly balance sheet since 1914', Johns Hopkins Institute for Applied Economics, Global Health and the Study of Business Enterprise Studies, Studies in Applied Economics, no 115, July, https://econpapers.repec.org/paper/risjhisae/0115.htm.",,2,9,,Monthly: Mar 1989.,Board of Governors of the Federal Reserve System; Bank for International Settlements.,5B0,"United States - Central bank, assets, total, BIS-spliced",,E,2001-03,598.010476386,,F,A,
M,US,B,XDC,USD,N,,From March 1989 onwards: Factors Affecting Reserve Balances (H.4.1). Between November 1914 and March 1989: Bao et al (2018): 'The Federal Reserve System's weekly balance sheet since 1914'.,BIS-spliced,"From March 1989 onwards: total assets from Table 5 of the H.4.1 Statistical Release (RESPPANWW). Between November 1914 and March 1989: total resources and assets (TOTRA via Federal Reserve Economic Data - FRED). Reference: C Bao, J Chen, N Fries, A Gibson, E Paine and K Schuler (2018): 'The Federal Reserve System's weekly balance sheet since 1914', Johns Hopkins Institute for Applied Economics, Global Health and the Study of Business Enterprise Studies, Studies in Applied Economics, no 115, July, https://econpapers.repec.org/paper/risjhisae/0115.htm.",,2,9,,Monthly: Mar 1989.,Board of Governors of the Federal Reserve System; Bank for International Settlements.,5B0,"United States - Central bank, assets, total, BIS-spliced",,E,2001-04,603.250333484,,F,A,
M,US,B,XDC,USD,N,,From March 1989 onwards: Factors Affecting Reserve Balances (H.4.1). Between November 1914 and March 1989: Bao et al (2018): 'The Federal Reserve System's weekly balance sheet since 1914'.,BIS-spliced,"From March 1989 onwards: total assets from Table 5 of the H.4.1 Statistical Release (RESPPANWW). Between November 1914 and March 1989: total resources and assets (TOTRA via Federal Reserve Economic Data - FRED). Reference: C Bao, J Chen, N Fries, A Gibson, E Paine and K Schuler (2018): 'The Federal Reserve System's weekly balance sheet since 1914', Johns Hopkins Institute for Applied Economics, Global Health and the Study of Business Enterprise Studies, Studies in Applied Economics, no 115, July, https://econpapers.repec.org/paper/risjhisae/0115.htm.",,2,9,,Monthly: Mar 1989.,Board of Governors of the Federal Reserve System; Bank for International Settlements.,5B0,"United States - Central bank, assets, total, BIS-spliced",,E,2001-05,632.093729087,,F,A,
M,US,B,XDC,USD,N,,From March 1989 onwards: Factors Affecting Reserve Balances (H.4.1). Between November 1914 and March 1989: Bao et al (2018): 'The Federal Reserve System's weekly balance sheet since 1914'.,BIS-spliced,"From March 1989 onwards: total assets from Table 5 of the H.4.1 Statistical Release (RESPPANWW). Between November 1914 and March 1989: total resources and assets (TOTRA via Federal Reserve Economic Data - FRED). Reference: C Bao, J Chen, N Fries, A Gibson, E Paine and K Schuler (2018): 'The Federal Reserve System's weekly balance sheet since 1914', Johns Hopkins Institute for Applied Economics, Global Health and the Study of Business Enterprise Studies, Studies in Applied Economics, no 115, July, https://econpapers.repec.org/paper/risjhisae/0115.htm.",,2,9,,Monthly: Mar 1989.,Board of Governors of the Federal Reserve System; Bank for International Settlements.,5B0,"United States - Central bank, assets, total, BIS-spliced",,E,2001-06,613.887484989,,F,A,
M,US,B,XDC,USD,N,,From March 1989 onwards: Factors Affecting Reserve Balances (H.4.1). Between November 1914 and March 1989: Bao et al (2018): 'The Federal Reserve System's weekly balance sheet since 1914'.,BIS-spliced,"From March 1989 onwards: total assets from Table 5 of the H.4.1 Statistical Release (RESPPANWW). Between November 1914 and March 1989: total resources and assets (TOTRA via Federal Reserve Economic Data - FRED). Reference: C Bao, J Chen, N Fries, A Gibson, E Paine and K Schuler (2018): 'The Federal Reserve System's weekly balance sheet since 1914', Johns Hopkins Institute for Applied Economics, Global Health and the Study of Business Enterprise Studies, Studies in Applied Economics, no 115, July, https://econpapers.repec.org/paper/risjhisae/0115.htm.",,2,9,,Monthly: Mar 1989.,Board of Governors of the Federal Reserve System; Bank for International Settlements.,5B0,"United States - Central bank, assets, total, BIS-spliced",,E,2001-07,630.973290104,,F,A,
M,US,B,XDC,USD,N,,From March 1989 onwards: Factors Affecting Reserve Balances (H.4.1). Between November 1914 and March 1989: Bao et al (2018): 'The Federal Reserve System's weekly balance sheet since 1914'.,BIS-spliced,"From March 1989 onwards: total assets from Table 5 of the H.4.1 Statistical Release (RESPPANWW). Between November 1914 and March 1989: total resources and assets (TOTRA via Federal Reserve Economic Data - FRED). Reference: C Bao, J Chen, N Fries, A Gibson, E Paine and K Schuler (2018): 'The Federal Reserve System's weekly balance sheet since 1914', Johns Hopkins Institute for Applied Economics, Global Health and the Study of Business Enterprise Studies, Studies in Applied Economics, no 115, July, https://econpapers.repec.org/paper/risjhisae/0115.htm.",,2,9,,Monthly: Mar 1989.,Board of Governors of the Federal Reserve System; Bank for International Settlements.,5B0,"United States - Central bank, assets, total, BIS-spliced",,E,2001-08,625.16036606,,F,A,
M,US,B,XDC,USD,N,,From March 1989 onwards: Factors Affecting Reserve Balances (H.4.1). Between November 1914 and March 1989: Bao et al (2018): 'The Federal Reserve System's weekly balance sheet since 1914'.,BIS-spliced,"From March 1989 onwards: total assets from Table 5 of the H.4.1 Statistical Release (RESPPANWW). Between November 1914 and March 1989: total resources and assets (TOTRA via Federal Reserve Economic Data - FRED). Reference: C Bao, J Chen, N Fries, A Gibson, E Paine and K Schuler (2018): 'The Federal Reserve System's weekly balance sheet since 1914', Johns Hopkins Institute for Applied Economics, Global Health and the Study of Business Enterprise Studies, Studies in Applied Economics, no 115, July, https://econpapers.repec.org/paper/risjhisae/0115.htm.",,2,9,,Monthly: Mar 1989.,Board of Governors of the Federal Reserve System; Bank for International Settlements.,5B0,"United States - Central bank, assets, total, BIS-spliced",,E,2001-09,638.318219395,,F,A,
M,US,B,XDC,USD,N,,From March 1989 onwards: Factors Affecting Reserve Balances (H.4.1). Between November 1914 and March 1989: Bao et al (2018): 'The Federal Reserve System's weekly balance sheet since 1914'.,BIS-spliced,"From March 1989 onwards: total assets from Table 5 of the H.4.1 Statistical Release (RESPPANWW). Between November 1914 and March 1989: total resources and assets (TOTRA via Federal Reserve Economic Data - FRED). Reference: C Bao, J Chen, N Fries, A Gibson, E Paine and K Schuler (2018): 'The Federal Reserve System's weekly balance sheet since 1914', Johns Hopkins Institute for Applied Economics, Global Health and the Study of Business Enterprise Studies, Studies in Applied Economics, no 115, July, https://econpapers.repec.org/paper/risjhisae/0115.htm.",,2,9,,Monthly: Mar 1989.,Board of Governors of the Federal Reserve System; Bank for International Settlements.,5B0,"United States - Central bank, assets, total, BIS-spliced",,E,2001-10,649.682494649,,F,A,
M,US,B,XDC,USD,N,,From March 1989 onwards: Factors Affecting Reserve Balances (H.4.1). Between November 1914 and March 1989: Bao et al (2018): 'The Federal Reserve System's weekly balance sheet since 1914'.,BIS-spliced,"From March 1989 onwards: total assets from Table 5 of the H.4.1 Statistical Release (RESPPANWW). Between November 1914 and March 1989: total resources and assets (TOTRA via Federal Reserve Economic Data - FRED). Reference: C Bao, J Chen, N Fries, A Gibson, E Paine and K Schuler (2018): 'The Federal Reserve System's weekly balance sheet since 1914', Johns Hopkins Institute for Applied Economics, Global Health and the Study of Business Enterprise Studies, Studies in Applied Economics, no 115, July, https://econpapers.repec.org/paper/risjhisae/0115.htm.",,2,9,,Monthly: Mar 1989.,Board of Governors of the Federal Reserve System; Bank for International Settlements.,5B0,"United States - Central bank, assets, total, BIS-spliced",,E,2001-11,648.787223693,,F,A,
M,US,B,XDC,USD,N,,From March 1989 onwards: Factors Affecting Reserve Balances (H.4.1). Between November 1914 and March 1989: Bao et al (2018): 'The Federal Reserve System's weekly balance sheet since 1914'.,BIS-spliced,"From March 1989 onwards: total assets from Table 5 of the H.4.1 Statistical Release (RESPPANWW). Between November 1914 and March 1989: total resources and assets (TOTRA via Federal Reserve Economic Data - FRED). Reference: C Bao, J Chen, N Fries, A Gibson, E Paine and K Schuler (2018): 'The Federal Reserve System's weekly balance sheet since 1914', Johns Hopkins Institute for Applied Economics, Global Health and the Study of Business Enterprise Studies, Studies in Applied Economics, no 115, July, https://econpapers.repec.org/paper/risjhisae/0115.htm.",,2,9,,Monthly: Mar 1989.,Board of Governors of the Federal Reserve System; Bank for International Settlements.,5B0,"United States - Central bank, assets, total, BIS-spliced",,E,2001-12,662.945477185,,F,A,
M,US,B,XDC,USD,N,,From March 1989 onwards: Factors Affecting Reserve Balances (H.4.1). Between November 1914 and March 1989: Bao et al (2018): 'The Federal Reserve System's weekly balance sheet since 1914'.,BIS-spliced,"From March 1989 onwards: total assets from Table 5 of the H.4.1 Statistical Release (RESPPANWW). Between November 1914 and March 1989: total resources and assets (TOTRA via Federal Reserve Economic Data - FRED). Reference: C Bao, J Chen, N Fries, A Gibson, E Paine and K Schuler (2018): 'The Federal Reserve System's weekly balance sheet since 1914', Johns Hopkins Institute for Applied Economics, Global Health and the Study of Business Enterprise Studies, Studies in Applied Economics, no 115, July, https://econpapers.repec.org/paper/risjhisae/0115.htm.",,2,9,,Monthly: Mar 1989.,Board of Governors of the Federal Reserve System; Bank for International Settlements.,5B0,"United States - Central bank, assets, total, BIS-spliced",,E,2002-01,657.668664275,,F,A,
M,US,B,XDC,USD,N,,From March 1989 onwards: Factors Affecting Reserve Balances (H.4.1). Between November 1914 and March 1989: Bao et al (2018): 'The Federal Reserve System's weekly balance sheet since 1914'.,BIS-spliced,"From March 1989 onwards: total assets from Table 5 of the H.4.1 Statistical Release (RESPPANWW). Between November 1914 and March 1989: total resources and assets (TOTRA via Federal Reserve Economic Data - FRED). Reference: C Bao, J Chen, N Fries, A Gibson, E Paine and K Schuler (2018): 'The Federal Reserve System's weekly balance sheet since 1914', Johns Hopkins Institute for Applied Economics, Global Health and the Study of Business Enterprise Studies, Studies in Applied Economics, no 115, July, https://econpapers.repec.org/paper/risjhisae/0115.htm.",,2,9,,Monthly: Mar 1989.,Board of Governors of the Federal Reserve System; Bank for International Settlements.,5B0,"United States - Central bank, assets, total, BIS-spliced",,E,2002-02,658.102736782,,F,A,
M,US,B,XDC,USD,N,,From March 1989 onwards: Factors Affecting Reserve Balances (H.4.1). Between November 1914 and March 1989: Bao et al (2018): 'The Federal Reserve System's weekly balance sheet since 1914'.,BIS-spliced,"From March 1989 onwards: total assets from Table 5 of the H.4.1 Statistical Release (RESPPANWW). Between November 1914 and March 1989: total resources and assets (TOTRA via Federal Reserve Economic Data - FRED). Reference: C Bao, J Chen, N Fries, A Gibson, E Paine and K Schuler (2018): 'The Federal Reserve System's weekly balance sheet since 1914', Johns Hopkins Institute for Applied Economics, Global Health and the Study of Business Enterprise Studies, Studies in Applied Economics, no 115, July, https://econpapers.repec.org/paper/risjhisae/0115.htm.",,2,9,,Monthly: Mar 1989.,Board of Governors of the Federal Reserve System; Bank for International Settlements.,5B0,"United States - Central bank, assets, total, BIS-spliced",,E,2002-03,659.092443937,,F,A,
M,US,B,XDC,USD,N,,From March 1989 onwards: Factors Affecting Reserve Balances (H.4.1). Between November 1914 and March 1989: Bao et al (2018): 'The Federal Reserve System's weekly balance sheet since 1914'.,BIS-spliced,"From March 1989 onwards: total assets from Table 5 of the H.4.1 Statistical Release (RESPPANWW). Between November 1914 and March 1989: total resources and assets (TOTRA via Federal Reserve Economic Data - FRED). Reference: C Bao, J Chen, N Fries, A Gibson, E Paine and K Schuler (2018): 'The Federal Reserve System's weekly balance sheet since 1914', Johns Hopkins Institute for Applied Economics, Global Health and the Study of Business Enterprise Studies, Studies in Applied Economics, no 115, July, https://econpapers.repec.org/paper/risjhisae/0115.htm.",,2,9,,Monthly: Mar 1989.,Board of Governors of the Federal Reserve System; Bank for International Settlements.,5B0,"United States - Central bank, assets, total, BIS-spliced",,E,2002-04,663.456947302,,F,A,
M,US,B,XDC,USD,N,,From March 1989 onwards: Factors Affecting Reserve Balances (H.4.1). Between November 1914 and March 1989: Bao et al (2018): 'The Federal Reserve System's weekly balance sheet since 1914'.,BIS-spliced,"From March 1989 onwards: total assets from Table 5 of the H.4.1 Statistical Release (RESPPANWW). Between November 1914 and March 1989: total resources and assets (TOTRA via Federal Reserve Economic Data - FRED). Reference: C Bao, J Chen, N Fries, A Gibson, E Paine and K Schuler (2018): 'The Federal Reserve System's weekly balance sheet since 1914', Johns Hopkins Institute for Applied Economics, Global Health and the Study of Business Enterprise Studies, Studies in Applied Economics, no 115, July, https://econpapers.repec.org/paper/risjhisae/0115.htm.",,2,9,,Monthly: Mar 1989.,Board of Governors of the Federal Reserve System; Bank for International Settlements.,5B0,"United States - Central bank, assets, total, BIS-spliced",,E,2002-05,697.224734975,,F,A,
M,US,B,XDC,USD,N,,From March 1989 onwards: Factors Affecting Reserve Balances (H.4.1). Between November 1914 and March 1989: Bao et al (2018): 'The Federal Reserve System's weekly balance sheet since 1914'.,BIS-spliced,"From March 1989 onwards: total assets from Table 5 of the H.4.1 Statistical Release (RESPPANWW). Between November 1914 and March 1989: total resources and assets (TOTRA via Federal Reserve Economic Data - FRED). Reference: C Bao, J Chen, N Fries, A Gibson, E Paine and K Schuler (2018): 'The Federal Reserve System's weekly balance sheet since 1914', Johns Hopkins Institute for Applied Economics, Global Health and the Study of Business Enterprise Studies, Studies in Applied Economics, no 115, July, https://econpapers.repec.org/paper/risjhisae/0115.htm.",,2,9,,Monthly: Mar 1989.,Board of Governors of the Federal Reserve System; Bank for International Settlements.,5B0,"United States - Central bank, assets, total, BIS-spliced",,E,2002-06,687.159591416,,F,A,
M,US,B,XDC,USD,N,,From March 1989 onwards: Factors Affecting Reserve Balances (H.4.1). Between November 1914 and March 1989: Bao et al (2018): 'The Federal Reserve System's weekly balance sheet since 1914'.,BIS-spliced,"From March 1989 onwards: total assets from Table 5 of the H.4.1 Statistical Release (RESPPANWW). Between November 1914 and March 1989: total resources and assets (TOTRA via Federal Reserve Economic Data - FRED). Reference: C Bao, J Chen, N Fries, A Gibson, E Paine and K Schuler (2018): 'The Federal Reserve System's weekly balance sheet since 1914', Johns Hopkins Institute for Applied Economics, Global Health and the Study of Business Enterprise Studies, Studies in Applied Economics, no 115, July, https://econpapers.repec.org/paper/risjhisae/0115.htm.",,2,9,,Monthly: Mar 1989.,Board of Governors of the Federal Reserve System; Bank for International Settlements.,5B0,"United States - Central bank, assets, total, BIS-spliced",,E,2002-07,680.546008297,,F,A,
M,US,B,XDC,USD,N,,From March 1989 onwards: Factors Affecting Reserve Balances (H.4.1). Between November 1914 and March 1989: Bao et al (2018): 'The Federal Reserve System's weekly balance sheet since 1914'.,BIS-spliced,"From March 1989 onwards: total assets from Table 5 of the H.4.1 Statistical Release (RESPPANWW). Between November 1914 and March 1989: total resources and assets (TOTRA via Federal Reserve Economic Data - FRED). Reference: C Bao, J Chen, N Fries, A Gibson, E Paine and K Schuler (2018): 'The Federal Reserve System's weekly balance sheet since 1914', Johns Hopkins Institute for Applied Economics, Global Health and the Study of Business Enterprise Studies, Studies in Applied Economics, no 115, July, https://econpapers.repec.org/paper/risjhisae/0115.htm.",,2,9,,Monthly: Mar 1989.,Board of Governors of the Federal Reserve System; Bank for International Settlements.,5B0,"United States - Central bank, assets, total, BIS-spliced",,E,2002-08,679.262656956,,F,A,
M,US,B,XDC,USD,N,,From March 1989 onwards: Factors Affecting Reserve Balances (H.4.1). Between November 1914 and March 1989: Bao et al (2018): 'The Federal Reserve System's weekly balance sheet since 1914'.,BIS-spliced,"From March 1989 onwards: total assets from Table 5 of the H.4.1 Statistical Release (RESPPANWW). Between November 1914 and March 1989: total resources and assets (TOTRA via Federal Reserve Economic Data - FRED). Reference: C Bao, J Chen, N Fries, A Gibson, E Paine and K Schuler (2018): 'The Federal Reserve System's weekly balance sheet since 1914', Johns Hopkins Institute for Applied Economics, Global Health and the Study of Business Enterprise Studies, Studies in Applied Economics, no 115, July, https://econpapers.repec.org/paper/risjhisae/0115.htm.",,2,9,,Monthly: Mar 1989.,Board of Governors of the Federal Reserve System; Bank for International Settlements.,5B0,"United States - Central bank, assets, total, BIS-spliced",,E,2002-09,681.578481921,,F,A,
M,US,B,XDC,USD,N,,From March 1989 onwards: Factors Affecting Reserve Balances (H.4.1). Between November 1914 and March 1989: Bao et al (2018): 'The Federal Reserve System's weekly balance sheet since 1914'.,BIS-spliced,"From March 1989 onwards: total assets from Table 5 of the H.4.1 Statistical Release (RESPPANWW). Between November 1914 and March 1989: total resources and assets (TOTRA via Federal Reserve Economic Data - FRED). Reference: C Bao, J Chen, N Fries, A Gibson, E Paine and K Schuler (2018): 'The Federal Reserve System's weekly balance sheet since 1914', Johns Hopkins Institute for Applied Economics, Global Health and the Study of Business Enterprise Studies, Studies in Applied Economics, no 115, July, https://econpapers.repec.org/paper/risjhisae/0115.htm.",,2,9,,Monthly: Mar 1989.,Board of Governors of the Federal Reserve System; Bank for International Settlements.,5B0,"United States - Central bank, assets, total, BIS-spliced",,E,2002-10,692.546505843,,F,A,
M,US,B,XDC,USD,N,,From March 1989 onwards: Factors Affecting Reserve Balances (H.4.1). Between November 1914 and March 1989: Bao et al (2018): 'The Federal Reserve System's weekly balance sheet since 1914'.,BIS-spliced,"From March 1989 onwards: total assets from Table 5 of the H.4.1 Statistical Release (RESPPANWW). Between November 1914 and March 1989: total resources and assets (TOTRA via Federal Reserve Economic Data - FRED). Reference: C Bao, J Chen, N Fries, A Gibson, E Paine and K Schuler (2018): 'The Federal Reserve System's weekly balance sheet since 1914', Johns Hopkins Institute for Applied Economics, Global Health and the Study of Business Enterprise Studies, Studies in Applied Economics, no 115, July, https://econpapers.repec.org/paper/risjhisae/0115.htm.",,2,9,,Monthly: Mar 1989.,Board of Governors of the Federal Reserve System; Bank for International Settlements.,5B0,"United States - Central bank, assets, total, BIS-spliced",,E,2002-11,697.940930785,,F,A,
M,US,B,XDC,USD,N,,From March 1989 onwards: Factors Affecting Reserve Balances (H.4.1). Between November 1914 and March 1989: Bao et al (2018): 'The Federal Reserve System's weekly balance sheet since 1914'.,BIS-spliced,"From March 1989 onwards: total assets from Table 5 of the H.4.1 Statistical Release (RESPPANWW). Between November 1914 and March 1989: total resources and assets (TOTRA via Federal Reserve Economic Data - FRED). Reference: C Bao, J Chen, N Fries, A Gibson, E Paine and K Schuler (2018): 'The Federal Reserve System's weekly balance sheet since 1914', Johns Hopkins Institute for Applied Economics, Global Health and the Study of Business Enterprise Studies, Studies in Applied Economics, no 115, July, https://econpapers.repec.org/paper/risjhisae/0115.htm.",,2,9,,Monthly: Mar 1989.,Board of Governors of the Federal Reserve System; Bank for International Settlements.,5B0,"United States - Central bank, assets, total, BIS-spliced",,E,2002-12,732.059222043,,F,A,
M,US,B,XDC,USD,N,,From March 1989 onwards: Factors Affecting Reserve Balances (H.4.1). Between November 1914 and March 1989: Bao et al (2018): 'The Federal Reserve System's weekly balance sheet since 1914'.,BIS-spliced,"From March 1989 onwards: total assets from Table 5 of the H.4.1 Statistical Release (RESPPANWW). Between November 1914 and March 1989: total resources and assets (TOTRA via Federal Reserve Economic Data - FRED). Reference: C Bao, J Chen, N Fries, A Gibson, E Paine and K Schuler (2018): 'The Federal Reserve System's weekly balance sheet since 1914', Johns Hopkins Institute for Applied Economics, Global Health and the Study of Business Enterprise Studies, Studies in Applied Economics, no 115, July, https://econpapers.repec.org/paper/risjhisae/0115.htm.",,2,9,,Monthly: Mar 1989.,Board of Governors of the Federal Reserve System; Bank for International Settlements.,5B0,"United States - Central bank, assets, total, BIS-spliced",,E,2003-01,712.80853293,,F,A,
M,US,B,XDC,USD,N,,From March 1989 onwards: Factors Affecting Reserve Balances (H.4.1). Between November 1914 and March 1989: Bao et al (2018): 'The Federal Reserve System's weekly balance sheet since 1914'.,BIS-spliced,"From March 1989 onwards: total assets from Table 5 of the H.4.1 Statistical Release (RESPPANWW). Between November 1914 and March 1989: total resources and assets (TOTRA via Federal Reserve Economic Data - FRED). Reference: C Bao, J Chen, N Fries, A Gibson, E Paine and K Schuler (2018): 'The Federal Reserve System's weekly balance sheet since 1914', Johns Hopkins Institute for Applied Economics, Global Health and the Study of Business Enterprise Studies, Studies in Applied Economics, no 115, July, https://econpapers.repec.org/paper/risjhisae/0115.htm.",,2,9,,Monthly: Mar 1989.,Board of Governors of the Federal Reserve System; Bank for International Settlements.,5B0,"United States - Central bank, assets, total, BIS-spliced",,E,2003-02,721.98035177,,F,A,
M,US,B,XDC,USD,N,,From March 1989 onwards: Factors Affecting Reserve Balances (H.4.1). Between November 1914 and March 1989: Bao et al (2018): 'The Federal Reserve System's weekly balance sheet since 1914'.,BIS-spliced,"From March 1989 onwards: total assets from Table 5 of the H.4.1 Statistical Release (RESPPANWW). Between November 1914 and March 1989: total resources and assets (TOTRA via Federal Reserve Economic Data - FRED). Reference: C Bao, J Chen, N Fries, A Gibson, E Paine and K Schuler (2018): 'The Federal Reserve System's weekly balance sheet since 1914', Johns Hopkins Institute for Applied Economics, Global Health and the Study of Business Enterprise Studies, Studies in Applied Economics, no 115, July, https://econpapers.repec.org/paper/risjhisae/0115.htm.",,2,9,,Monthly: Mar 1989.,Board of Governors of the Federal Reserve System; Bank for International Settlements.,5B0,"United States - Central bank, assets, total, BIS-spliced",,E,2003-03,725.019055518,,F,A,
M,US,B,XDC,USD,N,,From March 1989 onwards: Factors Affecting Reserve Balances (H.4.1). Between November 1914 and March 1989: Bao et al (2018): 'The Federal Reserve System's weekly balance sheet since 1914'.,BIS-spliced,"From March 1989 onwards: total assets from Table 5 of the H.4.1 Statistical Release (RESPPANWW). Between November 1914 and March 1989: total resources and assets (TOTRA via Federal Reserve Economic Data - FRED). Reference: C Bao, J Chen, N Fries, A Gibson, E Paine and K Schuler (2018): 'The Federal Reserve System's weekly balance sheet since 1914', Johns Hopkins Institute for Applied Economics, Global Health and the Study of Business Enterprise Studies, Studies in Applied Economics, no 115, July, https://econpapers.repec.org/paper/risjhisae/0115.htm.",,2,9,,Monthly: Mar 1989.,Board of Governors of the Federal Reserve System; Bank for International Settlements.,5B0,"United States - Central bank, assets, total, BIS-spliced",,E,2003-04,746.293867352,,F,A,
M,US,B,XDC,USD,N,,From March 1989 onwards: Factors Affecting Reserve Balances (H.4.1). Between November 1914 and March 1989: Bao et al (2018): 'The Federal Reserve System's weekly balance sheet since 1914'.,BIS-spliced,"From March 1989 onwards: total assets from Table 5 of the H.4.1 Statistical Release (RESPPANWW). Between November 1914 and March 1989: total resources and assets (TOTRA via Federal Reserve Economic Data - FRED). Reference: C Bao, J Chen, N Fries, A Gibson, E Paine and K Schuler (2018): 'The Federal Reserve System's weekly balance sheet since 1914', Johns Hopkins Institute for Applied Economics, Global Health and the Study of Business Enterprise Studies, Studies in Applied Economics, no 115, July, https://econpapers.repec.org/paper/risjhisae/0115.htm.",,2,9,,Monthly: Mar 1989.,Board of Governors of the Federal Reserve System; Bank for International Settlements.,5B0,"United States - Central bank, assets, total, BIS-spliced",,E,2003-05,744.895759292,,F,A,
M,US,B,XDC,USD,N,,From March 1989 onwards: Factors Affecting Reserve Balances (H.4.1). Between November 1914 and March 1989: Bao et al (2018): 'The Federal Reserve System's weekly balance sheet since 1914'.,BIS-spliced,"From March 1989 onwards: total assets from Table 5 of the H.4.1 Statistical Release (RESPPANWW). Between November 1914 and March 1989: total resources and assets (TOTRA via Federal Reserve Economic Data - FRED). Reference: C Bao, J Chen, N Fries, A Gibson, E Paine and K Schuler (2018): 'The Federal Reserve System's weekly balance sheet since 1914', Johns Hopkins Institute for Applied Economics, Global Health and the Study of Business Enterprise Studies, Studies in Applied Economics, no 115, July, https://econpapers.repec.org/paper/risjhisae/0115.htm.",,2,9,,Monthly: Mar 1989.,Board of Governors of the Federal Reserve System; Bank for International Settlements.,5B0,"United States - Central bank, assets, total, BIS-spliced",,E,2003-06,744.018200798,,F,A,
M,US,B,XDC,USD,N,,From March 1989 onwards: Factors Affecting Reserve Balances (H.4.1). Between November 1914 and March 1989: Bao et al (2018): 'The Federal Reserve System's weekly balance sheet since 1914'.,BIS-spliced,"From March 1989 onwards: total assets from Table 5 of the H.4.1 Statistical Release (RESPPANWW). Between November 1914 and March 1989: total resources and assets (TOTRA via Federal Reserve Economic Data - FRED). Reference: C Bao, J Chen, N Fries, A Gibson, E Paine and K Schuler (2018): 'The Federal Reserve System's weekly balance sheet since 1914', Johns Hopkins Institute for Applied Economics, Global Health and the Study of Business Enterprise Studies, Studies in Applied Economics, no 115, July, https://econpapers.repec.org/paper/risjhisae/0115.htm.",,2,9,,Monthly: Mar 1989.,Board of Governors of the Federal Reserve System; Bank for International Settlements.,5B0,"United States - Central bank, assets, total, BIS-spliced",,E,2003-07,740.294968546,,F,A,
M,US,B,XDC,USD,N,,From March 1989 onwards: Factors Affecting Reserve Balances (H.4.1). Between November 1914 and March 1989: Bao et al (2018): 'The Federal Reserve System's weekly balance sheet since 1914'.,BIS-spliced,"From March 1989 onwards: total assets from Table 5 of the H.4.1 Statistical Release (RESPPANWW). Between November 1914 and March 1989: total resources and assets (TOTRA via Federal Reserve Economic Data - FRED). Reference: C Bao, J Chen, N Fries, A Gibson, E Paine and K Schuler (2018): 'The Federal Reserve System's weekly balance sheet since 1914', Johns Hopkins Institute for Applied Economics, Global Health and the Study of Business Enterprise Studies, Studies in Applied Economics, no 115, July, https://econpapers.repec.org/paper/risjhisae/0115.htm.",,2,9,,Monthly: Mar 1989.,Board of Governors of the Federal Reserve System; Bank for International Settlements.,5B0,"United States - Central bank, assets, total, BIS-spliced",,E,2003-08,740.637097709,,F,A,
M,US,B,XDC,USD,N,,From March 1989 onwards: Factors Affecting Reserve Balances (H.4.1). Between November 1914 and March 1989: Bao et al (2018): 'The Federal Reserve System's weekly balance sheet since 1914'.,BIS-spliced,"From March 1989 onwards: total assets from Table 5 of the H.4.1 Statistical Release (RESPPANWW). Between November 1914 and March 1989: total resources and assets (TOTRA via Federal Reserve Economic Data - FRED). Reference: C Bao, J Chen, N Fries, A Gibson, E Paine and K Schuler (2018): 'The Federal Reserve System's weekly balance sheet since 1914', Johns Hopkins Institute for Applied Economics, Global Health and the Study of Business Enterprise Studies, Studies in Applied Economics, no 115, July, https://econpapers.repec.org/paper/risjhisae/0115.htm.",,2,9,,Monthly: Mar 1989.,Board of Governors of the Federal Reserve System; Bank for International Settlements.,5B0,"United States - Central bank, assets, total, BIS-spliced",,E,2003-09,741.192966933,,F,A,
M,US,B,XDC,USD,N,,From March 1989 onwards: Factors Affecting Reserve Balances (H.4.1). Between November 1914 and March 1989: Bao et al (2018): 'The Federal Reserve System's weekly balance sheet since 1914'.,BIS-spliced,"From March 1989 onwards: total assets from Table 5 of the H.4.1 Statistical Release (RESPPANWW). Between November 1914 and March 1989: total resources and assets (TOTRA via Federal Reserve Economic Data - FRED). Reference: C Bao, J Chen, N Fries, A Gibson, E Paine and K Schuler (2018): 'The Federal Reserve System's weekly balance sheet since 1914', Johns Hopkins Institute for Applied Economics, Global Health and the Study of Business Enterprise Studies, Studies in Applied Economics, no 115, July, https://econpapers.repec.org/paper/risjhisae/0115.htm.",,2,9,,Monthly: Mar 1989.,Board of Governors of the Federal Reserve System; Bank for International Settlements.,5B0,"United States - Central bank, assets, total, BIS-spliced",,E,2003-10,747.271765291,,F,A,
M,US,B,XDC,USD,N,,From March 1989 onwards: Factors Affecting Reserve Balances (H.4.1). Between November 1914 and March 1989: Bao et al (2018): 'The Federal Reserve System's weekly balance sheet since 1914'.,BIS-spliced,"From March 1989 onwards: total assets from Table 5 of the H.4.1 Statistical Release (RESPPANWW). Between November 1914 and March 1989: total resources and assets (TOTRA via Federal Reserve Economic Data - FRED). Reference: C Bao, J Chen, N Fries, A Gibson, E Paine and K Schuler (2018): 'The Federal Reserve System's weekly balance sheet since 1914', Johns Hopkins Institute for Applied Economics, Global Health and the Study of Business Enterprise Studies, Studies in Applied Economics, no 115, July, https://econpapers.repec.org/paper/risjhisae/0115.htm.",,2,9,,Monthly: Mar 1989.,Board of Governors of the Federal Reserve System; Bank for International Settlements.,5B0,"United States - Central bank, assets, total, BIS-spliced",,E,2003-11,756.964042503,,F,A,
M,US,B,XDC,USD,N,,From March 1989 onwards: Factors Affecting Reserve Balances (H.4.1). Between November 1914 and March 1989: Bao et al (2018): 'The Federal Reserve System's weekly balance sheet since 1914'.,BIS-spliced,"From March 1989 onwards: total assets from Table 5 of the H.4.1 Statistical Release (RESPPANWW). Between November 1914 and March 1989: total resources and assets (TOTRA via Federal Reserve Economic Data - FRED). Reference: C Bao, J Chen, N Fries, A Gibson, E Paine and K Schuler (2018): 'The Federal Reserve System's weekly balance sheet since 1914', Johns Hopkins Institute for Applied Economics, Global Health and the Study of Business Enterprise Studies, Studies in Applied Economics, no 115, July, https://econpapers.repec.org/paper/risjhisae/0115.htm.",,2,9,,Monthly: Mar 1989.,Board of Governors of the Federal Reserve System; Bank for International Settlements.,5B0,"United States - Central bank, assets, total, BIS-spliced",,E,2003-12,771.550716929,,F,A,
M,US,B,XDC,USD,N,,From March 1989 onwards: Factors Affecting Reserve Balances (H.4.1). Between November 1914 and March 1989: Bao et al (2018): 'The Federal Reserve System's weekly balance sheet since 1914'.,BIS-spliced,"From March 1989 onwards: total assets from Table 5 of the H.4.1 Statistical Release (RESPPANWW). Between November 1914 and March 1989: total resources and assets (TOTRA via Federal Reserve Economic Data - FRED). Reference: C Bao, J Chen, N Fries, A Gibson, E Paine and K Schuler (2018): 'The Federal Reserve System's weekly balance sheet since 1914', Johns Hopkins Institute for Applied Economics, Global Health and the Study of Business Enterprise Studies, Studies in Applied Economics, no 115, July, https://econpapers.repec.org/paper/risjhisae/0115.htm.",,2,9,,Monthly: Mar 1989.,Board of Governors of the Federal Reserve System; Bank for International Settlements.,5B0,"United States - Central bank, assets, total, BIS-spliced",,E,2004-01,755.278794981,,F,A,
M,US,B,XDC,USD,N,,From March 1989 onwards: Factors Affecting Reserve Balances (H.4.1). Between November 1914 and March 1989: Bao et al (2018): 'The Federal Reserve System's weekly balance sheet since 1914'.,BIS-spliced,"From March 1989 onwards: total assets from Table 5 of the H.4.1 Statistical Release (RESPPANWW). Between November 1914 and March 1989: total resources and assets (TOTRA via Federal Reserve Economic Data - FRED). Reference: C Bao, J Chen, N Fries, A Gibson, E Paine and K Schuler (2018): 'The Federal Reserve System's weekly balance sheet since 1914', Johns Hopkins Institute for Applied Economics, Global Health and the Study of Business Enterprise Studies, Studies in Applied Economics, no 115, July, https://econpapers.repec.org/paper/risjhisae/0115.htm.",,2,9,,Monthly: Mar 1989.,Board of Governors of the Federal Reserve System; Bank for International Settlements.,5B0,"United States - Central bank, assets, total, BIS-spliced",,E,2004-02,750.666175862,,F,A,
M,US,B,XDC,USD,N,,From March 1989 onwards: Factors Affecting Reserve Balances (H.4.1). Between November 1914 and March 1989: Bao et al (2018): 'The Federal Reserve System's weekly balance sheet since 1914'.,BIS-spliced,"From March 1989 onwards: total assets from Table 5 of the H.4.1 Statistical Release (RESPPANWW). Between November 1914 and March 1989: total resources and assets (TOTRA via Federal Reserve Economic Data - FRED). Reference: C Bao, J Chen, N Fries, A Gibson, E Paine and K Schuler (2018): 'The Federal Reserve System's weekly balance sheet since 1914', Johns Hopkins Institute for Applied Economics, Global Health and the Study of Business Enterprise Studies, Studies in Applied Economics, no 115, July, https://econpapers.repec.org/paper/risjhisae/0115.htm.",,2,9,,Monthly: Mar 1989.,Board of Governors of the Federal Reserve System; Bank for International Settlements.,5B0,"United States - Central bank, assets, total, BIS-spliced",,E,2004-03,760.725432477,,F,A,
M,US,B,XDC,USD,N,,From March 1989 onwards: Factors Affecting Reserve Balances (H.4.1). Between November 1914 and March 1989: Bao et al (2018): 'The Federal Reserve System's weekly balance sheet since 1914'.,BIS-spliced,"From March 1989 onwards: total assets from Table 5 of the H.4.1 Statistical Release (RESPPANWW). Between November 1914 and March 1989: total resources and assets (TOTRA via Federal Reserve Economic Data - FRED). Reference: C Bao, J Chen, N Fries, A Gibson, E Paine and K Schuler (2018): 'The Federal Reserve System's weekly balance sheet since 1914', Johns Hopkins Institute for Applied Economics, Global Health and the Study of Business Enterprise Studies, Studies in Applied Economics, no 115, July, https://econpapers.repec.org/paper/risjhisae/0115.htm.",,2,9,,Monthly: Mar 1989.,Board of Governors of the Federal Reserve System; Bank for International Settlements.,5B0,"United States - Central bank, assets, total, BIS-spliced",,E,2004-04,772.927499786,,F,A,
M,US,B,XDC,USD,N,,From March 1989 onwards: Factors Affecting Reserve Balances (H.4.1). Between November 1914 and March 1989: Bao et al (2018): 'The Federal Reserve System's weekly balance sheet since 1914'.,BIS-spliced,"From March 1989 onwards: total assets from Table 5 of the H.4.1 Statistical Release (RESPPANWW). Between November 1914 and March 1989: total resources and assets (TOTRA via Federal Reserve Economic Data - FRED). Reference: C Bao, J Chen, N Fries, A Gibson, E Paine and K Schuler (2018): 'The Federal Reserve System's weekly balance sheet since 1914', Johns Hopkins Institute for Applied Economics, Global Health and the Study of Business Enterprise Studies, Studies in Applied Economics, no 115, July, https://econpapers.repec.org/paper/risjhisae/0115.htm.",,2,9,,Monthly: Mar 1989.,Board of Governors of the Federal Reserve System; Bank for International Settlements.,5B0,"United States - Central bank, assets, total, BIS-spliced",,E,2004-05,771.107674363,,F,A,
M,US,B,XDC,USD,N,,From March 1989 onwards: Factors Affecting Reserve Balances (H.4.1). Between November 1914 and March 1989: Bao et al (2018): 'The Federal Reserve System's weekly balance sheet since 1914'.,BIS-spliced,"From March 1989 onwards: total assets from Table 5 of the H.4.1 Statistical Release (RESPPANWW). Between November 1914 and March 1989: total resources and assets (TOTRA via Federal Reserve Economic Data - FRED). Reference: C Bao, J Chen, N Fries, A Gibson, E Paine and K Schuler (2018): 'The Federal Reserve System's weekly balance sheet since 1914', Johns Hopkins Institute for Applied Economics, Global Health and the Study of Business Enterprise Studies, Studies in Applied Economics, no 115, July, https://econpapers.repec.org/paper/risjhisae/0115.htm.",,2,9,,Monthly: Mar 1989.,Board of Governors of the Federal Reserve System; Bank for International Settlements.,5B0,"United States - Central bank, assets, total, BIS-spliced",,E,2004-06,779.577875597,,F,A,
M,US,B,XDC,USD,N,,From March 1989 onwards: Factors Affecting Reserve Balances (H.4.1). Between November 1914 and March 1989: Bao et al (2018): 'The Federal Reserve System's weekly balance sheet since 1914'.,BIS-spliced,"From March 1989 onwards: total assets from Table 5 of the H.4.1 Statistical Release (RESPPANWW). Between November 1914 and March 1989: total resources and assets (TOTRA via Federal Reserve Economic Data - FRED). Reference: C Bao, J Chen, N Fries, A Gibson, E Paine and K Schuler (2018): 'The Federal Reserve System's weekly balance sheet since 1914', Johns Hopkins Institute for Applied Economics, Global Health and the Study of Business Enterprise Studies, Studies in Applied Economics, no 115, July, https://econpapers.repec.org/paper/risjhisae/0115.htm.",,2,9,,Monthly: Mar 1989.,Board of Governors of the Federal Reserve System; Bank for International Settlements.,5B0,"United States - Central bank, assets, total, BIS-spliced",,E,2004-07,773.916365812,,F,A,
M,US,B,XDC,USD,N,,From March 1989 onwards: Factors Affecting Reserve Balances (H.4.1). Between November 1914 and March 1989: Bao et al (2018): 'The Federal Reserve System's weekly balance sheet since 1914'.,BIS-spliced,"From March 1989 onwards: total assets from Table 5 of the H.4.1 Statistical Release (RESPPANWW). Between November 1914 and March 1989: total resources and assets (TOTRA via Federal Reserve Economic Data - FRED). Reference: C Bao, J Chen, N Fries, A Gibson, E Paine and K Schuler (2018): 'The Federal Reserve System's weekly balance sheet since 1914', Johns Hopkins Institute for Applied Economics, Global Health and the Study of Business Enterprise Studies, Studies in Applied Economics, no 115, July, https://econpapers.repec.org/paper/risjhisae/0115.htm.",,2,9,,Monthly: Mar 1989.,Board of Governors of the Federal Reserve System; Bank for International Settlements.,5B0,"United States - Central bank, assets, total, BIS-spliced",,E,2004-08,775.437137913,,F,A,
M,US,B,XDC,USD,N,,From March 1989 onwards: Factors Affecting Reserve Balances (H.4.1). Between November 1914 and March 1989: Bao et al (2018): 'The Federal Reserve System's weekly balance sheet since 1914'.,BIS-spliced,"From March 1989 onwards: total assets from Table 5 of the H.4.1 Statistical Release (RESPPANWW). Between November 1914 and March 1989: total resources and assets (TOTRA via Federal Reserve Economic Data - FRED). Reference: C Bao, J Chen, N Fries, A Gibson, E Paine and K Schuler (2018): 'The Federal Reserve System's weekly balance sheet since 1914', Johns Hopkins Institute for Applied Economics, Global Health and the Study of Business Enterprise Studies, Studies in Applied Economics, no 115, July, https://econpapers.repec.org/paper/risjhisae/0115.htm.",,2,9,,Monthly: Mar 1989.,Board of Governors of the Federal Reserve System; Bank for International Settlements.,5B0,"United States - Central bank, assets, total, BIS-spliced",,E,2004-09,786.329724904,,F,A,
M,US,B,XDC,USD,N,,From March 1989 onwards: Factors Affecting Reserve Balances (H.4.1). Between November 1914 and March 1989: Bao et al (2018): 'The Federal Reserve System's weekly balance sheet since 1914'.,BIS-spliced,"From March 1989 onwards: total assets from Table 5 of the H.4.1 Statistical Release (RESPPANWW). Between November 1914 and March 1989: total resources and assets (TOTRA via Federal Reserve Economic Data - FRED). Reference: C Bao, J Chen, N Fries, A Gibson, E Paine and K Schuler (2018): 'The Federal Reserve System's weekly balance sheet since 1914', Johns Hopkins Institute for Applied Economics, Global Health and the Study of Business Enterprise Studies, Studies in Applied Economics, no 115, July, https://econpapers.repec.org/paper/risjhisae/0115.htm.",,2,9,,Monthly: Mar 1989.,Board of Governors of the Federal Reserve System; Bank for International Settlements.,5B0,"United States - Central bank, assets, total, BIS-spliced",,E,2004-10,791.336201209,,F,A,
M,US,B,XDC,USD,N,,From March 1989 onwards: Factors Affecting Reserve Balances (H.4.1). Between November 1914 and March 1989: Bao et al (2018): 'The Federal Reserve System's weekly balance sheet since 1914'.,BIS-spliced,"From March 1989 onwards: total assets from Table 5 of the H.4.1 Statistical Release (RESPPANWW). Between November 1914 and March 1989: total resources and assets (TOTRA via Federal Reserve Economic Data - FRED). Reference: C Bao, J Chen, N Fries, A Gibson, E Paine and K Schuler (2018): 'The Federal Reserve System's weekly balance sheet since 1914', Johns Hopkins Institute for Applied Economics, Global Health and the Study of Business Enterprise Studies, Studies in Applied Economics, no 115, July, https://econpapers.repec.org/paper/risjhisae/0115.htm.",,2,9,,Monthly: Mar 1989.,Board of Governors of the Federal Reserve System; Bank for International Settlements.,5B0,"United States - Central bank, assets, total, BIS-spliced",,E,2004-11,809.956368694,,F,A,
M,US,B,XDC,USD,N,,From March 1989 onwards: Factors Affecting Reserve Balances (H.4.1). Between November 1914 and March 1989: Bao et al (2018): 'The Federal Reserve System's weekly balance sheet since 1914'.,BIS-spliced,"From March 1989 onwards: total assets from Table 5 of the H.4.1 Statistical Release (RESPPANWW). Between November 1914 and March 1989: total resources and assets (TOTRA via Federal Reserve Economic Data - FRED). Reference: C Bao, J Chen, N Fries, A Gibson, E Paine and K Schuler (2018): 'The Federal Reserve System's weekly balance sheet since 1914', Johns Hopkins Institute for Applied Economics, Global Health and the Study of Business Enterprise Studies, Studies in Applied Economics, no 115, July, https://econpapers.repec.org/paper/risjhisae/0115.htm.",,2,9,,Monthly: Mar 1989.,Board of Governors of the Federal Reserve System; Bank for International Settlements.,5B0,"United States - Central bank, assets, total, BIS-spliced",,E,2004-12,810.944416398,,F,A,
M,US,B,XDC,USD,N,,From March 1989 onwards: Factors Affecting Reserve Balances (H.4.1). Between November 1914 and March 1989: Bao et al (2018): 'The Federal Reserve System's weekly balance sheet since 1914'.,BIS-spliced,"From March 1989 onwards: total assets from Table 5 of the H.4.1 Statistical Release (RESPPANWW). Between November 1914 and March 1989: total resources and assets (TOTRA via Federal Reserve Economic Data - FRED). Reference: C Bao, J Chen, N Fries, A Gibson, E Paine and K Schuler (2018): 'The Federal Reserve System's weekly balance sheet since 1914', Johns Hopkins Institute for Applied Economics, Global Health and the Study of Business Enterprise Studies, Studies in Applied Economics, no 115, July, https://econpapers.repec.org/paper/risjhisae/0115.htm.",,2,9,,Monthly: Mar 1989.,Board of Governors of the Federal Reserve System; Bank for International Settlements.,5B0,"United States - Central bank, assets, total, BIS-spliced",,E,2005-01,807.261812838,,F,A,
M,US,B,XDC,USD,N,,From March 1989 onwards: Factors Affecting Reserve Balances (H.4.1). Between November 1914 and March 1989: Bao et al (2018): 'The Federal Reserve System's weekly balance sheet since 1914'.,BIS-spliced,"From March 1989 onwards: total assets from Table 5 of the H.4.1 Statistical Release (RESPPANWW). Between November 1914 and March 1989: total resources and assets (TOTRA via Federal Reserve Economic Data - FRED). Reference: C Bao, J Chen, N Fries, A Gibson, E Paine and K Schuler (2018): 'The Federal Reserve System's weekly balance sheet since 1914', Johns Hopkins Institute for Applied Economics, Global Health and the Study of Business Enterprise Studies, Studies in Applied Economics, no 115, July, https://econpapers.repec.org/paper/risjhisae/0115.htm.",,2,9,,Monthly: Mar 1989.,Board of Governors of the Federal Reserve System; Bank for International Settlements.,5B0,"United States - Central bank, assets, total, BIS-spliced",,E,2005-02,804.576046166,,F,A,
M,US,B,XDC,USD,N,,From March 1989 onwards: Factors Affecting Reserve Balances (H.4.1). Between November 1914 and March 1989: Bao et al (2018): 'The Federal Reserve System's weekly balance sheet since 1914'.,BIS-spliced,"From March 1989 onwards: total assets from Table 5 of the H.4.1 Statistical Release (RESPPANWW). Between November 1914 and March 1989: total resources and assets (TOTRA via Federal Reserve Economic Data - FRED). Reference: C Bao, J Chen, N Fries, A Gibson, E Paine and K Schuler (2018): 'The Federal Reserve System's weekly balance sheet since 1914', Johns Hopkins Institute for Applied Economics, Global Health and the Study of Business Enterprise Studies, Studies in Applied Economics, no 115, July, https://econpapers.repec.org/paper/risjhisae/0115.htm.",,2,9,,Monthly: Mar 1989.,Board of Governors of the Federal Reserve System; Bank for International Settlements.,5B0,"United States - Central bank, assets, total, BIS-spliced",,E,2005-03,807.551459892,,F,A,
M,US,B,XDC,USD,N,,From March 1989 onwards: Factors Affecting Reserve Balances (H.4.1). Between November 1914 and March 1989: Bao et al (2018): 'The Federal Reserve System's weekly balance sheet since 1914'.,BIS-spliced,"From March 1989 onwards: total assets from Table 5 of the H.4.1 Statistical Release (RESPPANWW). Between November 1914 and March 1989: total resources and assets (TOTRA via Federal Reserve Economic Data - FRED). Reference: C Bao, J Chen, N Fries, A Gibson, E Paine and K Schuler (2018): 'The Federal Reserve System's weekly balance sheet since 1914', Johns Hopkins Institute for Applied Economics, Global Health and the Study of Business Enterprise Studies, Studies in Applied Economics, no 115, July, https://econpapers.repec.org/paper/risjhisae/0115.htm.",,2,9,,Monthly: Mar 1989.,Board of Governors of the Federal Reserve System; Bank for International Settlements.,5B0,"United States - Central bank, assets, total, BIS-spliced",,E,2005-04,809.796759044,,F,A,
M,US,B,XDC,USD,N,,From March 1989 onwards: Factors Affecting Reserve Balances (H.4.1). Between November 1914 and March 1989: Bao et al (2018): 'The Federal Reserve System's weekly balance sheet since 1914'.,BIS-spliced,"From March 1989 onwards: total assets from Table 5 of the H.4.1 Statistical Release (RESPPANWW). Between November 1914 and March 1989: total resources and assets (TOTRA via Federal Reserve Economic Data - FRED). Reference: C Bao, J Chen, N Fries, A Gibson, E Paine and K Schuler (2018): 'The Federal Reserve System's weekly balance sheet since 1914', Johns Hopkins Institute for Applied Economics, Global Health and the Study of Business Enterprise Studies, Studies in Applied Economics, no 115, July, https://econpapers.repec.org/paper/risjhisae/0115.htm.",,2,9,,Monthly: Mar 1989.,Board of Governors of the Federal Reserve System; Bank for International Settlements.,5B0,"United States - Central bank, assets, total, BIS-spliced",,E,2005-05,810.160281174,,F,A,
M,US,B,XDC,USD,N,,From March 1989 onwards: Factors Affecting Reserve Balances (H.4.1). Between November 1914 and March 1989: Bao et al (2018): 'The Federal Reserve System's weekly balance sheet since 1914'.,BIS-spliced,"From March 1989 onwards: total assets from Table 5 of the H.4.1 Statistical Release (RESPPANWW). Between November 1914 and March 1989: total resources and assets (TOTRA via Federal Reserve Economic Data - FRED). Reference: C Bao, J Chen, N Fries, A Gibson, E Paine and K Schuler (2018): 'The Federal Reserve System's weekly balance sheet since 1914', Johns Hopkins Institute for Applied Economics, Global Health and the Study of Business Enterprise Studies, Studies in Applied Economics, no 115, July, https://econpapers.repec.org/paper/risjhisae/0115.htm.",,2,9,,Monthly: Mar 1989.,Board of Governors of the Federal Reserve System; Bank for International Settlements.,5B0,"United States - Central bank, assets, total, BIS-spliced",,E,2005-06,810.081510234,,F,A,
M,US,B,XDC,USD,N,,From March 1989 onwards: Factors Affecting Reserve Balances (H.4.1). Between November 1914 and March 1989: Bao et al (2018): 'The Federal Reserve System's weekly balance sheet since 1914'.,BIS-spliced,"From March 1989 onwards: total assets from Table 5 of the H.4.1 Statistical Release (RESPPANWW). Between November 1914 and March 1989: total resources and assets (TOTRA via Federal Reserve Economic Data - FRED). Reference: C Bao, J Chen, N Fries, A Gibson, E Paine and K Schuler (2018): 'The Federal Reserve System's weekly balance sheet since 1914', Johns Hopkins Institute for Applied Economics, Global Health and the Study of Business Enterprise Studies, Studies in Applied Economics, no 115, July, https://econpapers.repec.org/paper/risjhisae/0115.htm.",,2,9,,Monthly: Mar 1989.,Board of Governors of the Federal Reserve System; Bank for International Settlements.,5B0,"United States - Central bank, assets, total, BIS-spliced",,E,2005-07,814.258546472,,F,A,
M,US,B,XDC,USD,N,,From March 1989 onwards: Factors Affecting Reserve Balances (H.4.1). Between November 1914 and March 1989: Bao et al (2018): 'The Federal Reserve System's weekly balance sheet since 1914'.,BIS-spliced,"From March 1989 onwards: total assets from Table 5 of the H.4.1 Statistical Release (RESPPANWW). Between November 1914 and March 1989: total resources and assets (TOTRA via Federal Reserve Economic Data - FRED). Reference: C Bao, J Chen, N Fries, A Gibson, E Paine and K Schuler (2018): 'The Federal Reserve System's weekly balance sheet since 1914', Johns Hopkins Institute for Applied Economics, Global Health and the Study of Business Enterprise Studies, Studies in Applied Economics, no 115, July, https://econpapers.repec.org/paper/risjhisae/0115.htm.",,2,9,,Monthly: Mar 1989.,Board of Governors of the Federal Reserve System; Bank for International Settlements.,5B0,"United States - Central bank, assets, total, BIS-spliced",,E,2005-08,823.236946213,,F,A,
M,US,B,XDC,USD,N,,From March 1989 onwards: Factors Affecting Reserve Balances (H.4.1). Between November 1914 and March 1989: Bao et al (2018): 'The Federal Reserve System's weekly balance sheet since 1914'.,BIS-spliced,"From March 1989 onwards: total assets from Table 5 of the H.4.1 Statistical Release (RESPPANWW). Between November 1914 and March 1989: total resources and assets (TOTRA via Federal Reserve Economic Data - FRED). Reference: C Bao, J Chen, N Fries, A Gibson, E Paine and K Schuler (2018): 'The Federal Reserve System's weekly balance sheet since 1914', Johns Hopkins Institute for Applied Economics, Global Health and the Study of Business Enterprise Studies, Studies in Applied Economics, no 115, July, https://econpapers.repec.org/paper/risjhisae/0115.htm.",,2,9,,Monthly: Mar 1989.,Board of Governors of the Federal Reserve System; Bank for International Settlements.,5B0,"United States - Central bank, assets, total, BIS-spliced",,E,2005-09,823.771126055,,F,A,
M,US,B,XDC,USD,N,,From March 1989 onwards: Factors Affecting Reserve Balances (H.4.1). Between November 1914 and March 1989: Bao et al (2018): 'The Federal Reserve System's weekly balance sheet since 1914'.,BIS-spliced,"From March 1989 onwards: total assets from Table 5 of the H.4.1 Statistical Release (RESPPANWW). Between November 1914 and March 1989: total resources and assets (TOTRA via Federal Reserve Economic Data - FRED). Reference: C Bao, J Chen, N Fries, A Gibson, E Paine and K Schuler (2018): 'The Federal Reserve System's weekly balance sheet since 1914', Johns Hopkins Institute for Applied Economics, Global Health and the Study of Business Enterprise Studies, Studies in Applied Economics, no 115, July, https://econpapers.repec.org/paper/risjhisae/0115.htm.",,2,9,,Monthly: Mar 1989.,Board of Governors of the Federal Reserve System; Bank for International Settlements.,5B0,"United States - Central bank, assets, total, BIS-spliced",,E,2005-10,819.10497608,,F,A,
M,US,B,XDC,USD,N,,From March 1989 onwards: Factors Affecting Reserve Balances (H.4.1). Between November 1914 and March 1989: Bao et al (2018): 'The Federal Reserve System's weekly balance sheet since 1914'.,BIS-spliced,"From March 1989 onwards: total assets from Table 5 of the H.4.1 Statistical Release (RESPPANWW). Between November 1914 and March 1989: total resources and assets (TOTRA via Federal Reserve Economic Data - FRED). Reference: C Bao, J Chen, N Fries, A Gibson, E Paine and K Schuler (2018): 'The Federal Reserve System's weekly balance sheet since 1914', Johns Hopkins Institute for Applied Economics, Global Health and the Study of Business Enterprise Studies, Studies in Applied Economics, no 115, July, https://econpapers.repec.org/paper/risjhisae/0115.htm.",,2,9,,Monthly: Mar 1989.,Board of Governors of the Federal Reserve System; Bank for International Settlements.,5B0,"United States - Central bank, assets, total, BIS-spliced",,E,2005-11,835.059305883,,F,A,
M,US,B,XDC,USD,N,,From March 1989 onwards: Factors Affecting Reserve Balances (H.4.1). Between November 1914 and March 1989: Bao et al (2018): 'The Federal Reserve System's weekly balance sheet since 1914'.,BIS-spliced,"From March 1989 onwards: total assets from Table 5 of the H.4.1 Statistical Release (RESPPANWW). Between November 1914 and March 1989: total resources and assets (TOTRA via Federal Reserve Economic Data - FRED). Reference: C Bao, J Chen, N Fries, A Gibson, E Paine and K Schuler (2018): 'The Federal Reserve System's weekly balance sheet since 1914', Johns Hopkins Institute for Applied Economics, Global Health and the Study of Business Enterprise Studies, Studies in Applied Economics, no 115, July, https://econpapers.repec.org/paper/risjhisae/0115.htm.",,2,9,,Monthly: Mar 1989.,Board of Governors of the Federal Reserve System; Bank for International Settlements.,5B0,"United States - Central bank, assets, total, BIS-spliced",,E,2005-12,847.700317495,,F,A,
M,US,B,XDC,USD,N,,From March 1989 onwards: Factors Affecting Reserve Balances (H.4.1). Between November 1914 and March 1989: Bao et al (2018): 'The Federal Reserve System's weekly balance sheet since 1914'.,BIS-spliced,"From March 1989 onwards: total assets from Table 5 of the H.4.1 Statistical Release (RESPPANWW). Between November 1914 and March 1989: total resources and assets (TOTRA via Federal Reserve Economic Data - FRED). Reference: C Bao, J Chen, N Fries, A Gibson, E Paine and K Schuler (2018): 'The Federal Reserve System's weekly balance sheet since 1914', Johns Hopkins Institute for Applied Economics, Global Health and the Study of Business Enterprise Studies, Studies in Applied Economics, no 115, July, https://econpapers.repec.org/paper/risjhisae/0115.htm.",,2,9,,Monthly: Mar 1989.,Board of Governors of the Federal Reserve System; Bank for International Settlements.,5B0,"United States - Central bank, assets, total, BIS-spliced",,E,2006-01,828.901465183,,F,A,
M,US,B,XDC,USD,N,,From March 1989 onwards: Factors Affecting Reserve Balances (H.4.1). Between November 1914 and March 1989: Bao et al (2018): 'The Federal Reserve System's weekly balance sheet since 1914'.,BIS-spliced,"From March 1989 onwards: total assets from Table 5 of the H.4.1 Statistical Release (RESPPANWW). Between November 1914 and March 1989: total resources and assets (TOTRA via Federal Reserve Economic Data - FRED). Reference: C Bao, J Chen, N Fries, A Gibson, E Paine and K Schuler (2018): 'The Federal Reserve System's weekly balance sheet since 1914', Johns Hopkins Institute for Applied Economics, Global Health and the Study of Business Enterprise Studies, Studies in Applied Economics, no 115, July, https://econpapers.repec.org/paper/risjhisae/0115.htm.",,2,9,,Monthly: Mar 1989.,Board of Governors of the Federal Reserve System; Bank for International Settlements.,5B0,"United States - Central bank, assets, total, BIS-spliced",,E,2006-02,840.555317977,,F,A,
M,US,B,XDC,USD,N,,From March 1989 onwards: Factors Affecting Reserve Balances (H.4.1). Between November 1914 and March 1989: Bao et al (2018): 'The Federal Reserve System's weekly balance sheet since 1914'.,BIS-spliced,"From March 1989 onwards: total assets from Table 5 of the H.4.1 Statistical Release (RESPPANWW). Between November 1914 and March 1989: total resources and assets (TOTRA via Federal Reserve Economic Data - FRED). Reference: C Bao, J Chen, N Fries, A Gibson, E Paine and K Schuler (2018): 'The Federal Reserve System's weekly balance sheet since 1914', Johns Hopkins Institute for Applied Economics, Global Health and the Study of Business Enterprise Studies, Studies in Applied Economics, no 115, July, https://econpapers.repec.org/paper/risjhisae/0115.htm.",,2,9,,Monthly: Mar 1989.,Board of Governors of the Federal Reserve System; Bank for International Settlements.,5B0,"United States - Central bank, assets, total, BIS-spliced",,E,2006-03,833.675446191,,F,A,
M,US,B,XDC,USD,N,,From March 1989 onwards: Factors Affecting Reserve Balances (H.4.1). Between November 1914 and March 1989: Bao et al (2018): 'The Federal Reserve System's weekly balance sheet since 1914'.,BIS-spliced,"From March 1989 onwards: total assets from Table 5 of the H.4.1 Statistical Release (RESPPANWW). Between November 1914 and March 1989: total resources and assets (TOTRA via Federal Reserve Economic Data - FRED). Reference: C Bao, J Chen, N Fries, A Gibson, E Paine and K Schuler (2018): 'The Federal Reserve System's weekly balance sheet since 1914', Johns Hopkins Institute for Applied Economics, Global Health and the Study of Business Enterprise Studies, Studies in Applied Economics, no 115, July, https://econpapers.repec.org/paper/risjhisae/0115.htm.",,2,9,,Monthly: Mar 1989.,Board of Governors of the Federal Reserve System; Bank for International Settlements.,5B0,"United States - Central bank, assets, total, BIS-spliced",,E,2006-04,844.571939687,,F,A,
M,US,B,XDC,USD,N,,From March 1989 onwards: Factors Affecting Reserve Balances (H.4.1). Between November 1914 and March 1989: Bao et al (2018): 'The Federal Reserve System's weekly balance sheet since 1914'.,BIS-spliced,"From March 1989 onwards: total assets from Table 5 of the H.4.1 Statistical Release (RESPPANWW). Between November 1914 and March 1989: total resources and assets (TOTRA via Federal Reserve Economic Data - FRED). Reference: C Bao, J Chen, N Fries, A Gibson, E Paine and K Schuler (2018): 'The Federal Reserve System's weekly balance sheet since 1914', Johns Hopkins Institute for Applied Economics, Global Health and the Study of Business Enterprise Studies, Studies in Applied Economics, no 115, July, https://econpapers.repec.org/paper/risjhisae/0115.htm.",,2,9,,Monthly: Mar 1989.,Board of Governors of the Federal Reserve System; Bank for International Settlements.,5B0,"United States - Central bank, assets, total, BIS-spliced",,E,2006-05,851.580205862,,F,A,
M,US,B,XDC,USD,N,,From March 1989 onwards: Factors Affecting Reserve Balances (H.4.1). Between November 1914 and March 1989: Bao et al (2018): 'The Federal Reserve System's weekly balance sheet since 1914'.,BIS-spliced,"From March 1989 onwards: total assets from Table 5 of the H.4.1 Statistical Release (RESPPANWW). Between November 1914 and March 1989: total resources and assets (TOTRA via Federal Reserve Economic Data - FRED). Reference: C Bao, J Chen, N Fries, A Gibson, E Paine and K Schuler (2018): 'The Federal Reserve System's weekly balance sheet since 1914', Johns Hopkins Institute for Applied Economics, Global Health and the Study of Business Enterprise Studies, Studies in Applied Economics, no 115, July, https://econpapers.repec.org/paper/risjhisae/0115.htm.",,2,9,,Monthly: Mar 1989.,Board of Governors of the Federal Reserve System; Bank for International Settlements.,5B0,"United States - Central bank, assets, total, BIS-spliced",,E,2006-06,844.436305294,,F,A,
M,US,B,XDC,USD,N,,From March 1989 onwards: Factors Affecting Reserve Balances (H.4.1). Between November 1914 and March 1989: Bao et al (2018): 'The Federal Reserve System's weekly balance sheet since 1914'.,BIS-spliced,"From March 1989 onwards: total assets from Table 5 of the H.4.1 Statistical Release (RESPPANWW). Between November 1914 and March 1989: total resources and assets (TOTRA via Federal Reserve Economic Data - FRED). Reference: C Bao, J Chen, N Fries, A Gibson, E Paine and K Schuler (2018): 'The Federal Reserve System's weekly balance sheet since 1914', Johns Hopkins Institute for Applied Economics, Global Health and the Study of Business Enterprise Studies, Studies in Applied Economics, no 115, July, https://econpapers.repec.org/paper/risjhisae/0115.htm.",,2,9,,Monthly: Mar 1989.,Board of Governors of the Federal Reserve System; Bank for International Settlements.,5B0,"United States - Central bank, assets, total, BIS-spliced",,E,2006-07,841.551654371,,F,A,
M,US,B,XDC,USD,N,,From March 1989 onwards: Factors Affecting Reserve Balances (H.4.1). Between November 1914 and March 1989: Bao et al (2018): 'The Federal Reserve System's weekly balance sheet since 1914'.,BIS-spliced,"From March 1989 onwards: total assets from Table 5 of the H.4.1 Statistical Release (RESPPANWW). Between November 1914 and March 1989: total resources and assets (TOTRA via Federal Reserve Economic Data - FRED). Reference: C Bao, J Chen, N Fries, A Gibson, E Paine and K Schuler (2018): 'The Federal Reserve System's weekly balance sheet since 1914', Johns Hopkins Institute for Applied Economics, Global Health and the Study of Business Enterprise Studies, Studies in Applied Economics, no 115, July, https://econpapers.repec.org/paper/risjhisae/0115.htm.",,2,9,,Monthly: Mar 1989.,Board of Governors of the Federal Reserve System; Bank for International Settlements.,5B0,"United States - Central bank, assets, total, BIS-spliced",,E,2006-08,850.924569415,,F,A,
M,US,B,XDC,USD,N,,From March 1989 onwards: Factors Affecting Reserve Balances (H.4.1). Between November 1914 and March 1989: Bao et al (2018): 'The Federal Reserve System's weekly balance sheet since 1914'.,BIS-spliced,"From March 1989 onwards: total assets from Table 5 of the H.4.1 Statistical Release (RESPPANWW). Between November 1914 and March 1989: total resources and assets (TOTRA via Federal Reserve Economic Data - FRED). Reference: C Bao, J Chen, N Fries, A Gibson, E Paine and K Schuler (2018): 'The Federal Reserve System's weekly balance sheet since 1914', Johns Hopkins Institute for Applied Economics, Global Health and the Study of Business Enterprise Studies, Studies in Applied Economics, no 115, July, https://econpapers.repec.org/paper/risjhisae/0115.htm.",,2,9,,Monthly: Mar 1989.,Board of Governors of the Federal Reserve System; Bank for International Settlements.,5B0,"United States - Central bank, assets, total, BIS-spliced",,E,2006-09,849.971369099,,F,A,
M,US,B,XDC,USD,N,,From March 1989 onwards: Factors Affecting Reserve Balances (H.4.1). Between November 1914 and March 1989: Bao et al (2018): 'The Federal Reserve System's weekly balance sheet since 1914'.,BIS-spliced,"From March 1989 onwards: total assets from Table 5 of the H.4.1 Statistical Release (RESPPANWW). Between November 1914 and March 1989: total resources and assets (TOTRA via Federal Reserve Economic Data - FRED). Reference: C Bao, J Chen, N Fries, A Gibson, E Paine and K Schuler (2018): 'The Federal Reserve System's weekly balance sheet since 1914', Johns Hopkins Institute for Applied Economics, Global Health and the Study of Business Enterprise Studies, Studies in Applied Economics, no 115, July, https://econpapers.repec.org/paper/risjhisae/0115.htm.",,2,9,,Monthly: Mar 1989.,Board of Governors of the Federal Reserve System; Bank for International Settlements.,5B0,"United States - Central bank, assets, total, BIS-spliced",,E,2006-10,852.648255976,,F,A,
M,US,B,XDC,USD,N,,From March 1989 onwards: Factors Affecting Reserve Balances (H.4.1). Between November 1914 and March 1989: Bao et al (2018): 'The Federal Reserve System's weekly balance sheet since 1914'.,BIS-spliced,"From March 1989 onwards: total assets from Table 5 of the H.4.1 Statistical Release (RESPPANWW). Between November 1914 and March 1989: total resources and assets (TOTRA via Federal Reserve Economic Data - FRED). Reference: C Bao, J Chen, N Fries, A Gibson, E Paine and K Schuler (2018): 'The Federal Reserve System's weekly balance sheet since 1914', Johns Hopkins Institute for Applied Economics, Global Health and the Study of Business Enterprise Studies, Studies in Applied Economics, no 115, July, https://econpapers.repec.org/paper/risjhisae/0115.htm.",,2,9,,Monthly: Mar 1989.,Board of Governors of the Federal Reserve System; Bank for International Settlements.,5B0,"United States - Central bank, assets, total, BIS-spliced",,E,2006-11,856.670912018,,F,A,
M,US,B,XDC,USD,N,,From March 1989 onwards: Factors Affecting Reserve Balances (H.4.1). Between November 1914 and March 1989: Bao et al (2018): 'The Federal Reserve System's weekly balance sheet since 1914'.,BIS-spliced,"From March 1989 onwards: total assets from Table 5 of the H.4.1 Statistical Release (RESPPANWW). Between November 1914 and March 1989: total resources and assets (TOTRA via Federal Reserve Economic Data - FRED). Reference: C Bao, J Chen, N Fries, A Gibson, E Paine and K Schuler (2018): 'The Federal Reserve System's weekly balance sheet since 1914', Johns Hopkins Institute for Applied Economics, Global Health and the Study of Business Enterprise Studies, Studies in Applied Economics, no 115, July, https://econpapers.repec.org/paper/risjhisae/0115.htm.",,2,9,,Monthly: Mar 1989.,Board of Governors of the Federal Reserve System; Bank for International Settlements.,5B0,"United States - Central bank, assets, total, BIS-spliced",,E,2006-12,869.987636937,,F,A,
M,US,B,XDC,USD,N,,From March 1989 onwards: Factors Affecting Reserve Balances (H.4.1). Between November 1914 and March 1989: Bao et al (2018): 'The Federal Reserve System's weekly balance sheet since 1914'.,BIS-spliced,"From March 1989 onwards: total assets from Table 5 of the H.4.1 Statistical Release (RESPPANWW). Between November 1914 and March 1989: total resources and assets (TOTRA via Federal Reserve Economic Data - FRED). Reference: C Bao, J Chen, N Fries, A Gibson, E Paine and K Schuler (2018): 'The Federal Reserve System's weekly balance sheet since 1914', Johns Hopkins Institute for Applied Economics, Global Health and the Study of Business Enterprise Studies, Studies in Applied Economics, no 115, July, https://econpapers.repec.org/paper/risjhisae/0115.htm.",,2,9,,Monthly: Mar 1989.,Board of Governors of the Federal Reserve System; Bank for International Settlements.,5B0,"United States - Central bank, assets, total, BIS-spliced",,E,2007-01,865.730007844,,F,A,
M,US,B,XDC,USD,N,,From March 1989 onwards: Factors Affecting Reserve Balances (H.4.1). Between November 1914 and March 1989: Bao et al (2018): 'The Federal Reserve System's weekly balance sheet since 1914'.,BIS-spliced,"From March 1989 onwards: total assets from Table 5 of the H.4.1 Statistical Release (RESPPANWW). Between November 1914 and March 1989: total resources and assets (TOTRA via Federal Reserve Economic Data - FRED). Reference: C Bao, J Chen, N Fries, A Gibson, E Paine and K Schuler (2018): 'The Federal Reserve System's weekly balance sheet since 1914', Johns Hopkins Institute for Applied Economics, Global Health and the Study of Business Enterprise Studies, Studies in Applied Economics, no 115, July, https://econpapers.repec.org/paper/risjhisae/0115.htm.",,2,9,,Monthly: Mar 1989.,Board of Governors of the Federal Reserve System; Bank for International Settlements.,5B0,"United States - Central bank, assets, total, BIS-spliced",,E,2007-02,877.409426617,,F,A,
M,US,B,XDC,USD,N,,From March 1989 onwards: Factors Affecting Reserve Balances (H.4.1). Between November 1914 and March 1989: Bao et al (2018): 'The Federal Reserve System's weekly balance sheet since 1914'.,BIS-spliced,"From March 1989 onwards: total assets from Table 5 of the H.4.1 Statistical Release (RESPPANWW). Between November 1914 and March 1989: total resources and assets (TOTRA via Federal Reserve Economic Data - FRED). Reference: C Bao, J Chen, N Fries, A Gibson, E Paine and K Schuler (2018): 'The Federal Reserve System's weekly balance sheet since 1914', Johns Hopkins Institute for Applied Economics, Global Health and the Study of Business Enterprise Studies, Studies in Applied Economics, no 115, July, https://econpapers.repec.org/paper/risjhisae/0115.htm.",,2,9,,Monthly: Mar 1989.,Board of Governors of the Federal Reserve System; Bank for International Settlements.,5B0,"United States - Central bank, assets, total, BIS-spliced",,E,2007-03,869.803397355,,F,A,
M,US,B,XDC,USD,N,,From March 1989 onwards: Factors Affecting Reserve Balances (H.4.1). Between November 1914 and March 1989: Bao et al (2018): 'The Federal Reserve System's weekly balance sheet since 1914'.,BIS-spliced,"From March 1989 onwards: total assets from Table 5 of the H.4.1 Statistical Release (RESPPANWW). Between November 1914 and March 1989: total resources and assets (TOTRA via Federal Reserve Economic Data - FRED). Reference: C Bao, J Chen, N Fries, A Gibson, E Paine and K Schuler (2018): 'The Federal Reserve System's weekly balance sheet since 1914', Johns Hopkins Institute for Applied Economics, Global Health and the Study of Business Enterprise Studies, Studies in Applied Economics, no 115, July, https://econpapers.repec.org/paper/risjhisae/0115.htm.",,2,9,,Monthly: Mar 1989.,Board of Governors of the Federal Reserve System; Bank for International Settlements.,5B0,"United States - Central bank, assets, total, BIS-spliced",,E,2007-04,879.685663004,,F,A,
M,US,B,XDC,USD,N,,From March 1989 onwards: Factors Affecting Reserve Balances (H.4.1). Between November 1914 and March 1989: Bao et al (2018): 'The Federal Reserve System's weekly balance sheet since 1914'.,BIS-spliced,"From March 1989 onwards: total assets from Table 5 of the H.4.1 Statistical Release (RESPPANWW). Between November 1914 and March 1989: total resources and assets (TOTRA via Federal Reserve Economic Data - FRED). Reference: C Bao, J Chen, N Fries, A Gibson, E Paine and K Schuler (2018): 'The Federal Reserve System's weekly balance sheet since 1914', Johns Hopkins Institute for Applied Economics, Global Health and the Study of Business Enterprise Studies, Studies in Applied Economics, no 115, July, https://econpapers.repec.org/paper/risjhisae/0115.htm.",,2,9,,Monthly: Mar 1989.,Board of Governors of the Federal Reserve System; Bank for International Settlements.,5B0,"United States - Central bank, assets, total, BIS-spliced",,E,2007-05,876.985590057,,F,A,
M,US,B,XDC,USD,N,,From March 1989 onwards: Factors Affecting Reserve Balances (H.4.1). Between November 1914 and March 1989: Bao et al (2018): 'The Federal Reserve System's weekly balance sheet since 1914'.,BIS-spliced,"From March 1989 onwards: total assets from Table 5 of the H.4.1 Statistical Release (RESPPANWW). Between November 1914 and March 1989: total resources and assets (TOTRA via Federal Reserve Economic Data - FRED). Reference: C Bao, J Chen, N Fries, A Gibson, E Paine and K Schuler (2018): 'The Federal Reserve System's weekly balance sheet since 1914', Johns Hopkins Institute for Applied Economics, Global Health and the Study of Business Enterprise Studies, Studies in Applied Economics, no 115, July, https://econpapers.repec.org/paper/risjhisae/0115.htm.",,2,9,,Monthly: Mar 1989.,Board of Governors of the Federal Reserve System; Bank for International Settlements.,5B0,"United States - Central bank, assets, total, BIS-spliced",,E,2007-06,865.105327844,,F,A,
M,US,B,XDC,USD,N,,From March 1989 onwards: Factors Affecting Reserve Balances (H.4.1). Between November 1914 and March 1989: Bao et al (2018): 'The Federal Reserve System's weekly balance sheet since 1914'.,BIS-spliced,"From March 1989 onwards: total assets from Table 5 of the H.4.1 Statistical Release (RESPPANWW). Between November 1914 and March 1989: total resources and assets (TOTRA via Federal Reserve Economic Data - FRED). Reference: C Bao, J Chen, N Fries, A Gibson, E Paine and K Schuler (2018): 'The Federal Reserve System's weekly balance sheet since 1914', Johns Hopkins Institute for Applied Economics, Global Health and the Study of Business Enterprise Studies, Studies in Applied Economics, no 115, July, https://econpapers.repec.org/paper/risjhisae/0115.htm.",,2,9,,Monthly: Mar 1989.,Board of Governors of the Federal Reserve System; Bank for International Settlements.,5B0,"United States - Central bank, assets, total, BIS-spliced",,E,2007-07,863.889725945,,F,A,
M,US,B,XDC,USD,N,,From March 1989 onwards: Factors Affecting Reserve Balances (H.4.1). Between November 1914 and March 1989: Bao et al (2018): 'The Federal Reserve System's weekly balance sheet since 1914'.,BIS-spliced,"From March 1989 onwards: total assets from Table 5 of the H.4.1 Statistical Release (RESPPANWW). Between November 1914 and March 1989: total resources and assets (TOTRA via Federal Reserve Economic Data - FRED). Reference: C Bao, J Chen, N Fries, A Gibson, E Paine and K Schuler (2018): 'The Federal Reserve System's weekly balance sheet since 1914', Johns Hopkins Institute for Applied Economics, Global Health and the Study of Business Enterprise Studies, Studies in Applied Economics, no 115, July, https://econpapers.repec.org/paper/risjhisae/0115.htm.",,2,9,,Monthly: Mar 1989.,Board of Governors of the Federal Reserve System; Bank for International Settlements.,5B0,"United States - Central bank, assets, total, BIS-spliced",,E,2007-08,872.872821362,,F,A,
M,US,B,XDC,USD,N,,From March 1989 onwards: Factors Affecting Reserve Balances (H.4.1). Between November 1914 and March 1989: Bao et al (2018): 'The Federal Reserve System's weekly balance sheet since 1914'.,BIS-spliced,"From March 1989 onwards: total assets from Table 5 of the H.4.1 Statistical Release (RESPPANWW). Between November 1914 and March 1989: total resources and assets (TOTRA via Federal Reserve Economic Data - FRED). Reference: C Bao, J Chen, N Fries, A Gibson, E Paine and K Schuler (2018): 'The Federal Reserve System's weekly balance sheet since 1914', Johns Hopkins Institute for Applied Economics, Global Health and the Study of Business Enterprise Studies, Studies in Applied Economics, no 115, July, https://econpapers.repec.org/paper/risjhisae/0115.htm.",,2,9,,Monthly: Mar 1989.,Board of Governors of the Federal Reserve System; Bank for International Settlements.,5B0,"United States - Central bank, assets, total, BIS-spliced",,E,2007-09,889.899753235,,F,A,
M,US,B,XDC,USD,N,,From March 1989 onwards: Factors Affecting Reserve Balances (H.4.1). Between November 1914 and March 1989: Bao et al (2018): 'The Federal Reserve System's weekly balance sheet since 1914'.,BIS-spliced,"From March 1989 onwards: total assets from Table 5 of the H.4.1 Statistical Release (RESPPANWW). Between November 1914 and March 1989: total resources and assets (TOTRA via Federal Reserve Economic Data - FRED). Reference: C Bao, J Chen, N Fries, A Gibson, E Paine and K Schuler (2018): 'The Federal Reserve System's weekly balance sheet since 1914', Johns Hopkins Institute for Applied Economics, Global Health and the Study of Business Enterprise Studies, Studies in Applied Economics, no 115, July, https://econpapers.repec.org/paper/risjhisae/0115.htm.",,2,9,,Monthly: Mar 1989.,Board of Governors of the Federal Reserve System; Bank for International Settlements.,5B0,"United States - Central bank, assets, total, BIS-spliced",,E,2007-10,883.384761428,,F,A,
M,US,B,XDC,USD,N,,From March 1989 onwards: Factors Affecting Reserve Balances (H.4.1). Between November 1914 and March 1989: Bao et al (2018): 'The Federal Reserve System's weekly balance sheet since 1914'.,BIS-spliced,"From March 1989 onwards: total assets from Table 5 of the H.4.1 Statistical Release (RESPPANWW). Between November 1914 and March 1989: total resources and assets (TOTRA via Federal Reserve Economic Data - FRED). Reference: C Bao, J Chen, N Fries, A Gibson, E Paine and K Schuler (2018): 'The Federal Reserve System's weekly balance sheet since 1914', Johns Hopkins Institute for Applied Economics, Global Health and the Study of Business Enterprise Studies, Studies in Applied Economics, no 115, July, https://econpapers.repec.org/paper/risjhisae/0115.htm.",,2,9,,Monthly: Mar 1989.,Board of Governors of the Federal Reserve System; Bank for International Settlements.,5B0,"United States - Central bank, assets, total, BIS-spliced",,E,2007-11,879.416884466,,F,A,
M,US,B,XDC,USD,N,,From March 1989 onwards: Factors Affecting Reserve Balances (H.4.1). Between November 1914 and March 1989: Bao et al (2018): 'The Federal Reserve System's weekly balance sheet since 1914'.,BIS-spliced,"From March 1989 onwards: total assets from Table 5 of the H.4.1 Statistical Release (RESPPANWW). Between November 1914 and March 1989: total resources and assets (TOTRA via Federal Reserve Economic Data - FRED). Reference: C Bao, J Chen, N Fries, A Gibson, E Paine and K Schuler (2018): 'The Federal Reserve System's weekly balance sheet since 1914', Johns Hopkins Institute for Applied Economics, Global Health and the Study of Business Enterprise Studies, Studies in Applied Economics, no 115, July, https://econpapers.repec.org/paper/risjhisae/0115.htm.",,2,9,,Monthly: Mar 1989.,Board of Governors of the Federal Reserve System; Bank for International Settlements.,5B0,"United States - Central bank, assets, total, BIS-spliced",,E,2007-12,890.662142938,,F,A,
M,US,B,XDC,USD,N,,From March 1989 onwards: Factors Affecting Reserve Balances (H.4.1). Between November 1914 and March 1989: Bao et al (2018): 'The Federal Reserve System's weekly balance sheet since 1914'.,BIS-spliced,"From March 1989 onwards: total assets from Table 5 of the H.4.1 Statistical Release (RESPPANWW). Between November 1914 and March 1989: total resources and assets (TOTRA via Federal Reserve Economic Data - FRED). Reference: C Bao, J Chen, N Fries, A Gibson, E Paine and K Schuler (2018): 'The Federal Reserve System's weekly balance sheet since 1914', Johns Hopkins Institute for Applied Economics, Global Health and the Study of Business Enterprise Studies, Studies in Applied Economics, no 115, July, https://econpapers.repec.org/paper/risjhisae/0115.htm.",,2,9,,Monthly: Mar 1989.,Board of Governors of the Federal Reserve System; Bank for International Settlements.,5B0,"United States - Central bank, assets, total, BIS-spliced",,E,2008-01,900.263808683,,F,A,
M,US,B,XDC,USD,N,,From March 1989 onwards: Factors Affecting Reserve Balances (H.4.1). Between November 1914 and March 1989: Bao et al (2018): 'The Federal Reserve System's weekly balance sheet since 1914'.,BIS-spliced,"From March 1989 onwards: total assets from Table 5 of the H.4.1 Statistical Release (RESPPANWW). Between November 1914 and March 1989: total resources and assets (TOTRA via Federal Reserve Economic Data - FRED). Reference: C Bao, J Chen, N Fries, A Gibson, E Paine and K Schuler (2018): 'The Federal Reserve System's weekly balance sheet since 1914', Johns Hopkins Institute for Applied Economics, Global Health and the Study of Business Enterprise Studies, Studies in Applied Economics, no 115, July, https://econpapers.repec.org/paper/risjhisae/0115.htm.",,2,9,,Monthly: Mar 1989.,Board of Governors of the Federal Reserve System; Bank for International Settlements.,5B0,"United States - Central bank, assets, total, BIS-spliced",,E,2008-02,893.825241787,,F,A,
M,US,B,XDC,USD,N,,From March 1989 onwards: Factors Affecting Reserve Balances (H.4.1). Between November 1914 and March 1989: Bao et al (2018): 'The Federal Reserve System's weekly balance sheet since 1914'.,BIS-spliced,"From March 1989 onwards: total assets from Table 5 of the H.4.1 Statistical Release (RESPPANWW). Between November 1914 and March 1989: total resources and assets (TOTRA via Federal Reserve Economic Data - FRED). Reference: C Bao, J Chen, N Fries, A Gibson, E Paine and K Schuler (2018): 'The Federal Reserve System's weekly balance sheet since 1914', Johns Hopkins Institute for Applied Economics, Global Health and the Study of Business Enterprise Studies, Studies in Applied Economics, no 115, July, https://econpapers.repec.org/paper/risjhisae/0115.htm.",,2,9,,Monthly: Mar 1989.,Board of Governors of the Federal Reserve System; Bank for International Settlements.,5B0,"United States - Central bank, assets, total, BIS-spliced",,E,2008-03,893.965140181,,F,A,
M,US,B,XDC,USD,N,,From March 1989 onwards: Factors Affecting Reserve Balances (H.4.1). Between November 1914 and March 1989: Bao et al (2018): 'The Federal Reserve System's weekly balance sheet since 1914'.,BIS-spliced,"From March 1989 onwards: total assets from Table 5 of the H.4.1 Statistical Release (RESPPANWW). Between November 1914 and March 1989: total resources and assets (TOTRA via Federal Reserve Economic Data - FRED). Reference: C Bao, J Chen, N Fries, A Gibson, E Paine and K Schuler (2018): 'The Federal Reserve System's weekly balance sheet since 1914', Johns Hopkins Institute for Applied Economics, Global Health and the Study of Business Enterprise Studies, Studies in Applied Economics, no 115, July, https://econpapers.repec.org/paper/risjhisae/0115.htm.",,2,9,,Monthly: Mar 1989.,Board of Governors of the Federal Reserve System; Bank for International Settlements.,5B0,"United States - Central bank, assets, total, BIS-spliced",,E,2008-04,888.130820742,,F,A,
M,US,B,XDC,USD,N,,From March 1989 onwards: Factors Affecting Reserve Balances (H.4.1). Between November 1914 and March 1989: Bao et al (2018): 'The Federal Reserve System's weekly balance sheet since 1914'.,BIS-spliced,"From March 1989 onwards: total assets from Table 5 of the H.4.1 Statistical Release (RESPPANWW). Between November 1914 and March 1989: total resources and assets (TOTRA via Federal Reserve Economic Data - FRED). Reference: C Bao, J Chen, N Fries, A Gibson, E Paine and K Schuler (2018): 'The Federal Reserve System's weekly balance sheet since 1914', Johns Hopkins Institute for Applied Economics, Global Health and the Study of Business Enterprise Studies, Studies in Applied Economics, no 115, July, https://econpapers.repec.org/paper/risjhisae/0115.htm.",,2,9,,Monthly: Mar 1989.,Board of Governors of the Federal Reserve System; Bank for International Settlements.,5B0,"United States - Central bank, assets, total, BIS-spliced",,E,2008-05,904.054144776,,F,A,
M,US,B,XDC,USD,N,,From March 1989 onwards: Factors Affecting Reserve Balances (H.4.1). Between November 1914 and March 1989: Bao et al (2018): 'The Federal Reserve System's weekly balance sheet since 1914'.,BIS-spliced,"From March 1989 onwards: total assets from Table 5 of the H.4.1 Statistical Release (RESPPANWW). Between November 1914 and March 1989: total resources and assets (TOTRA via Federal Reserve Economic Data - FRED). Reference: C Bao, J Chen, N Fries, A Gibson, E Paine and K Schuler (2018): 'The Federal Reserve System's weekly balance sheet since 1914', Johns Hopkins Institute for Applied Economics, Global Health and the Study of Business Enterprise Studies, Studies in Applied Economics, no 115, July, https://econpapers.repec.org/paper/risjhisae/0115.htm.",,2,9,,Monthly: Mar 1989.,Board of Governors of the Federal Reserve System; Bank for International Settlements.,5B0,"United States - Central bank, assets, total, BIS-spliced",,E,2008-06,892.712990543,,F,A,
M,US,B,XDC,USD,N,,From March 1989 onwards: Factors Affecting Reserve Balances (H.4.1). Between November 1914 and March 1989: Bao et al (2018): 'The Federal Reserve System's weekly balance sheet since 1914'.,BIS-spliced,"From March 1989 onwards: total assets from Table 5 of the H.4.1 Statistical Release (RESPPANWW). Between November 1914 and March 1989: total resources and assets (TOTRA via Federal Reserve Economic Data - FRED). Reference: C Bao, J Chen, N Fries, A Gibson, E Paine and K Schuler (2018): 'The Federal Reserve System's weekly balance sheet since 1914', Johns Hopkins Institute for Applied Economics, Global Health and the Study of Business Enterprise Studies, Studies in Applied Economics, no 115, July, https://econpapers.repec.org/paper/risjhisae/0115.htm.",,2,9,,Monthly: Mar 1989.,Board of Governors of the Federal Reserve System; Bank for International Settlements.,5B0,"United States - Central bank, assets, total, BIS-spliced",,E,2008-07,918.625377401,,F,A,
M,US,B,XDC,USD,N,,From March 1989 onwards: Factors Affecting Reserve Balances (H.4.1). Between November 1914 and March 1989: Bao et al (2018): 'The Federal Reserve System's weekly balance sheet since 1914'.,BIS-spliced,"From March 1989 onwards: total assets from Table 5 of the H.4.1 Statistical Release (RESPPANWW). Between November 1914 and March 1989: total resources and assets (TOTRA via Federal Reserve Economic Data - FRED). Reference: C Bao, J Chen, N Fries, A Gibson, E Paine and K Schuler (2018): 'The Federal Reserve System's weekly balance sheet since 1914', Johns Hopkins Institute for Applied Economics, Global Health and the Study of Business Enterprise Studies, Studies in Applied Economics, no 115, July, https://econpapers.repec.org/paper/risjhisae/0115.htm.",,2,9,,Monthly: Mar 1989.,Board of Governors of the Federal Reserve System; Bank for International Settlements.,5B0,"United States - Central bank, assets, total, BIS-spliced",,E,2008-08,909.981929815,,F,A,
M,US,B,XDC,USD,N,,From March 1989 onwards: Factors Affecting Reserve Balances (H.4.1). Between November 1914 and March 1989: Bao et al (2018): 'The Federal Reserve System's weekly balance sheet since 1914'.,BIS-spliced,"From March 1989 onwards: total assets from Table 5 of the H.4.1 Statistical Release (RESPPANWW). Between November 1914 and March 1989: total resources and assets (TOTRA via Federal Reserve Economic Data - FRED). Reference: C Bao, J Chen, N Fries, A Gibson, E Paine and K Schuler (2018): 'The Federal Reserve System's weekly balance sheet since 1914', Johns Hopkins Institute for Applied Economics, Global Health and the Study of Business Enterprise Studies, Studies in Applied Economics, no 115, July, https://econpapers.repec.org/paper/risjhisae/0115.htm.",,2,9,,Monthly: Mar 1989.,Board of Governors of the Federal Reserve System; Bank for International Settlements.,5B0,"United States - Central bank, assets, total, BIS-spliced",,E,2008-09,1211.82508312,,F,A,
M,US,B,XDC,USD,N,,From March 1989 onwards: Factors Affecting Reserve Balances (H.4.1). Between November 1914 and March 1989: Bao et al (2018): 'The Federal Reserve System's weekly balance sheet since 1914'.,BIS-spliced,"From March 1989 onwards: total assets from Table 5 of the H.4.1 Statistical Release (RESPPANWW). Between November 1914 and March 1989: total resources and assets (TOTRA via Federal Reserve Economic Data - FRED). Reference: C Bao, J Chen, N Fries, A Gibson, E Paine and K Schuler (2018): 'The Federal Reserve System's weekly balance sheet since 1914', Johns Hopkins Institute for Applied Economics, Global Health and the Study of Business Enterprise Studies, Studies in Applied Economics, no 115, July, https://econpapers.repec.org/paper/risjhisae/0115.htm.",,2,9,,Monthly: Mar 1989.,Board of Governors of the Federal Reserve System; Bank for International Settlements.,5B0,"United States - Central bank, assets, total, BIS-spliced",,E,2008-10,1969.08592458,,F,A,
M,US,B,XDC,USD,N,,From March 1989 onwards: Factors Affecting Reserve Balances (H.4.1). Between November 1914 and March 1989: Bao et al (2018): 'The Federal Reserve System's weekly balance sheet since 1914'.,BIS-spliced,"From March 1989 onwards: total assets from Table 5 of the H.4.1 Statistical Release (RESPPANWW). Between November 1914 and March 1989: total resources and assets (TOTRA via Federal Reserve Economic Data - FRED). Reference: C Bao, J Chen, N Fries, A Gibson, E Paine and K Schuler (2018): 'The Federal Reserve System's weekly balance sheet since 1914', Johns Hopkins Institute for Applied Economics, Global Health and the Study of Business Enterprise Studies, Studies in Applied Economics, no 115, July, https://econpapers.repec.org/paper/risjhisae/0115.htm.",,2,9,,Monthly: Mar 1989.,Board of Governors of the Federal Reserve System; Bank for International Settlements.,5B0,"United States - Central bank, assets, total, BIS-spliced",,E,2008-11,2106.11695277,,F,A,
M,US,B,XDC,USD,N,,From March 1989 onwards: Factors Affecting Reserve Balances (H.4.1). Between November 1914 and March 1989: Bao et al (2018): 'The Federal Reserve System's weekly balance sheet since 1914'.,BIS-spliced,"From March 1989 onwards: total assets from Table 5 of the H.4.1 Statistical Release (RESPPANWW). Between November 1914 and March 1989: total resources and assets (TOTRA via Federal Reserve Economic Data - FRED). Reference: C Bao, J Chen, N Fries, A Gibson, E Paine and K Schuler (2018): 'The Federal Reserve System's weekly balance sheet since 1914', Johns Hopkins Institute for Applied Economics, Global Health and the Study of Business Enterprise Studies, Studies in Applied Economics, no 115, July, https://econpapers.repec.org/paper/risjhisae/0115.htm.",,2,9,,Monthly: Mar 1989.,Board of Governors of the Federal Reserve System; Bank for International Settlements.,5B0,"United States - Central bank, assets, total, BIS-spliced",,E,2008-12,2239.45691467,,F,A,
M,US,B,XDC,USD,N,,From March 1989 onwards: Factors Affecting Reserve Balances (H.4.1). Between November 1914 and March 1989: Bao et al (2018): 'The Federal Reserve System's weekly balance sheet since 1914'.,BIS-spliced,"From March 1989 onwards: total assets from Table 5 of the H.4.1 Statistical Release (RESPPANWW). Between November 1914 and March 1989: total resources and assets (TOTRA via Federal Reserve Economic Data - FRED). Reference: C Bao, J Chen, N Fries, A Gibson, E Paine and K Schuler (2018): 'The Federal Reserve System's weekly balance sheet since 1914', Johns Hopkins Institute for Applied Economics, Global Health and the Study of Business Enterprise Studies, Studies in Applied Economics, no 115, July, https://econpapers.repec.org/paper/risjhisae/0115.htm.",,2,9,,Monthly: Mar 1989.,Board of Governors of the Federal Reserve System; Bank for International Settlements.,5B0,"United States - Central bank, assets, total, BIS-spliced",,E,2009-01,1927.08240248,,F,A,
M,US,B,XDC,USD,N,,From March 1989 onwards: Factors Affecting Reserve Balances (H.4.1). Between November 1914 and March 1989: Bao et al (2018): 'The Federal Reserve System's weekly balance sheet since 1914'.,BIS-spliced,"From March 1989 onwards: total assets from Table 5 of the H.4.1 Statistical Release (RESPPANWW). Between November 1914 and March 1989: total resources and assets (TOTRA via Federal Reserve Economic Data - FRED). Reference: C Bao, J Chen, N Fries, A Gibson, E Paine and K Schuler (2018): 'The Federal Reserve System's weekly balance sheet since 1914', Johns Hopkins Institute for Applied Economics, Global Health and the Study of Business Enterprise Studies, Studies in Applied Economics, no 115, July, https://econpapers.repec.org/paper/risjhisae/0115.htm.",,2,9,,Monthly: Mar 1989.,Board of Governors of the Federal Reserve System; Bank for International Settlements.,5B0,"United States - Central bank, assets, total, BIS-spliced",,E,2009-02,1916.11544407,,F,A,
M,US,B,XDC,USD,N,,From March 1989 onwards: Factors Affecting Reserve Balances (H.4.1). Between November 1914 and March 1989: Bao et al (2018): 'The Federal Reserve System's weekly balance sheet since 1914'.,BIS-spliced,"From March 1989 onwards: total assets from Table 5 of the H.4.1 Statistical Release (RESPPANWW). Between November 1914 and March 1989: total resources and assets (TOTRA via Federal Reserve Economic Data - FRED). Reference: C Bao, J Chen, N Fries, A Gibson, E Paine and K Schuler (2018): 'The Federal Reserve System's weekly balance sheet since 1914', Johns Hopkins Institute for Applied Economics, Global Health and the Study of Business Enterprise Studies, Studies in Applied Economics, no 115, July, https://econpapers.repec.org/paper/risjhisae/0115.htm.",,2,9,,Monthly: Mar 1989.,Board of Governors of the Federal Reserve System; Bank for International Settlements.,5B0,"United States - Central bank, assets, total, BIS-spliced",,E,2009-03,2071.55551558,,F,A,
M,US,B,XDC,USD,N,,From March 1989 onwards: Factors Affecting Reserve Balances (H.4.1). Between November 1914 and March 1989: Bao et al (2018): 'The Federal Reserve System's weekly balance sheet since 1914'.,BIS-spliced,"From March 1989 onwards: total assets from Table 5 of the H.4.1 Statistical Release (RESPPANWW). Between November 1914 and March 1989: total resources and assets (TOTRA via Federal Reserve Economic Data - FRED). Reference: C Bao, J Chen, N Fries, A Gibson, E Paine and K Schuler (2018): 'The Federal Reserve System's weekly balance sheet since 1914', Johns Hopkins Institute for Applied Economics, Global Health and the Study of Business Enterprise Studies, Studies in Applied Economics, no 115, July, https://econpapers.repec.org/paper/risjhisae/0115.htm.",,2,9,,Monthly: Mar 1989.,Board of Governors of the Federal Reserve System; Bank for International Settlements.,5B0,"United States - Central bank, assets, total, BIS-spliced",,E,2009-04,2066.71157764,,F,A,
M,US,B,XDC,USD,N,,From March 1989 onwards: Factors Affecting Reserve Balances (H.4.1). Between November 1914 and March 1989: Bao et al (2018): 'The Federal Reserve System's weekly balance sheet since 1914'.,BIS-spliced,"From March 1989 onwards: total assets from Table 5 of the H.4.1 Statistical Release (RESPPANWW). Between November 1914 and March 1989: total resources and assets (TOTRA via Federal Reserve Economic Data - FRED). Reference: C Bao, J Chen, N Fries, A Gibson, E Paine and K Schuler (2018): 'The Federal Reserve System's weekly balance sheet since 1914', Johns Hopkins Institute for Applied Economics, Global Health and the Study of Business Enterprise Studies, Studies in Applied Economics, no 115, July, https://econpapers.repec.org/paper/risjhisae/0115.htm.",,2,9,,Monthly: Mar 1989.,Board of Governors of the Federal Reserve System; Bank for International Settlements.,5B0,"United States - Central bank, assets, total, BIS-spliced",,E,2009-05,2080.1151212,,F,A,
M,US,B,XDC,USD,N,,From March 1989 onwards: Factors Affecting Reserve Balances (H.4.1). Between November 1914 and March 1989: Bao et al (2018): 'The Federal Reserve System's weekly balance sheet since 1914'.,BIS-spliced,"From March 1989 onwards: total assets from Table 5 of the H.4.1 Statistical Release (RESPPANWW). Between November 1914 and March 1989: total resources and assets (TOTRA via Federal Reserve Economic Data - FRED). Reference: C Bao, J Chen, N Fries, A Gibson, E Paine and K Schuler (2018): 'The Federal Reserve System's weekly balance sheet since 1914', Johns Hopkins Institute for Applied Economics, Global Health and the Study of Business Enterprise Studies, Studies in Applied Economics, no 115, July, https://econpapers.repec.org/paper/risjhisae/0115.htm.",,2,9,,Monthly: Mar 1989.,Board of Governors of the Federal Reserve System; Bank for International Settlements.,5B0,"United States - Central bank, assets, total, BIS-spliced",,E,2009-06,2025.57102351,,F,A,
M,US,B,XDC,USD,N,,From March 1989 onwards: Factors Affecting Reserve Balances (H.4.1). Between November 1914 and March 1989: Bao et al (2018): 'The Federal Reserve System's weekly balance sheet since 1914'.,BIS-spliced,"From March 1989 onwards: total assets from Table 5 of the H.4.1 Statistical Release (RESPPANWW). Between November 1914 and March 1989: total resources and assets (TOTRA via Federal Reserve Economic Data - FRED). Reference: C Bao, J Chen, N Fries, A Gibson, E Paine and K Schuler (2018): 'The Federal Reserve System's weekly balance sheet since 1914', Johns Hopkins Institute for Applied Economics, Global Health and the Study of Business Enterprise Studies, Studies in Applied Economics, no 115, July, https://econpapers.repec.org/paper/risjhisae/0115.htm.",,2,9,,Monthly: Mar 1989.,Board of Governors of the Federal Reserve System; Bank for International Settlements.,5B0,"United States - Central bank, assets, total, BIS-spliced",,E,2009-07,2000.54717205,,F,A,
M,US,B,XDC,USD,N,,From March 1989 onwards: Factors Affecting Reserve Balances (H.4.1). Between November 1914 and March 1989: Bao et al (2018): 'The Federal Reserve System's weekly balance sheet since 1914'.,BIS-spliced,"From March 1989 onwards: total assets from Table 5 of the H.4.1 Statistical Release (RESPPANWW). Between November 1914 and March 1989: total resources and assets (TOTRA via Federal Reserve Economic Data - FRED). Reference: C Bao, J Chen, N Fries, A Gibson, E Paine and K Schuler (2018): 'The Federal Reserve System's weekly balance sheet since 1914', Johns Hopkins Institute for Applied Economics, Global Health and the Study of Business Enterprise Studies, Studies in Applied Economics, no 115, July, https://econpapers.repec.org/paper/risjhisae/0115.htm.",,2,9,,Monthly: Mar 1989.,Board of Governors of the Federal Reserve System; Bank for International Settlements.,5B0,"United States - Central bank, assets, total, BIS-spliced",,E,2009-08,2074.90150494,,F,A,
M,US,B,XDC,USD,N,,From March 1989 onwards: Factors Affecting Reserve Balances (H.4.1). Between November 1914 and March 1989: Bao et al (2018): 'The Federal Reserve System's weekly balance sheet since 1914'.,BIS-spliced,"From March 1989 onwards: total assets from Table 5 of the H.4.1 Statistical Release (RESPPANWW). Between November 1914 and March 1989: total resources and assets (TOTRA via Federal Reserve Economic Data - FRED). Reference: C Bao, J Chen, N Fries, A Gibson, E Paine and K Schuler (2018): 'The Federal Reserve System's weekly balance sheet since 1914', Johns Hopkins Institute for Applied Economics, Global Health and the Study of Business Enterprise Studies, Studies in Applied Economics, no 115, July, https://econpapers.repec.org/paper/risjhisae/0115.htm.",,2,9,,Monthly: Mar 1989.,Board of Governors of the Federal Reserve System; Bank for International Settlements.,5B0,"United States - Central bank, assets, total, BIS-spliced",,E,2009-09,2141.01966517,,F,A,
M,US,B,XDC,USD,N,,From March 1989 onwards: Factors Affecting Reserve Balances (H.4.1). Between November 1914 and March 1989: Bao et al (2018): 'The Federal Reserve System's weekly balance sheet since 1914'.,BIS-spliced,"From March 1989 onwards: total assets from Table 5 of the H.4.1 Statistical Release (RESPPANWW). Between November 1914 and March 1989: total resources and assets (TOTRA via Federal Reserve Economic Data - FRED). Reference: C Bao, J Chen, N Fries, A Gibson, E Paine and K Schuler (2018): 'The Federal Reserve System's weekly balance sheet since 1914', Johns Hopkins Institute for Applied Economics, Global Health and the Study of Business Enterprise Studies, Studies in Applied Economics, no 115, July, https://econpapers.repec.org/paper/risjhisae/0115.htm.",,2,9,,Monthly: Mar 1989.,Board of Governors of the Federal Reserve System; Bank for International Settlements.,5B0,"United States - Central bank, assets, total, BIS-spliced",,E,2009-10,2161.53719779,,F,A,
M,US,B,XDC,USD,N,,From March 1989 onwards: Factors Affecting Reserve Balances (H.4.1). Between November 1914 and March 1989: Bao et al (2018): 'The Federal Reserve System's weekly balance sheet since 1914'.,BIS-spliced,"From March 1989 onwards: total assets from Table 5 of the H.4.1 Statistical Release (RESPPANWW). Between November 1914 and March 1989: total resources and assets (TOTRA via Federal Reserve Economic Data - FRED). Reference: C Bao, J Chen, N Fries, A Gibson, E Paine and K Schuler (2018): 'The Federal Reserve System's weekly balance sheet since 1914', Johns Hopkins Institute for Applied Economics, Global Health and the Study of Business Enterprise Studies, Studies in Applied Economics, no 115, July, https://econpapers.repec.org/paper/risjhisae/0115.htm.",,2,9,,Monthly: Mar 1989.,Board of Governors of the Federal Reserve System; Bank for International Settlements.,5B0,"United States - Central bank, assets, total, BIS-spliced",,E,2009-11,2206.35926646,,F,A,
M,US,B,XDC,USD,N,,From March 1989 onwards: Factors Affecting Reserve Balances (H.4.1). Between November 1914 and March 1989: Bao et al (2018): 'The Federal Reserve System's weekly balance sheet since 1914'.,BIS-spliced,"From March 1989 onwards: total assets from Table 5 of the H.4.1 Statistical Release (RESPPANWW). Between November 1914 and March 1989: total resources and assets (TOTRA via Federal Reserve Economic Data - FRED). Reference: C Bao, J Chen, N Fries, A Gibson, E Paine and K Schuler (2018): 'The Federal Reserve System's weekly balance sheet since 1914', Johns Hopkins Institute for Applied Economics, Global Health and the Study of Business Enterprise Studies, Studies in Applied Economics, no 115, July, https://econpapers.repec.org/paper/risjhisae/0115.htm.",,2,9,,Monthly: Mar 1989.,Board of Governors of the Federal Reserve System; Bank for International Settlements.,5B0,"United States - Central bank, assets, total, BIS-spliced",,E,2009-12,2234.0668882,,F,A,
M,US,B,XDC,USD,N,,From March 1989 onwards: Factors Affecting Reserve Balances (H.4.1). Between November 1914 and March 1989: Bao et al (2018): 'The Federal Reserve System's weekly balance sheet since 1914'.,BIS-spliced,"From March 1989 onwards: total assets from Table 5 of the H.4.1 Statistical Release (RESPPANWW). Between November 1914 and March 1989: total resources and assets (TOTRA via Federal Reserve Economic Data - FRED). Reference: C Bao, J Chen, N Fries, A Gibson, E Paine and K Schuler (2018): 'The Federal Reserve System's weekly balance sheet since 1914', Johns Hopkins Institute for Applied Economics, Global Health and the Study of Business Enterprise Studies, Studies in Applied Economics, no 115, July, https://econpapers.repec.org/paper/risjhisae/0115.htm.",,2,9,,Monthly: Mar 1989.,Board of Governors of the Federal Reserve System; Bank for International Settlements.,5B0,"United States - Central bank, assets, total, BIS-spliced",,E,2010-01,2246.88569672,,F,A,
M,US,B,XDC,USD,N,,From March 1989 onwards: Factors Affecting Reserve Balances (H.4.1). Between November 1914 and March 1989: Bao et al (2018): 'The Federal Reserve System's weekly balance sheet since 1914'.,BIS-spliced,"From March 1989 onwards: total assets from Table 5 of the H.4.1 Statistical Release (RESPPANWW). Between November 1914 and March 1989: total resources and assets (TOTRA via Federal Reserve Economic Data - FRED). Reference: C Bao, J Chen, N Fries, A Gibson, E Paine and K Schuler (2018): 'The Federal Reserve System's weekly balance sheet since 1914', Johns Hopkins Institute for Applied Economics, Global Health and the Study of Business Enterprise Studies, Studies in Applied Economics, no 115, July, https://econpapers.repec.org/paper/risjhisae/0115.htm.",,2,9,,Monthly: Mar 1989.,Board of Governors of the Federal Reserve System; Bank for International Settlements.,5B0,"United States - Central bank, assets, total, BIS-spliced",,E,2010-02,2286.12677101,,F,A,
M,US,B,XDC,USD,N,,From March 1989 onwards: Factors Affecting Reserve Balances (H.4.1). Between November 1914 and March 1989: Bao et al (2018): 'The Federal Reserve System's weekly balance sheet since 1914'.,BIS-spliced,"From March 1989 onwards: total assets from Table 5 of the H.4.1 Statistical Release (RESPPANWW). Between November 1914 and March 1989: total resources and assets (TOTRA via Federal Reserve Economic Data - FRED). Reference: C Bao, J Chen, N Fries, A Gibson, E Paine and K Schuler (2018): 'The Federal Reserve System's weekly balance sheet since 1914', Johns Hopkins Institute for Applied Economics, Global Health and the Study of Business Enterprise Studies, Studies in Applied Economics, no 115, July, https://econpapers.repec.org/paper/risjhisae/0115.htm.",,2,9,,Monthly: Mar 1989.,Board of Governors of the Federal Reserve System; Bank for International Settlements.,5B0,"United States - Central bank, assets, total, BIS-spliced",,E,2010-03,2307.15013986,,F,A,
M,US,B,XDC,USD,N,,From March 1989 onwards: Factors Affecting Reserve Balances (H.4.1). Between November 1914 and March 1989: Bao et al (2018): 'The Federal Reserve System's weekly balance sheet since 1914'.,BIS-spliced,"From March 1989 onwards: total assets from Table 5 of the H.4.1 Statistical Release (RESPPANWW). Between November 1914 and March 1989: total resources and assets (TOTRA via Federal Reserve Economic Data - FRED). Reference: C Bao, J Chen, N Fries, A Gibson, E Paine and K Schuler (2018): 'The Federal Reserve System's weekly balance sheet since 1914', Johns Hopkins Institute for Applied Economics, Global Health and the Study of Business Enterprise Studies, Studies in Applied Economics, no 115, July, https://econpapers.repec.org/paper/risjhisae/0115.htm.",,2,9,,Monthly: Mar 1989.,Board of Governors of the Federal Reserve System; Bank for International Settlements.,5B0,"United States - Central bank, assets, total, BIS-spliced",,E,2010-04,2330.47224025,,F,A,
M,US,B,XDC,USD,N,,From March 1989 onwards: Factors Affecting Reserve Balances (H.4.1). Between November 1914 and March 1989: Bao et al (2018): 'The Federal Reserve System's weekly balance sheet since 1914'.,BIS-spliced,"From March 1989 onwards: total assets from Table 5 of the H.4.1 Statistical Release (RESPPANWW). Between November 1914 and March 1989: total resources and assets (TOTRA via Federal Reserve Economic Data - FRED). Reference: C Bao, J Chen, N Fries, A Gibson, E Paine and K Schuler (2018): 'The Federal Reserve System's weekly balance sheet since 1914', Johns Hopkins Institute for Applied Economics, Global Health and the Study of Business Enterprise Studies, Studies in Applied Economics, no 115, July, https://econpapers.repec.org/paper/risjhisae/0115.htm.",,2,9,,Monthly: Mar 1989.,Board of Governors of the Federal Reserve System; Bank for International Settlements.,5B0,"United States - Central bank, assets, total, BIS-spliced",,E,2010-05,2334.04146738,,F,A,
M,US,B,XDC,USD,N,,From March 1989 onwards: Factors Affecting Reserve Balances (H.4.1). Between November 1914 and March 1989: Bao et al (2018): 'The Federal Reserve System's weekly balance sheet since 1914'.,BIS-spliced,"From March 1989 onwards: total assets from Table 5 of the H.4.1 Statistical Release (RESPPANWW). Between November 1914 and March 1989: total resources and assets (TOTRA via Federal Reserve Economic Data - FRED). Reference: C Bao, J Chen, N Fries, A Gibson, E Paine and K Schuler (2018): 'The Federal Reserve System's weekly balance sheet since 1914', Johns Hopkins Institute for Applied Economics, Global Health and the Study of Business Enterprise Studies, Studies in Applied Economics, no 115, July, https://econpapers.repec.org/paper/risjhisae/0115.htm.",,2,9,,Monthly: Mar 1989.,Board of Governors of the Federal Reserve System; Bank for International Settlements.,5B0,"United States - Central bank, assets, total, BIS-spliced",,E,2010-06,2330.85061771,,F,A,
M,US,B,XDC,USD,N,,From March 1989 onwards: Factors Affecting Reserve Balances (H.4.1). Between November 1914 and March 1989: Bao et al (2018): 'The Federal Reserve System's weekly balance sheet since 1914'.,BIS-spliced,"From March 1989 onwards: total assets from Table 5 of the H.4.1 Statistical Release (RESPPANWW). Between November 1914 and March 1989: total resources and assets (TOTRA via Federal Reserve Economic Data - FRED). Reference: C Bao, J Chen, N Fries, A Gibson, E Paine and K Schuler (2018): 'The Federal Reserve System's weekly balance sheet since 1914', Johns Hopkins Institute for Applied Economics, Global Health and the Study of Business Enterprise Studies, Studies in Applied Economics, no 115, July, https://econpapers.repec.org/paper/risjhisae/0115.htm.",,2,9,,Monthly: Mar 1989.,Board of Governors of the Federal Reserve System; Bank for International Settlements.,5B0,"United States - Central bank, assets, total, BIS-spliced",,E,2010-07,2325.29811537,,F,A,
M,US,B,XDC,USD,N,,From March 1989 onwards: Factors Affecting Reserve Balances (H.4.1). Between November 1914 and March 1989: Bao et al (2018): 'The Federal Reserve System's weekly balance sheet since 1914'.,BIS-spliced,"From March 1989 onwards: total assets from Table 5 of the H.4.1 Statistical Release (RESPPANWW). Between November 1914 and March 1989: total resources and assets (TOTRA via Federal Reserve Economic Data - FRED). Reference: C Bao, J Chen, N Fries, A Gibson, E Paine and K Schuler (2018): 'The Federal Reserve System's weekly balance sheet since 1914', Johns Hopkins Institute for Applied Economics, Global Health and the Study of Business Enterprise Studies, Studies in Applied Economics, no 115, July, https://econpapers.repec.org/paper/risjhisae/0115.htm.",,2,9,,Monthly: Mar 1989.,Board of Governors of the Federal Reserve System; Bank for International Settlements.,5B0,"United States - Central bank, assets, total, BIS-spliced",,E,2010-08,2301.01535085,,F,A,
M,US,B,XDC,USD,N,,From March 1989 onwards: Factors Affecting Reserve Balances (H.4.1). Between November 1914 and March 1989: Bao et al (2018): 'The Federal Reserve System's weekly balance sheet since 1914'.,BIS-spliced,"From March 1989 onwards: total assets from Table 5 of the H.4.1 Statistical Release (RESPPANWW). Between November 1914 and March 1989: total resources and assets (TOTRA via Federal Reserve Economic Data - FRED). Reference: C Bao, J Chen, N Fries, A Gibson, E Paine and K Schuler (2018): 'The Federal Reserve System's weekly balance sheet since 1914', Johns Hopkins Institute for Applied Economics, Global Health and the Study of Business Enterprise Studies, Studies in Applied Economics, no 115, July, https://econpapers.repec.org/paper/risjhisae/0115.htm.",,2,9,,Monthly: Mar 1989.,Board of Governors of the Federal Reserve System; Bank for International Settlements.,5B0,"United States - Central bank, assets, total, BIS-spliced",,E,2010-09,2298.69136958,,F,A,
M,US,B,XDC,USD,N,,From March 1989 onwards: Factors Affecting Reserve Balances (H.4.1). Between November 1914 and March 1989: Bao et al (2018): 'The Federal Reserve System's weekly balance sheet since 1914'.,BIS-spliced,"From March 1989 onwards: total assets from Table 5 of the H.4.1 Statistical Release (RESPPANWW). Between November 1914 and March 1989: total resources and assets (TOTRA via Federal Reserve Economic Data - FRED). Reference: C Bao, J Chen, N Fries, A Gibson, E Paine and K Schuler (2018): 'The Federal Reserve System's weekly balance sheet since 1914', Johns Hopkins Institute for Applied Economics, Global Health and the Study of Business Enterprise Studies, Studies in Applied Economics, no 115, July, https://econpapers.repec.org/paper/risjhisae/0115.htm.",,2,9,,Monthly: Mar 1989.,Board of Governors of the Federal Reserve System; Bank for International Settlements.,5B0,"United States - Central bank, assets, total, BIS-spliced",,E,2010-10,2295.39204536,,F,A,
M,US,B,XDC,USD,N,,From March 1989 onwards: Factors Affecting Reserve Balances (H.4.1). Between November 1914 and March 1989: Bao et al (2018): 'The Federal Reserve System's weekly balance sheet since 1914'.,BIS-spliced,"From March 1989 onwards: total assets from Table 5 of the H.4.1 Statistical Release (RESPPANWW). Between November 1914 and March 1989: total resources and assets (TOTRA via Federal Reserve Economic Data - FRED). Reference: C Bao, J Chen, N Fries, A Gibson, E Paine and K Schuler (2018): 'The Federal Reserve System's weekly balance sheet since 1914', Johns Hopkins Institute for Applied Economics, Global Health and the Study of Business Enterprise Studies, Studies in Applied Economics, no 115, July, https://econpapers.repec.org/paper/risjhisae/0115.htm.",,2,9,,Monthly: Mar 1989.,Board of Governors of the Federal Reserve System; Bank for International Settlements.,5B0,"United States - Central bank, assets, total, BIS-spliced",,E,2010-11,2346.00089746,,F,A,
M,US,B,XDC,USD,N,,From March 1989 onwards: Factors Affecting Reserve Balances (H.4.1). Between November 1914 and March 1989: Bao et al (2018): 'The Federal Reserve System's weekly balance sheet since 1914'.,BIS-spliced,"From March 1989 onwards: total assets from Table 5 of the H.4.1 Statistical Release (RESPPANWW). Between November 1914 and March 1989: total resources and assets (TOTRA via Federal Reserve Economic Data - FRED). Reference: C Bao, J Chen, N Fries, A Gibson, E Paine and K Schuler (2018): 'The Federal Reserve System's weekly balance sheet since 1914', Johns Hopkins Institute for Applied Economics, Global Health and the Study of Business Enterprise Studies, Studies in Applied Economics, no 115, July, https://econpapers.repec.org/paper/risjhisae/0115.htm.",,2,9,,Monthly: Mar 1989.,Board of Governors of the Federal Reserve System; Bank for International Settlements.,5B0,"United States - Central bank, assets, total, BIS-spliced",,E,2010-12,2420.56950683,,F,A,
M,US,B,XDC,USD,N,,From March 1989 onwards: Factors Affecting Reserve Balances (H.4.1). Between November 1914 and March 1989: Bao et al (2018): 'The Federal Reserve System's weekly balance sheet since 1914'.,BIS-spliced,"From March 1989 onwards: total assets from Table 5 of the H.4.1 Statistical Release (RESPPANWW). Between November 1914 and March 1989: total resources and assets (TOTRA via Federal Reserve Economic Data - FRED). Reference: C Bao, J Chen, N Fries, A Gibson, E Paine and K Schuler (2018): 'The Federal Reserve System's weekly balance sheet since 1914', Johns Hopkins Institute for Applied Economics, Global Health and the Study of Business Enterprise Studies, Studies in Applied Economics, no 115, July, https://econpapers.repec.org/paper/risjhisae/0115.htm.",,2,9,,Monthly: Mar 1989.,Board of Governors of the Federal Reserve System; Bank for International Settlements.,5B0,"United States - Central bank, assets, total, BIS-spliced",,E,2011-01,2443.52719133,,F,A,
M,US,B,XDC,USD,N,,From March 1989 onwards: Factors Affecting Reserve Balances (H.4.1). Between November 1914 and March 1989: Bao et al (2018): 'The Federal Reserve System's weekly balance sheet since 1914'.,BIS-spliced,"From March 1989 onwards: total assets from Table 5 of the H.4.1 Statistical Release (RESPPANWW). Between November 1914 and March 1989: total resources and assets (TOTRA via Federal Reserve Economic Data - FRED). Reference: C Bao, J Chen, N Fries, A Gibson, E Paine and K Schuler (2018): 'The Federal Reserve System's weekly balance sheet since 1914', Johns Hopkins Institute for Applied Economics, Global Health and the Study of Business Enterprise Studies, Studies in Applied Economics, no 115, July, https://econpapers.repec.org/paper/risjhisae/0115.htm.",,2,9,,Monthly: Mar 1989.,Board of Governors of the Federal Reserve System; Bank for International Settlements.,5B0,"United States - Central bank, assets, total, BIS-spliced",,E,2011-02,2533.2206954,,F,A,
M,US,B,XDC,USD,N,,From March 1989 onwards: Factors Affecting Reserve Balances (H.4.1). Between November 1914 and March 1989: Bao et al (2018): 'The Federal Reserve System's weekly balance sheet since 1914'.,BIS-spliced,"From March 1989 onwards: total assets from Table 5 of the H.4.1 Statistical Release (RESPPANWW). Between November 1914 and March 1989: total resources and assets (TOTRA via Federal Reserve Economic Data - FRED). Reference: C Bao, J Chen, N Fries, A Gibson, E Paine and K Schuler (2018): 'The Federal Reserve System's weekly balance sheet since 1914', Johns Hopkins Institute for Applied Economics, Global Health and the Study of Business Enterprise Studies, Studies in Applied Economics, no 115, July, https://econpapers.repec.org/paper/risjhisae/0115.htm.",,2,9,,Monthly: Mar 1989.,Board of Governors of the Federal Reserve System; Bank for International Settlements.,5B0,"United States - Central bank, assets, total, BIS-spliced",,E,2011-03,2622.52338536,,F,A,
M,US,B,XDC,USD,N,,From March 1989 onwards: Factors Affecting Reserve Balances (H.4.1). Between November 1914 and March 1989: Bao et al (2018): 'The Federal Reserve System's weekly balance sheet since 1914'.,BIS-spliced,"From March 1989 onwards: total assets from Table 5 of the H.4.1 Statistical Release (RESPPANWW). Between November 1914 and March 1989: total resources and assets (TOTRA via Federal Reserve Economic Data - FRED). Reference: C Bao, J Chen, N Fries, A Gibson, E Paine and K Schuler (2018): 'The Federal Reserve System's weekly balance sheet since 1914', Johns Hopkins Institute for Applied Economics, Global Health and the Study of Business Enterprise Studies, Studies in Applied Economics, no 115, July, https://econpapers.repec.org/paper/risjhisae/0115.htm.",,2,9,,Monthly: Mar 1989.,Board of Governors of the Federal Reserve System; Bank for International Settlements.,5B0,"United States - Central bank, assets, total, BIS-spliced",,E,2011-04,2690.98484766,,F,A,
M,US,B,XDC,USD,N,,From March 1989 onwards: Factors Affecting Reserve Balances (H.4.1). Between November 1914 and March 1989: Bao et al (2018): 'The Federal Reserve System's weekly balance sheet since 1914'.,BIS-spliced,"From March 1989 onwards: total assets from Table 5 of the H.4.1 Statistical Release (RESPPANWW). Between November 1914 and March 1989: total resources and assets (TOTRA via Federal Reserve Economic Data - FRED). Reference: C Bao, J Chen, N Fries, A Gibson, E Paine and K Schuler (2018): 'The Federal Reserve System's weekly balance sheet since 1914', Johns Hopkins Institute for Applied Economics, Global Health and the Study of Business Enterprise Studies, Studies in Applied Economics, no 115, July, https://econpapers.repec.org/paper/risjhisae/0115.htm.",,2,9,,Monthly: Mar 1989.,Board of Governors of the Federal Reserve System; Bank for International Settlements.,5B0,"United States - Central bank, assets, total, BIS-spliced",,E,2011-05,2774.99590364,,F,A,
M,US,B,XDC,USD,N,,From March 1989 onwards: Factors Affecting Reserve Balances (H.4.1). Between November 1914 and March 1989: Bao et al (2018): 'The Federal Reserve System's weekly balance sheet since 1914'.,BIS-spliced,"From March 1989 onwards: total assets from Table 5 of the H.4.1 Statistical Release (RESPPANWW). Between November 1914 and March 1989: total resources and assets (TOTRA via Federal Reserve Economic Data - FRED). Reference: C Bao, J Chen, N Fries, A Gibson, E Paine and K Schuler (2018): 'The Federal Reserve System's weekly balance sheet since 1914', Johns Hopkins Institute for Applied Economics, Global Health and the Study of Business Enterprise Studies, Studies in Applied Economics, no 115, July, https://econpapers.repec.org/paper/risjhisae/0115.htm.",,2,9,,Monthly: Mar 1989.,Board of Governors of the Federal Reserve System; Bank for International Settlements.,5B0,"United States - Central bank, assets, total, BIS-spliced",,E,2011-06,2865.2507091,,F,A,
M,US,B,XDC,USD,N,,From March 1989 onwards: Factors Affecting Reserve Balances (H.4.1). Between November 1914 and March 1989: Bao et al (2018): 'The Federal Reserve System's weekly balance sheet since 1914'.,BIS-spliced,"From March 1989 onwards: total assets from Table 5 of the H.4.1 Statistical Release (RESPPANWW). Between November 1914 and March 1989: total resources and assets (TOTRA via Federal Reserve Economic Data - FRED). Reference: C Bao, J Chen, N Fries, A Gibson, E Paine and K Schuler (2018): 'The Federal Reserve System's weekly balance sheet since 1914', Johns Hopkins Institute for Applied Economics, Global Health and the Study of Business Enterprise Studies, Studies in Applied Economics, no 115, July, https://econpapers.repec.org/paper/risjhisae/0115.htm.",,2,9,,Monthly: Mar 1989.,Board of Governors of the Federal Reserve System; Bank for International Settlements.,5B0,"United States - Central bank, assets, total, BIS-spliced",,E,2011-07,2863.5762295,,F,A,
M,US,B,XDC,USD,N,,From March 1989 onwards: Factors Affecting Reserve Balances (H.4.1). Between November 1914 and March 1989: Bao et al (2018): 'The Federal Reserve System's weekly balance sheet since 1914'.,BIS-spliced,"From March 1989 onwards: total assets from Table 5 of the H.4.1 Statistical Release (RESPPANWW). Between November 1914 and March 1989: total resources and assets (TOTRA via Federal Reserve Economic Data - FRED). Reference: C Bao, J Chen, N Fries, A Gibson, E Paine and K Schuler (2018): 'The Federal Reserve System's weekly balance sheet since 1914', Johns Hopkins Institute for Applied Economics, Global Health and the Study of Business Enterprise Studies, Studies in Applied Economics, no 115, July, https://econpapers.repec.org/paper/risjhisae/0115.htm.",,2,9,,Monthly: Mar 1989.,Board of Governors of the Federal Reserve System; Bank for International Settlements.,5B0,"United States - Central bank, assets, total, BIS-spliced",,E,2011-08,2853.887891,,F,A,
M,US,B,XDC,USD,N,,From March 1989 onwards: Factors Affecting Reserve Balances (H.4.1). Between November 1914 and March 1989: Bao et al (2018): 'The Federal Reserve System's weekly balance sheet since 1914'.,BIS-spliced,"From March 1989 onwards: total assets from Table 5 of the H.4.1 Statistical Release (RESPPANWW). Between November 1914 and March 1989: total resources and assets (TOTRA via Federal Reserve Economic Data - FRED). Reference: C Bao, J Chen, N Fries, A Gibson, E Paine and K Schuler (2018): 'The Federal Reserve System's weekly balance sheet since 1914', Johns Hopkins Institute for Applied Economics, Global Health and the Study of Business Enterprise Studies, Studies in Applied Economics, no 115, July, https://econpapers.repec.org/paper/risjhisae/0115.htm.",,2,9,,Monthly: Mar 1989.,Board of Governors of the Federal Reserve System; Bank for International Settlements.,5B0,"United States - Central bank, assets, total, BIS-spliced",,E,2011-09,2850.92145802,,F,A,
M,US,B,XDC,USD,N,,From March 1989 onwards: Factors Affecting Reserve Balances (H.4.1). Between November 1914 and March 1989: Bao et al (2018): 'The Federal Reserve System's weekly balance sheet since 1914'.,BIS-spliced,"From March 1989 onwards: total assets from Table 5 of the H.4.1 Statistical Release (RESPPANWW). Between November 1914 and March 1989: total resources and assets (TOTRA via Federal Reserve Economic Data - FRED). Reference: C Bao, J Chen, N Fries, A Gibson, E Paine and K Schuler (2018): 'The Federal Reserve System's weekly balance sheet since 1914', Johns Hopkins Institute for Applied Economics, Global Health and the Study of Business Enterprise Studies, Studies in Applied Economics, no 115, July, https://econpapers.repec.org/paper/risjhisae/0115.htm.",,2,9,,Monthly: Mar 1989.,Board of Governors of the Federal Reserve System; Bank for International Settlements.,5B0,"United States - Central bank, assets, total, BIS-spliced",,E,2011-10,2845.68490474,,F,A,
M,US,B,XDC,USD,N,,From March 1989 onwards: Factors Affecting Reserve Balances (H.4.1). Between November 1914 and March 1989: Bao et al (2018): 'The Federal Reserve System's weekly balance sheet since 1914'.,BIS-spliced,"From March 1989 onwards: total assets from Table 5 of the H.4.1 Statistical Release (RESPPANWW). Between November 1914 and March 1989: total resources and assets (TOTRA via Federal Reserve Economic Data - FRED). Reference: C Bao, J Chen, N Fries, A Gibson, E Paine and K Schuler (2018): 'The Federal Reserve System's weekly balance sheet since 1914', Johns Hopkins Institute for Applied Economics, Global Health and the Study of Business Enterprise Studies, Studies in Applied Economics, no 115, July, https://econpapers.repec.org/paper/risjhisae/0115.htm.",,2,9,,Monthly: Mar 1989.,Board of Governors of the Federal Reserve System; Bank for International Settlements.,5B0,"United States - Central bank, assets, total, BIS-spliced",,E,2011-11,2814.23457983,,F,A,
M,US,B,XDC,USD,N,,From March 1989 onwards: Factors Affecting Reserve Balances (H.4.1). Between November 1914 and March 1989: Bao et al (2018): 'The Federal Reserve System's weekly balance sheet since 1914'.,BIS-spliced,"From March 1989 onwards: total assets from Table 5 of the H.4.1 Statistical Release (RESPPANWW). Between November 1914 and March 1989: total resources and assets (TOTRA via Federal Reserve Economic Data - FRED). Reference: C Bao, J Chen, N Fries, A Gibson, E Paine and K Schuler (2018): 'The Federal Reserve System's weekly balance sheet since 1914', Johns Hopkins Institute for Applied Economics, Global Health and the Study of Business Enterprise Studies, Studies in Applied Economics, no 115, July, https://econpapers.repec.org/paper/risjhisae/0115.htm.",,2,9,,Monthly: Mar 1989.,Board of Governors of the Federal Reserve System; Bank for International Settlements.,5B0,"United States - Central bank, assets, total, BIS-spliced",,E,2011-12,2926.0949914,,F,A,
M,US,B,XDC,USD,N,,From March 1989 onwards: Factors Affecting Reserve Balances (H.4.1). Between November 1914 and March 1989: Bao et al (2018): 'The Federal Reserve System's weekly balance sheet since 1914'.,BIS-spliced,"From March 1989 onwards: total assets from Table 5 of the H.4.1 Statistical Release (RESPPANWW). Between November 1914 and March 1989: total resources and assets (TOTRA via Federal Reserve Economic Data - FRED). Reference: C Bao, J Chen, N Fries, A Gibson, E Paine and K Schuler (2018): 'The Federal Reserve System's weekly balance sheet since 1914', Johns Hopkins Institute for Applied Economics, Global Health and the Study of Business Enterprise Studies, Studies in Applied Economics, no 115, July, https://econpapers.repec.org/paper/risjhisae/0115.htm.",,2,9,,Monthly: Mar 1989.,Board of Governors of the Federal Reserve System; Bank for International Settlements.,5B0,"United States - Central bank, assets, total, BIS-spliced",,E,2012-01,2919.54507473,,F,A,
M,US,B,XDC,USD,N,,From March 1989 onwards: Factors Affecting Reserve Balances (H.4.1). Between November 1914 and March 1989: Bao et al (2018): 'The Federal Reserve System's weekly balance sheet since 1914'.,BIS-spliced,"From March 1989 onwards: total assets from Table 5 of the H.4.1 Statistical Release (RESPPANWW). Between November 1914 and March 1989: total resources and assets (TOTRA via Federal Reserve Economic Data - FRED). Reference: C Bao, J Chen, N Fries, A Gibson, E Paine and K Schuler (2018): 'The Federal Reserve System's weekly balance sheet since 1914', Johns Hopkins Institute for Applied Economics, Global Health and the Study of Business Enterprise Studies, Studies in Applied Economics, no 115, July, https://econpapers.repec.org/paper/risjhisae/0115.htm.",,2,9,,Monthly: Mar 1989.,Board of Governors of the Federal Reserve System; Bank for International Settlements.,5B0,"United States - Central bank, assets, total, BIS-spliced",,E,2012-02,2925.72232972,,F,A,
M,US,B,XDC,USD,N,,From March 1989 onwards: Factors Affecting Reserve Balances (H.4.1). Between November 1914 and March 1989: Bao et al (2018): 'The Federal Reserve System's weekly balance sheet since 1914'.,BIS-spliced,"From March 1989 onwards: total assets from Table 5 of the H.4.1 Statistical Release (RESPPANWW). Between November 1914 and March 1989: total resources and assets (TOTRA via Federal Reserve Economic Data - FRED). Reference: C Bao, J Chen, N Fries, A Gibson, E Paine and K Schuler (2018): 'The Federal Reserve System's weekly balance sheet since 1914', Johns Hopkins Institute for Applied Economics, Global Health and the Study of Business Enterprise Studies, Studies in Applied Economics, no 115, July, https://econpapers.repec.org/paper/risjhisae/0115.htm.",,2,9,,Monthly: Mar 1989.,Board of Governors of the Federal Reserve System; Bank for International Settlements.,5B0,"United States - Central bank, assets, total, BIS-spliced",,E,2012-03,2878.13665736,,F,A,
M,US,B,XDC,USD,N,,From March 1989 onwards: Factors Affecting Reserve Balances (H.4.1). Between November 1914 and March 1989: Bao et al (2018): 'The Federal Reserve System's weekly balance sheet since 1914'.,BIS-spliced,"From March 1989 onwards: total assets from Table 5 of the H.4.1 Statistical Release (RESPPANWW). Between November 1914 and March 1989: total resources and assets (TOTRA via Federal Reserve Economic Data - FRED). Reference: C Bao, J Chen, N Fries, A Gibson, E Paine and K Schuler (2018): 'The Federal Reserve System's weekly balance sheet since 1914', Johns Hopkins Institute for Applied Economics, Global Health and the Study of Business Enterprise Studies, Studies in Applied Economics, no 115, July, https://econpapers.repec.org/paper/risjhisae/0115.htm.",,2,9,,Monthly: Mar 1989.,Board of Governors of the Federal Reserve System; Bank for International Settlements.,5B0,"United States - Central bank, assets, total, BIS-spliced",,E,2012-04,2866.56128045,,F,A,
M,US,B,XDC,USD,N,,From March 1989 onwards: Factors Affecting Reserve Balances (H.4.1). Between November 1914 and March 1989: Bao et al (2018): 'The Federal Reserve System's weekly balance sheet since 1914'.,BIS-spliced,"From March 1989 onwards: total assets from Table 5 of the H.4.1 Statistical Release (RESPPANWW). Between November 1914 and March 1989: total resources and assets (TOTRA via Federal Reserve Economic Data - FRED). Reference: C Bao, J Chen, N Fries, A Gibson, E Paine and K Schuler (2018): 'The Federal Reserve System's weekly balance sheet since 1914', Johns Hopkins Institute for Applied Economics, Global Health and the Study of Business Enterprise Studies, Studies in Applied Economics, no 115, July, https://econpapers.repec.org/paper/risjhisae/0115.htm.",,2,9,,Monthly: Mar 1989.,Board of Governors of the Federal Reserve System; Bank for International Settlements.,5B0,"United States - Central bank, assets, total, BIS-spliced",,E,2012-05,2842.6541329,,F,A,
M,US,B,XDC,USD,N,,From March 1989 onwards: Factors Affecting Reserve Balances (H.4.1). Between November 1914 and March 1989: Bao et al (2018): 'The Federal Reserve System's weekly balance sheet since 1914'.,BIS-spliced,"From March 1989 onwards: total assets from Table 5 of the H.4.1 Statistical Release (RESPPANWW). Between November 1914 and March 1989: total resources and assets (TOTRA via Federal Reserve Economic Data - FRED). Reference: C Bao, J Chen, N Fries, A Gibson, E Paine and K Schuler (2018): 'The Federal Reserve System's weekly balance sheet since 1914', Johns Hopkins Institute for Applied Economics, Global Health and the Study of Business Enterprise Studies, Studies in Applied Economics, no 115, July, https://econpapers.repec.org/paper/risjhisae/0115.htm.",,2,9,,Monthly: Mar 1989.,Board of Governors of the Federal Reserve System; Bank for International Settlements.,5B0,"United States - Central bank, assets, total, BIS-spliced",,E,2012-06,2863.54676222,,F,A,
M,US,B,XDC,USD,N,,From March 1989 onwards: Factors Affecting Reserve Balances (H.4.1). Between November 1914 and March 1989: Bao et al (2018): 'The Federal Reserve System's weekly balance sheet since 1914'.,BIS-spliced,"From March 1989 onwards: total assets from Table 5 of the H.4.1 Statistical Release (RESPPANWW). Between November 1914 and March 1989: total resources and assets (TOTRA via Federal Reserve Economic Data - FRED). Reference: C Bao, J Chen, N Fries, A Gibson, E Paine and K Schuler (2018): 'The Federal Reserve System's weekly balance sheet since 1914', Johns Hopkins Institute for Applied Economics, Global Health and the Study of Business Enterprise Studies, Studies in Applied Economics, no 115, July, https://econpapers.repec.org/paper/risjhisae/0115.htm.",,2,9,,Monthly: Mar 1989.,Board of Governors of the Federal Reserve System; Bank for International Settlements.,5B0,"United States - Central bank, assets, total, BIS-spliced",,E,2012-07,2846.7566725,,F,A,
M,US,B,XDC,USD,N,,From March 1989 onwards: Factors Affecting Reserve Balances (H.4.1). Between November 1914 and March 1989: Bao et al (2018): 'The Federal Reserve System's weekly balance sheet since 1914'.,BIS-spliced,"From March 1989 onwards: total assets from Table 5 of the H.4.1 Statistical Release (RESPPANWW). Between November 1914 and March 1989: total resources and assets (TOTRA via Federal Reserve Economic Data - FRED). Reference: C Bao, J Chen, N Fries, A Gibson, E Paine and K Schuler (2018): 'The Federal Reserve System's weekly balance sheet since 1914', Johns Hopkins Institute for Applied Economics, Global Health and the Study of Business Enterprise Studies, Studies in Applied Economics, no 115, July, https://econpapers.repec.org/paper/risjhisae/0115.htm.",,2,9,,Monthly: Mar 1989.,Board of Governors of the Federal Reserve System; Bank for International Settlements.,5B0,"United States - Central bank, assets, total, BIS-spliced",,E,2012-08,2812.80587602,,F,A,
M,US,B,XDC,USD,N,,From March 1989 onwards: Factors Affecting Reserve Balances (H.4.1). Between November 1914 and March 1989: Bao et al (2018): 'The Federal Reserve System's weekly balance sheet since 1914'.,BIS-spliced,"From March 1989 onwards: total assets from Table 5 of the H.4.1 Statistical Release (RESPPANWW). Between November 1914 and March 1989: total resources and assets (TOTRA via Federal Reserve Economic Data - FRED). Reference: C Bao, J Chen, N Fries, A Gibson, E Paine and K Schuler (2018): 'The Federal Reserve System's weekly balance sheet since 1914', Johns Hopkins Institute for Applied Economics, Global Health and the Study of Business Enterprise Studies, Studies in Applied Economics, no 115, July, https://econpapers.repec.org/paper/risjhisae/0115.htm.",,2,9,,Monthly: Mar 1989.,Board of Governors of the Federal Reserve System; Bank for International Settlements.,5B0,"United States - Central bank, assets, total, BIS-spliced",,E,2012-09,2804.45690212,,F,A,
M,US,B,XDC,USD,N,,From March 1989 onwards: Factors Affecting Reserve Balances (H.4.1). Between November 1914 and March 1989: Bao et al (2018): 'The Federal Reserve System's weekly balance sheet since 1914'.,BIS-spliced,"From March 1989 onwards: total assets from Table 5 of the H.4.1 Statistical Release (RESPPANWW). Between November 1914 and March 1989: total resources and assets (TOTRA via Federal Reserve Economic Data - FRED). Reference: C Bao, J Chen, N Fries, A Gibson, E Paine and K Schuler (2018): 'The Federal Reserve System's weekly balance sheet since 1914', Johns Hopkins Institute for Applied Economics, Global Health and the Study of Business Enterprise Studies, Studies in Applied Economics, no 115, July, https://econpapers.repec.org/paper/risjhisae/0115.htm.",,2,9,,Monthly: Mar 1989.,Board of Governors of the Federal Reserve System; Bank for International Settlements.,5B0,"United States - Central bank, assets, total, BIS-spliced",,E,2012-10,2823.13681913,,F,A,
M,US,B,XDC,USD,N,,From March 1989 onwards: Factors Affecting Reserve Balances (H.4.1). Between November 1914 and March 1989: Bao et al (2018): 'The Federal Reserve System's weekly balance sheet since 1914'.,BIS-spliced,"From March 1989 onwards: total assets from Table 5 of the H.4.1 Statistical Release (RESPPANWW). Between November 1914 and March 1989: total resources and assets (TOTRA via Federal Reserve Economic Data - FRED). Reference: C Bao, J Chen, N Fries, A Gibson, E Paine and K Schuler (2018): 'The Federal Reserve System's weekly balance sheet since 1914', Johns Hopkins Institute for Applied Economics, Global Health and the Study of Business Enterprise Studies, Studies in Applied Economics, no 115, July, https://econpapers.repec.org/paper/risjhisae/0115.htm.",,2,9,,Monthly: Mar 1989.,Board of Governors of the Federal Reserve System; Bank for International Settlements.,5B0,"United States - Central bank, assets, total, BIS-spliced",,E,2012-11,2851.3622556,,F,A,
M,US,B,XDC,USD,N,,From March 1989 onwards: Factors Affecting Reserve Balances (H.4.1). Between November 1914 and March 1989: Bao et al (2018): 'The Federal Reserve System's weekly balance sheet since 1914'.,BIS-spliced,"From March 1989 onwards: total assets from Table 5 of the H.4.1 Statistical Release (RESPPANWW). Between November 1914 and March 1989: total resources and assets (TOTRA via Federal Reserve Economic Data - FRED). Reference: C Bao, J Chen, N Fries, A Gibson, E Paine and K Schuler (2018): 'The Federal Reserve System's weekly balance sheet since 1914', Johns Hopkins Institute for Applied Economics, Global Health and the Study of Business Enterprise Studies, Studies in Applied Economics, no 115, July, https://econpapers.repec.org/paper/risjhisae/0115.htm.",,2,9,,Monthly: Mar 1989.,Board of Governors of the Federal Reserve System; Bank for International Settlements.,5B0,"United States - Central bank, assets, total, BIS-spliced",,E,2012-12,2907.30031002,,F,A,
M,US,B,XDC,USD,N,,From March 1989 onwards: Factors Affecting Reserve Balances (H.4.1). Between November 1914 and March 1989: Bao et al (2018): 'The Federal Reserve System's weekly balance sheet since 1914'.,BIS-spliced,"From March 1989 onwards: total assets from Table 5 of the H.4.1 Statistical Release (RESPPANWW). Between November 1914 and March 1989: total resources and assets (TOTRA via Federal Reserve Economic Data - FRED). Reference: C Bao, J Chen, N Fries, A Gibson, E Paine and K Schuler (2018): 'The Federal Reserve System's weekly balance sheet since 1914', Johns Hopkins Institute for Applied Economics, Global Health and the Study of Business Enterprise Studies, Studies in Applied Economics, no 115, July, https://econpapers.repec.org/paper/risjhisae/0115.htm.",,2,9,,Monthly: Mar 1989.,Board of Governors of the Federal Reserve System; Bank for International Settlements.,5B0,"United States - Central bank, assets, total, BIS-spliced",,E,2013-01,3008.70408431,,F,A,
M,US,B,XDC,USD,N,,From March 1989 onwards: Factors Affecting Reserve Balances (H.4.1). Between November 1914 and March 1989: Bao et al (2018): 'The Federal Reserve System's weekly balance sheet since 1914'.,BIS-spliced,"From March 1989 onwards: total assets from Table 5 of the H.4.1 Statistical Release (RESPPANWW). Between November 1914 and March 1989: total resources and assets (TOTRA via Federal Reserve Economic Data - FRED). Reference: C Bao, J Chen, N Fries, A Gibson, E Paine and K Schuler (2018): 'The Federal Reserve System's weekly balance sheet since 1914', Johns Hopkins Institute for Applied Economics, Global Health and the Study of Business Enterprise Studies, Studies in Applied Economics, no 115, July, https://econpapers.repec.org/paper/risjhisae/0115.htm.",,2,9,,Monthly: Mar 1989.,Board of Governors of the Federal Reserve System; Bank for International Settlements.,5B0,"United States - Central bank, assets, total, BIS-spliced",,E,2013-02,3090.59952199,,F,A,
M,US,B,XDC,USD,N,,From March 1989 onwards: Factors Affecting Reserve Balances (H.4.1). Between November 1914 and March 1989: Bao et al (2018): 'The Federal Reserve System's weekly balance sheet since 1914'.,BIS-spliced,"From March 1989 onwards: total assets from Table 5 of the H.4.1 Statistical Release (RESPPANWW). Between November 1914 and March 1989: total resources and assets (TOTRA via Federal Reserve Economic Data - FRED). Reference: C Bao, J Chen, N Fries, A Gibson, E Paine and K Schuler (2018): 'The Federal Reserve System's weekly balance sheet since 1914', Johns Hopkins Institute for Applied Economics, Global Health and the Study of Business Enterprise Studies, Studies in Applied Economics, no 115, July, https://econpapers.repec.org/paper/risjhisae/0115.htm.",,2,9,,Monthly: Mar 1989.,Board of Governors of the Federal Reserve System; Bank for International Settlements.,5B0,"United States - Central bank, assets, total, BIS-spliced",,E,2013-03,3202.25554816,,F,A,
M,US,B,XDC,USD,N,,From March 1989 onwards: Factors Affecting Reserve Balances (H.4.1). Between November 1914 and March 1989: Bao et al (2018): 'The Federal Reserve System's weekly balance sheet since 1914'.,BIS-spliced,"From March 1989 onwards: total assets from Table 5 of the H.4.1 Statistical Release (RESPPANWW). Between November 1914 and March 1989: total resources and assets (TOTRA via Federal Reserve Economic Data - FRED). Reference: C Bao, J Chen, N Fries, A Gibson, E Paine and K Schuler (2018): 'The Federal Reserve System's weekly balance sheet since 1914', Johns Hopkins Institute for Applied Economics, Global Health and the Study of Business Enterprise Studies, Studies in Applied Economics, no 115, July, https://econpapers.repec.org/paper/risjhisae/0115.htm.",,2,9,,Monthly: Mar 1989.,Board of Governors of the Federal Reserve System; Bank for International Settlements.,5B0,"United States - Central bank, assets, total, BIS-spliced",,E,2013-04,3318.649327,,F,A,
M,US,B,XDC,USD,N,,From March 1989 onwards: Factors Affecting Reserve Balances (H.4.1). Between November 1914 and March 1989: Bao et al (2018): 'The Federal Reserve System's weekly balance sheet since 1914'.,BIS-spliced,"From March 1989 onwards: total assets from Table 5 of the H.4.1 Statistical Release (RESPPANWW). Between November 1914 and March 1989: total resources and assets (TOTRA via Federal Reserve Economic Data - FRED). Reference: C Bao, J Chen, N Fries, A Gibson, E Paine and K Schuler (2018): 'The Federal Reserve System's weekly balance sheet since 1914', Johns Hopkins Institute for Applied Economics, Global Health and the Study of Business Enterprise Studies, Studies in Applied Economics, no 115, July, https://econpapers.repec.org/paper/risjhisae/0115.htm.",,2,9,,Monthly: Mar 1989.,Board of Governors of the Federal Reserve System; Bank for International Settlements.,5B0,"United States - Central bank, assets, total, BIS-spliced",,E,2013-05,3385.12782224,,F,A,
M,US,B,XDC,USD,N,,From March 1989 onwards: Factors Affecting Reserve Balances (H.4.1). Between November 1914 and March 1989: Bao et al (2018): 'The Federal Reserve System's weekly balance sheet since 1914'.,BIS-spliced,"From March 1989 onwards: total assets from Table 5 of the H.4.1 Statistical Release (RESPPANWW). Between November 1914 and March 1989: total resources and assets (TOTRA via Federal Reserve Economic Data - FRED). Reference: C Bao, J Chen, N Fries, A Gibson, E Paine and K Schuler (2018): 'The Federal Reserve System's weekly balance sheet since 1914', Johns Hopkins Institute for Applied Economics, Global Health and the Study of Business Enterprise Studies, Studies in Applied Economics, no 115, July, https://econpapers.repec.org/paper/risjhisae/0115.htm.",,2,9,,Monthly: Mar 1989.,Board of Governors of the Federal Reserve System; Bank for International Settlements.,5B0,"United States - Central bank, assets, total, BIS-spliced",,E,2013-06,3478.67209977,,F,A,
M,US,B,XDC,USD,N,,From March 1989 onwards: Factors Affecting Reserve Balances (H.4.1). Between November 1914 and March 1989: Bao et al (2018): 'The Federal Reserve System's weekly balance sheet since 1914'.,BIS-spliced,"From March 1989 onwards: total assets from Table 5 of the H.4.1 Statistical Release (RESPPANWW). Between November 1914 and March 1989: total resources and assets (TOTRA via Federal Reserve Economic Data - FRED). Reference: C Bao, J Chen, N Fries, A Gibson, E Paine and K Schuler (2018): 'The Federal Reserve System's weekly balance sheet since 1914', Johns Hopkins Institute for Applied Economics, Global Health and the Study of Business Enterprise Studies, Studies in Applied Economics, no 115, July, https://econpapers.repec.org/paper/risjhisae/0115.htm.",,2,9,,Monthly: Mar 1989.,Board of Governors of the Federal Reserve System; Bank for International Settlements.,5B0,"United States - Central bank, assets, total, BIS-spliced",,E,2013-07,3571.79692968,,F,A,
M,US,B,XDC,USD,N,,From March 1989 onwards: Factors Affecting Reserve Balances (H.4.1). Between November 1914 and March 1989: Bao et al (2018): 'The Federal Reserve System's weekly balance sheet since 1914'.,BIS-spliced,"From March 1989 onwards: total assets from Table 5 of the H.4.1 Statistical Release (RESPPANWW). Between November 1914 and March 1989: total resources and assets (TOTRA via Federal Reserve Economic Data - FRED). Reference: C Bao, J Chen, N Fries, A Gibson, E Paine and K Schuler (2018): 'The Federal Reserve System's weekly balance sheet since 1914', Johns Hopkins Institute for Applied Economics, Global Health and the Study of Business Enterprise Studies, Studies in Applied Economics, no 115, July, https://econpapers.repec.org/paper/risjhisae/0115.htm.",,2,9,,Monthly: Mar 1989.,Board of Governors of the Federal Reserve System; Bank for International Settlements.,5B0,"United States - Central bank, assets, total, BIS-spliced",,E,2013-08,3644.45635143,,F,A,
M,US,B,XDC,USD,N,,From March 1989 onwards: Factors Affecting Reserve Balances (H.4.1). Between November 1914 and March 1989: Bao et al (2018): 'The Federal Reserve System's weekly balance sheet since 1914'.,BIS-spliced,"From March 1989 onwards: total assets from Table 5 of the H.4.1 Statistical Release (RESPPANWW). Between November 1914 and March 1989: total resources and assets (TOTRA via Federal Reserve Economic Data - FRED). Reference: C Bao, J Chen, N Fries, A Gibson, E Paine and K Schuler (2018): 'The Federal Reserve System's weekly balance sheet since 1914', Johns Hopkins Institute for Applied Economics, Global Health and the Study of Business Enterprise Studies, Studies in Applied Economics, no 115, July, https://econpapers.repec.org/paper/risjhisae/0115.htm.",,2,9,,Monthly: Mar 1989.,Board of Governors of the Federal Reserve System; Bank for International Settlements.,5B0,"United States - Central bank, assets, total, BIS-spliced",,E,2013-09,3734.01789552,,F,A,
M,US,B,XDC,USD,N,,From March 1989 onwards: Factors Affecting Reserve Balances (H.4.1). Between November 1914 and March 1989: Bao et al (2018): 'The Federal Reserve System's weekly balance sheet since 1914'.,BIS-spliced,"From March 1989 onwards: total assets from Table 5 of the H.4.1 Statistical Release (RESPPANWW). Between November 1914 and March 1989: total resources and assets (TOTRA via Federal Reserve Economic Data - FRED). Reference: C Bao, J Chen, N Fries, A Gibson, E Paine and K Schuler (2018): 'The Federal Reserve System's weekly balance sheet since 1914', Johns Hopkins Institute for Applied Economics, Global Health and the Study of Business Enterprise Studies, Studies in Applied Economics, no 115, July, https://econpapers.repec.org/paper/risjhisae/0115.htm.",,2,9,,Monthly: Mar 1989.,Board of Governors of the Federal Reserve System; Bank for International Settlements.,5B0,"United States - Central bank, assets, total, BIS-spliced",,E,2013-10,3843.39638499,,F,A,
M,US,B,XDC,USD,N,,From March 1989 onwards: Factors Affecting Reserve Balances (H.4.1). Between November 1914 and March 1989: Bao et al (2018): 'The Federal Reserve System's weekly balance sheet since 1914'.,BIS-spliced,"From March 1989 onwards: total assets from Table 5 of the H.4.1 Statistical Release (RESPPANWW). Between November 1914 and March 1989: total resources and assets (TOTRA via Federal Reserve Economic Data - FRED). Reference: C Bao, J Chen, N Fries, A Gibson, E Paine and K Schuler (2018): 'The Federal Reserve System's weekly balance sheet since 1914', Johns Hopkins Institute for Applied Economics, Global Health and the Study of Business Enterprise Studies, Studies in Applied Economics, no 115, July, https://econpapers.repec.org/paper/risjhisae/0115.htm.",,2,9,,Monthly: Mar 1989.,Board of Governors of the Federal Reserve System; Bank for International Settlements.,5B0,"United States - Central bank, assets, total, BIS-spliced",,E,2013-11,3925.87636523,,F,A,
M,US,B,XDC,USD,N,,From March 1989 onwards: Factors Affecting Reserve Balances (H.4.1). Between November 1914 and March 1989: Bao et al (2018): 'The Federal Reserve System's weekly balance sheet since 1914'.,BIS-spliced,"From March 1989 onwards: total assets from Table 5 of the H.4.1 Statistical Release (RESPPANWW). Between November 1914 and March 1989: total resources and assets (TOTRA via Federal Reserve Economic Data - FRED). Reference: C Bao, J Chen, N Fries, A Gibson, E Paine and K Schuler (2018): 'The Federal Reserve System's weekly balance sheet since 1914', Johns Hopkins Institute for Applied Economics, Global Health and the Study of Business Enterprise Studies, Studies in Applied Economics, no 115, July, https://econpapers.repec.org/paper/risjhisae/0115.htm.",,2,9,,Monthly: Mar 1989.,Board of Governors of the Federal Reserve System; Bank for International Settlements.,5B0,"United States - Central bank, assets, total, BIS-spliced",,E,2013-12,4032.57546119,,F,A,
M,US,B,XDC,USD,N,,From March 1989 onwards: Factors Affecting Reserve Balances (H.4.1). Between November 1914 and March 1989: Bao et al (2018): 'The Federal Reserve System's weekly balance sheet since 1914'.,BIS-spliced,"From March 1989 onwards: total assets from Table 5 of the H.4.1 Statistical Release (RESPPANWW). Between November 1914 and March 1989: total resources and assets (TOTRA via Federal Reserve Economic Data - FRED). Reference: C Bao, J Chen, N Fries, A Gibson, E Paine and K Schuler (2018): 'The Federal Reserve System's weekly balance sheet since 1914', Johns Hopkins Institute for Applied Economics, Global Health and the Study of Business Enterprise Studies, Studies in Applied Economics, no 115, July, https://econpapers.repec.org/paper/risjhisae/0115.htm.",,2,9,,Monthly: Mar 1989.,Board of Governors of the Federal Reserve System; Bank for International Settlements.,5B0,"United States - Central bank, assets, total, BIS-spliced",,E,2014-01,4102.13848569,,F,A,
M,US,B,XDC,USD,N,,From March 1989 onwards: Factors Affecting Reserve Balances (H.4.1). Between November 1914 and March 1989: Bao et al (2018): 'The Federal Reserve System's weekly balance sheet since 1914'.,BIS-spliced,"From March 1989 onwards: total assets from Table 5 of the H.4.1 Statistical Release (RESPPANWW). Between November 1914 and March 1989: total resources and assets (TOTRA via Federal Reserve Economic Data - FRED). Reference: C Bao, J Chen, N Fries, A Gibson, E Paine and K Schuler (2018): 'The Federal Reserve System's weekly balance sheet since 1914', Johns Hopkins Institute for Applied Economics, Global Health and the Study of Business Enterprise Studies, Studies in Applied Economics, no 115, July, https://econpapers.repec.org/paper/risjhisae/0115.htm.",,2,9,,Monthly: Mar 1989.,Board of Governors of the Federal Reserve System; Bank for International Settlements.,5B0,"United States - Central bank, assets, total, BIS-spliced",,E,2014-02,4159.97241784,,F,A,
M,US,B,XDC,USD,N,,From March 1989 onwards: Factors Affecting Reserve Balances (H.4.1). Between November 1914 and March 1989: Bao et al (2018): 'The Federal Reserve System's weekly balance sheet since 1914'.,BIS-spliced,"From March 1989 onwards: total assets from Table 5 of the H.4.1 Statistical Release (RESPPANWW). Between November 1914 and March 1989: total resources and assets (TOTRA via Federal Reserve Economic Data - FRED). Reference: C Bao, J Chen, N Fries, A Gibson, E Paine and K Schuler (2018): 'The Federal Reserve System's weekly balance sheet since 1914', Johns Hopkins Institute for Applied Economics, Global Health and the Study of Business Enterprise Studies, Studies in Applied Economics, no 115, July, https://econpapers.repec.org/paper/risjhisae/0115.htm.",,2,9,,Monthly: Mar 1989.,Board of Governors of the Federal Reserve System; Bank for International Settlements.,5B0,"United States - Central bank, assets, total, BIS-spliced",,E,2014-03,4226.97139601,,F,A,
M,US,B,XDC,USD,N,,From March 1989 onwards: Factors Affecting Reserve Balances (H.4.1). Between November 1914 and March 1989: Bao et al (2018): 'The Federal Reserve System's weekly balance sheet since 1914'.,BIS-spliced,"From March 1989 onwards: total assets from Table 5 of the H.4.1 Statistical Release (RESPPANWW). Between November 1914 and March 1989: total resources and assets (TOTRA via Federal Reserve Economic Data - FRED). Reference: C Bao, J Chen, N Fries, A Gibson, E Paine and K Schuler (2018): 'The Federal Reserve System's weekly balance sheet since 1914', Johns Hopkins Institute for Applied Economics, Global Health and the Study of Business Enterprise Studies, Studies in Applied Economics, no 115, July, https://econpapers.repec.org/paper/risjhisae/0115.htm.",,2,9,,Monthly: Mar 1989.,Board of Governors of the Federal Reserve System; Bank for International Settlements.,5B0,"United States - Central bank, assets, total, BIS-spliced",,E,2014-04,4296.04904115,,F,A,
M,US,B,XDC,USD,N,,From March 1989 onwards: Factors Affecting Reserve Balances (H.4.1). Between November 1914 and March 1989: Bao et al (2018): 'The Federal Reserve System's weekly balance sheet since 1914'.,BIS-spliced,"From March 1989 onwards: total assets from Table 5 of the H.4.1 Statistical Release (RESPPANWW). Between November 1914 and March 1989: total resources and assets (TOTRA via Federal Reserve Economic Data - FRED). Reference: C Bao, J Chen, N Fries, A Gibson, E Paine and K Schuler (2018): 'The Federal Reserve System's weekly balance sheet since 1914', Johns Hopkins Institute for Applied Economics, Global Health and the Study of Business Enterprise Studies, Studies in Applied Economics, no 115, July, https://econpapers.repec.org/paper/risjhisae/0115.htm.",,2,9,,Monthly: Mar 1989.,Board of Governors of the Federal Reserve System; Bank for International Settlements.,5B0,"United States - Central bank, assets, total, BIS-spliced",,E,2014-05,4322.65446817,,F,A,
M,US,B,XDC,USD,N,,From March 1989 onwards: Factors Affecting Reserve Balances (H.4.1). Between November 1914 and March 1989: Bao et al (2018): 'The Federal Reserve System's weekly balance sheet since 1914'.,BIS-spliced,"From March 1989 onwards: total assets from Table 5 of the H.4.1 Statistical Release (RESPPANWW). Between November 1914 and March 1989: total resources and assets (TOTRA via Federal Reserve Economic Data - FRED). Reference: C Bao, J Chen, N Fries, A Gibson, E Paine and K Schuler (2018): 'The Federal Reserve System's weekly balance sheet since 1914', Johns Hopkins Institute for Applied Economics, Global Health and the Study of Business Enterprise Studies, Studies in Applied Economics, no 115, July, https://econpapers.repec.org/paper/risjhisae/0115.htm.",,2,9,,Monthly: Mar 1989.,Board of Governors of the Federal Reserve System; Bank for International Settlements.,5B0,"United States - Central bank, assets, total, BIS-spliced",,E,2014-06,4368.34781037,,F,A,
M,US,B,XDC,USD,N,,From March 1989 onwards: Factors Affecting Reserve Balances (H.4.1). Between November 1914 and March 1989: Bao et al (2018): 'The Federal Reserve System's weekly balance sheet since 1914'.,BIS-spliced,"From March 1989 onwards: total assets from Table 5 of the H.4.1 Statistical Release (RESPPANWW). Between November 1914 and March 1989: total resources and assets (TOTRA via Federal Reserve Economic Data - FRED). Reference: C Bao, J Chen, N Fries, A Gibson, E Paine and K Schuler (2018): 'The Federal Reserve System's weekly balance sheet since 1914', Johns Hopkins Institute for Applied Economics, Global Health and the Study of Business Enterprise Studies, Studies in Applied Economics, no 115, July, https://econpapers.repec.org/paper/risjhisae/0115.htm.",,2,9,,Monthly: Mar 1989.,Board of Governors of the Federal Reserve System; Bank for International Settlements.,5B0,"United States - Central bank, assets, total, BIS-spliced",,E,2014-07,4406.63691949,,F,A,
M,US,B,XDC,USD,N,,From March 1989 onwards: Factors Affecting Reserve Balances (H.4.1). Between November 1914 and March 1989: Bao et al (2018): 'The Federal Reserve System's weekly balance sheet since 1914'.,BIS-spliced,"From March 1989 onwards: total assets from Table 5 of the H.4.1 Statistical Release (RESPPANWW). Between November 1914 and March 1989: total resources and assets (TOTRA via Federal Reserve Economic Data - FRED). Reference: C Bao, J Chen, N Fries, A Gibson, E Paine and K Schuler (2018): 'The Federal Reserve System's weekly balance sheet since 1914', Johns Hopkins Institute for Applied Economics, Global Health and the Study of Business Enterprise Studies, Studies in Applied Economics, no 115, July, https://econpapers.repec.org/paper/risjhisae/0115.htm.",,2,9,,Monthly: Mar 1989.,Board of Governors of the Federal Reserve System; Bank for International Settlements.,5B0,"United States - Central bank, assets, total, BIS-spliced",,E,2014-08,4413.73635663,,F,A,
M,US,B,XDC,USD,N,,From March 1989 onwards: Factors Affecting Reserve Balances (H.4.1). Between November 1914 and March 1989: Bao et al (2018): 'The Federal Reserve System's weekly balance sheet since 1914'.,BIS-spliced,"From March 1989 onwards: total assets from Table 5 of the H.4.1 Statistical Release (RESPPANWW). Between November 1914 and March 1989: total resources and assets (TOTRA via Federal Reserve Economic Data - FRED). Reference: C Bao, J Chen, N Fries, A Gibson, E Paine and K Schuler (2018): 'The Federal Reserve System's weekly balance sheet since 1914', Johns Hopkins Institute for Applied Economics, Global Health and the Study of Business Enterprise Studies, Studies in Applied Economics, no 115, July, https://econpapers.repec.org/paper/risjhisae/0115.htm.",,2,9,,Monthly: Mar 1989.,Board of Governors of the Federal Reserve System; Bank for International Settlements.,5B0,"United States - Central bank, assets, total, BIS-spliced",,E,2014-09,4459.05026014,,F,A,
M,US,B,XDC,USD,N,,From March 1989 onwards: Factors Affecting Reserve Balances (H.4.1). Between November 1914 and March 1989: Bao et al (2018): 'The Federal Reserve System's weekly balance sheet since 1914'.,BIS-spliced,"From March 1989 onwards: total assets from Table 5 of the H.4.1 Statistical Release (RESPPANWW). Between November 1914 and March 1989: total resources and assets (TOTRA via Federal Reserve Economic Data - FRED). Reference: C Bao, J Chen, N Fries, A Gibson, E Paine and K Schuler (2018): 'The Federal Reserve System's weekly balance sheet since 1914', Johns Hopkins Institute for Applied Economics, Global Health and the Study of Business Enterprise Studies, Studies in Applied Economics, no 115, July, https://econpapers.repec.org/paper/risjhisae/0115.htm.",,2,9,,Monthly: Mar 1989.,Board of Governors of the Federal Reserve System; Bank for International Settlements.,5B0,"United States - Central bank, assets, total, BIS-spliced",,E,2014-10,4486.75385886,,F,A,
M,US,B,XDC,USD,N,,From March 1989 onwards: Factors Affecting Reserve Balances (H.4.1). Between November 1914 and March 1989: Bao et al (2018): 'The Federal Reserve System's weekly balance sheet since 1914'.,BIS-spliced,"From March 1989 onwards: total assets from Table 5 of the H.4.1 Statistical Release (RESPPANWW). Between November 1914 and March 1989: total resources and assets (TOTRA via Federal Reserve Economic Data - FRED). Reference: C Bao, J Chen, N Fries, A Gibson, E Paine and K Schuler (2018): 'The Federal Reserve System's weekly balance sheet since 1914', Johns Hopkins Institute for Applied Economics, Global Health and the Study of Business Enterprise Studies, Studies in Applied Economics, no 115, July, https://econpapers.repec.org/paper/risjhisae/0115.htm.",,2,9,,Monthly: Mar 1989.,Board of Governors of the Federal Reserve System; Bank for International Settlements.,5B0,"United States - Central bank, assets, total, BIS-spliced",,E,2014-11,4485.93086819,,F,A,
M,US,B,XDC,USD,N,,From March 1989 onwards: Factors Affecting Reserve Balances (H.4.1). Between November 1914 and March 1989: Bao et al (2018): 'The Federal Reserve System's weekly balance sheet since 1914'.,BIS-spliced,"From March 1989 onwards: total assets from Table 5 of the H.4.1 Statistical Release (RESPPANWW). Between November 1914 and March 1989: total resources and assets (TOTRA via Federal Reserve Economic Data - FRED). Reference: C Bao, J Chen, N Fries, A Gibson, E Paine and K Schuler (2018): 'The Federal Reserve System's weekly balance sheet since 1914', Johns Hopkins Institute for Applied Economics, Global Health and the Study of Business Enterprise Studies, Studies in Applied Economics, no 115, July, https://econpapers.repec.org/paper/risjhisae/0115.htm.",,2,9,,Monthly: Mar 1989.,Board of Governors of the Federal Reserve System; Bank for International Settlements.,5B0,"United States - Central bank, assets, total, BIS-spliced",,E,2014-12,4497.65963507,,F,A,
M,US,B,XDC,USD,N,,From March 1989 onwards: Factors Affecting Reserve Balances (H.4.1). Between November 1914 and March 1989: Bao et al (2018): 'The Federal Reserve System's weekly balance sheet since 1914'.,BIS-spliced,"From March 1989 onwards: total assets from Table 5 of the H.4.1 Statistical Release (RESPPANWW). Between November 1914 and March 1989: total resources and assets (TOTRA via Federal Reserve Economic Data - FRED). Reference: C Bao, J Chen, N Fries, A Gibson, E Paine and K Schuler (2018): 'The Federal Reserve System's weekly balance sheet since 1914', Johns Hopkins Institute for Applied Economics, Global Health and the Study of Business Enterprise Studies, Studies in Applied Economics, no 115, July, https://econpapers.repec.org/paper/risjhisae/0115.htm.",,2,9,,Monthly: Mar 1989.,Board of Governors of the Federal Reserve System; Bank for International Settlements.,5B0,"United States - Central bank, assets, total, BIS-spliced",,E,2015-01,4500.06433616,,F,A,
M,US,B,XDC,USD,N,,From March 1989 onwards: Factors Affecting Reserve Balances (H.4.1). Between November 1914 and March 1989: Bao et al (2018): 'The Federal Reserve System's weekly balance sheet since 1914'.,BIS-spliced,"From March 1989 onwards: total assets from Table 5 of the H.4.1 Statistical Release (RESPPANWW). Between November 1914 and March 1989: total resources and assets (TOTRA via Federal Reserve Economic Data - FRED). Reference: C Bao, J Chen, N Fries, A Gibson, E Paine and K Schuler (2018): 'The Federal Reserve System's weekly balance sheet since 1914', Johns Hopkins Institute for Applied Economics, Global Health and the Study of Business Enterprise Studies, Studies in Applied Economics, no 115, July, https://econpapers.repec.org/paper/risjhisae/0115.htm.",,2,9,,Monthly: Mar 1989.,Board of Governors of the Federal Reserve System; Bank for International Settlements.,5B0,"United States - Central bank, assets, total, BIS-spliced",,E,2015-02,4486.72463628,,F,A,
M,US,B,XDC,USD,N,,From March 1989 onwards: Factors Affecting Reserve Balances (H.4.1). Between November 1914 and March 1989: Bao et al (2018): 'The Federal Reserve System's weekly balance sheet since 1914'.,BIS-spliced,"From March 1989 onwards: total assets from Table 5 of the H.4.1 Statistical Release (RESPPANWW). Between November 1914 and March 1989: total resources and assets (TOTRA via Federal Reserve Economic Data - FRED). Reference: C Bao, J Chen, N Fries, A Gibson, E Paine and K Schuler (2018): 'The Federal Reserve System's weekly balance sheet since 1914', Johns Hopkins Institute for Applied Economics, Global Health and the Study of Business Enterprise Studies, Studies in Applied Economics, no 115, July, https://econpapers.repec.org/paper/risjhisae/0115.htm.",,2,9,,Monthly: Mar 1989.,Board of Governors of the Federal Reserve System; Bank for International Settlements.,5B0,"United States - Central bank, assets, total, BIS-spliced",,E,2015-03,4480.60297746,,F,A,
M,US,B,XDC,USD,N,,From March 1989 onwards: Factors Affecting Reserve Balances (H.4.1). Between November 1914 and March 1989: Bao et al (2018): 'The Federal Reserve System's weekly balance sheet since 1914'.,BIS-spliced,"From March 1989 onwards: total assets from Table 5 of the H.4.1 Statistical Release (RESPPANWW). Between November 1914 and March 1989: total resources and assets (TOTRA via Federal Reserve Economic Data - FRED). Reference: C Bao, J Chen, N Fries, A Gibson, E Paine and K Schuler (2018): 'The Federal Reserve System's weekly balance sheet since 1914', Johns Hopkins Institute for Applied Economics, Global Health and the Study of Business Enterprise Studies, Studies in Applied Economics, no 115, July, https://econpapers.repec.org/paper/risjhisae/0115.htm.",,2,9,,Monthly: Mar 1989.,Board of Governors of the Federal Reserve System; Bank for International Settlements.,5B0,"United States - Central bank, assets, total, BIS-spliced",,E,2015-04,4471.49903706,,F,A,
M,US,B,XDC,USD,N,,From March 1989 onwards: Factors Affecting Reserve Balances (H.4.1). Between November 1914 and March 1989: Bao et al (2018): 'The Federal Reserve System's weekly balance sheet since 1914'.,BIS-spliced,"From March 1989 onwards: total assets from Table 5 of the H.4.1 Statistical Release (RESPPANWW). Between November 1914 and March 1989: total resources and assets (TOTRA via Federal Reserve Economic Data - FRED). Reference: C Bao, J Chen, N Fries, A Gibson, E Paine and K Schuler (2018): 'The Federal Reserve System's weekly balance sheet since 1914', Johns Hopkins Institute for Applied Economics, Global Health and the Study of Business Enterprise Studies, Studies in Applied Economics, no 115, July, https://econpapers.repec.org/paper/risjhisae/0115.htm.",,2,9,,Monthly: Mar 1989.,Board of Governors of the Federal Reserve System; Bank for International Settlements.,5B0,"United States - Central bank, assets, total, BIS-spliced",,E,2015-05,4463.98126396,,F,A,
M,US,B,XDC,USD,N,,From March 1989 onwards: Factors Affecting Reserve Balances (H.4.1). Between November 1914 and March 1989: Bao et al (2018): 'The Federal Reserve System's weekly balance sheet since 1914'.,BIS-spliced,"From March 1989 onwards: total assets from Table 5 of the H.4.1 Statistical Release (RESPPANWW). Between November 1914 and March 1989: total resources and assets (TOTRA via Federal Reserve Economic Data - FRED). Reference: C Bao, J Chen, N Fries, A Gibson, E Paine and K Schuler (2018): 'The Federal Reserve System's weekly balance sheet since 1914', Johns Hopkins Institute for Applied Economics, Global Health and the Study of Business Enterprise Studies, Studies in Applied Economics, no 115, July, https://econpapers.repec.org/paper/risjhisae/0115.htm.",,2,9,,Monthly: Mar 1989.,Board of Governors of the Federal Reserve System; Bank for International Settlements.,5B0,"United States - Central bank, assets, total, BIS-spliced",,E,2015-06,4495.05469757,,F,A,
M,US,B,XDC,USD,N,,From March 1989 onwards: Factors Affecting Reserve Balances (H.4.1). Between November 1914 and March 1989: Bao et al (2018): 'The Federal Reserve System's weekly balance sheet since 1914'.,BIS-spliced,"From March 1989 onwards: total assets from Table 5 of the H.4.1 Statistical Release (RESPPANWW). Between November 1914 and March 1989: total resources and assets (TOTRA via Federal Reserve Economic Data - FRED). Reference: C Bao, J Chen, N Fries, A Gibson, E Paine and K Schuler (2018): 'The Federal Reserve System's weekly balance sheet since 1914', Johns Hopkins Institute for Applied Economics, Global Health and the Study of Business Enterprise Studies, Studies in Applied Economics, no 115, July, https://econpapers.repec.org/paper/risjhisae/0115.htm.",,2,9,,Monthly: Mar 1989.,Board of Governors of the Federal Reserve System; Bank for International Settlements.,5B0,"United States - Central bank, assets, total, BIS-spliced",,E,2015-07,4485.47970858,,F,A,
M,US,B,XDC,USD,N,,From March 1989 onwards: Factors Affecting Reserve Balances (H.4.1). Between November 1914 and March 1989: Bao et al (2018): 'The Federal Reserve System's weekly balance sheet since 1914'.,BIS-spliced,"From March 1989 onwards: total assets from Table 5 of the H.4.1 Statistical Release (RESPPANWW). Between November 1914 and March 1989: total resources and assets (TOTRA via Federal Reserve Economic Data - FRED). Reference: C Bao, J Chen, N Fries, A Gibson, E Paine and K Schuler (2018): 'The Federal Reserve System's weekly balance sheet since 1914', Johns Hopkins Institute for Applied Economics, Global Health and the Study of Business Enterprise Studies, Studies in Applied Economics, no 115, July, https://econpapers.repec.org/paper/risjhisae/0115.htm.",,2,9,,Monthly: Mar 1989.,Board of Governors of the Federal Reserve System; Bank for International Settlements.,5B0,"United States - Central bank, assets, total, BIS-spliced",,E,2015-08,4475.10500976,,F,A,
M,US,B,XDC,USD,N,,From March 1989 onwards: Factors Affecting Reserve Balances (H.4.1). Between November 1914 and March 1989: Bao et al (2018): 'The Federal Reserve System's weekly balance sheet since 1914'.,BIS-spliced,"From March 1989 onwards: total assets from Table 5 of the H.4.1 Statistical Release (RESPPANWW). Between November 1914 and March 1989: total resources and assets (TOTRA via Federal Reserve Economic Data - FRED). Reference: C Bao, J Chen, N Fries, A Gibson, E Paine and K Schuler (2018): 'The Federal Reserve System's weekly balance sheet since 1914', Johns Hopkins Institute for Applied Economics, Global Health and the Study of Business Enterprise Studies, Studies in Applied Economics, no 115, July, https://econpapers.repec.org/paper/risjhisae/0115.htm.",,2,9,,Monthly: Mar 1989.,Board of Governors of the Federal Reserve System; Bank for International Settlements.,5B0,"United States - Central bank, assets, total, BIS-spliced",,E,2015-09,4484.11106339,,F,A,
M,US,B,XDC,USD,N,,From March 1989 onwards: Factors Affecting Reserve Balances (H.4.1). Between November 1914 and March 1989: Bao et al (2018): 'The Federal Reserve System's weekly balance sheet since 1914'.,BIS-spliced,"From March 1989 onwards: total assets from Table 5 of the H.4.1 Statistical Release (RESPPANWW). Between November 1914 and March 1989: total resources and assets (TOTRA via Federal Reserve Economic Data - FRED). Reference: C Bao, J Chen, N Fries, A Gibson, E Paine and K Schuler (2018): 'The Federal Reserve System's weekly balance sheet since 1914', Johns Hopkins Institute for Applied Economics, Global Health and the Study of Business Enterprise Studies, Studies in Applied Economics, no 115, July, https://econpapers.repec.org/paper/risjhisae/0115.htm.",,2,9,,Monthly: Mar 1989.,Board of Governors of the Federal Reserve System; Bank for International Settlements.,5B0,"United States - Central bank, assets, total, BIS-spliced",,E,2015-10,4489.33886235,,F,A,
M,US,B,XDC,USD,N,,From March 1989 onwards: Factors Affecting Reserve Balances (H.4.1). Between November 1914 and March 1989: Bao et al (2018): 'The Federal Reserve System's weekly balance sheet since 1914'.,BIS-spliced,"From March 1989 onwards: total assets from Table 5 of the H.4.1 Statistical Release (RESPPANWW). Between November 1914 and March 1989: total resources and assets (TOTRA via Federal Reserve Economic Data - FRED). Reference: C Bao, J Chen, N Fries, A Gibson, E Paine and K Schuler (2018): 'The Federal Reserve System's weekly balance sheet since 1914', Johns Hopkins Institute for Applied Economics, Global Health and the Study of Business Enterprise Studies, Studies in Applied Economics, no 115, July, https://econpapers.repec.org/paper/risjhisae/0115.htm.",,2,9,,Monthly: Mar 1989.,Board of Governors of the Federal Reserve System; Bank for International Settlements.,5B0,"United States - Central bank, assets, total, BIS-spliced",,E,2015-11,4477.08796603,,F,A,
M,US,B,XDC,USD,N,,From March 1989 onwards: Factors Affecting Reserve Balances (H.4.1). Between November 1914 and March 1989: Bao et al (2018): 'The Federal Reserve System's weekly balance sheet since 1914'.,BIS-spliced,"From March 1989 onwards: total assets from Table 5 of the H.4.1 Statistical Release (RESPPANWW). Between November 1914 and March 1989: total resources and assets (TOTRA via Federal Reserve Economic Data - FRED). Reference: C Bao, J Chen, N Fries, A Gibson, E Paine and K Schuler (2018): 'The Federal Reserve System's weekly balance sheet since 1914', Johns Hopkins Institute for Applied Economics, Global Health and the Study of Business Enterprise Studies, Studies in Applied Economics, no 115, July, https://econpapers.repec.org/paper/risjhisae/0115.htm.",,2,9,,Monthly: Mar 1989.,Board of Governors of the Federal Reserve System; Bank for International Settlements.,5B0,"United States - Central bank, assets, total, BIS-spliced",,E,2015-12,4486.58699491,,F,A,
M,US,B,XDC,USD,N,,From March 1989 onwards: Factors Affecting Reserve Balances (H.4.1). Between November 1914 and March 1989: Bao et al (2018): 'The Federal Reserve System's weekly balance sheet since 1914'.,BIS-spliced,"From March 1989 onwards: total assets from Table 5 of the H.4.1 Statistical Release (RESPPANWW). Between November 1914 and March 1989: total resources and assets (TOTRA via Federal Reserve Economic Data - FRED). Reference: C Bao, J Chen, N Fries, A Gibson, E Paine and K Schuler (2018): 'The Federal Reserve System's weekly balance sheet since 1914', Johns Hopkins Institute for Applied Economics, Global Health and the Study of Business Enterprise Studies, Studies in Applied Economics, no 115, July, https://econpapers.repec.org/paper/risjhisae/0115.htm.",,2,9,,Monthly: Mar 1989.,Board of Governors of the Federal Reserve System; Bank for International Settlements.,5B0,"United States - Central bank, assets, total, BIS-spliced",,E,2016-01,4482.34928711,,F,A,
M,US,B,XDC,USD,N,,From March 1989 onwards: Factors Affecting Reserve Balances (H.4.1). Between November 1914 and March 1989: Bao et al (2018): 'The Federal Reserve System's weekly balance sheet since 1914'.,BIS-spliced,"From March 1989 onwards: total assets from Table 5 of the H.4.1 Statistical Release (RESPPANWW). Between November 1914 and March 1989: total resources and assets (TOTRA via Federal Reserve Economic Data - FRED). Reference: C Bao, J Chen, N Fries, A Gibson, E Paine and K Schuler (2018): 'The Federal Reserve System's weekly balance sheet since 1914', Johns Hopkins Institute for Applied Economics, Global Health and the Study of Business Enterprise Studies, Studies in Applied Economics, no 115, July, https://econpapers.repec.org/paper/risjhisae/0115.htm.",,2,9,,Monthly: Mar 1989.,Board of Governors of the Federal Reserve System; Bank for International Settlements.,5B0,"United States - Central bank, assets, total, BIS-spliced",,E,2016-02,4489.79554835,,F,A,
M,US,B,XDC,USD,N,,From March 1989 onwards: Factors Affecting Reserve Balances (H.4.1). Between November 1914 and March 1989: Bao et al (2018): 'The Federal Reserve System's weekly balance sheet since 1914'.,BIS-spliced,"From March 1989 onwards: total assets from Table 5 of the H.4.1 Statistical Release (RESPPANWW). Between November 1914 and March 1989: total resources and assets (TOTRA via Federal Reserve Economic Data - FRED). Reference: C Bao, J Chen, N Fries, A Gibson, E Paine and K Schuler (2018): 'The Federal Reserve System's weekly balance sheet since 1914', Johns Hopkins Institute for Applied Economics, Global Health and the Study of Business Enterprise Studies, Studies in Applied Economics, no 115, July, https://econpapers.repec.org/paper/risjhisae/0115.htm.",,2,9,,Monthly: Mar 1989.,Board of Governors of the Federal Reserve System; Bank for International Settlements.,5B0,"United States - Central bank, assets, total, BIS-spliced",,E,2016-03,4482.84049722,,F,A,
M,US,B,XDC,USD,N,,From March 1989 onwards: Factors Affecting Reserve Balances (H.4.1). Between November 1914 and March 1989: Bao et al (2018): 'The Federal Reserve System's weekly balance sheet since 1914'.,BIS-spliced,"From March 1989 onwards: total assets from Table 5 of the H.4.1 Statistical Release (RESPPANWW). Between November 1914 and March 1989: total resources and assets (TOTRA via Federal Reserve Economic Data - FRED). Reference: C Bao, J Chen, N Fries, A Gibson, E Paine and K Schuler (2018): 'The Federal Reserve System's weekly balance sheet since 1914', Johns Hopkins Institute for Applied Economics, Global Health and the Study of Business Enterprise Studies, Studies in Applied Economics, no 115, July, https://econpapers.repec.org/paper/risjhisae/0115.htm.",,2,9,,Monthly: Mar 1989.,Board of Governors of the Federal Reserve System; Bank for International Settlements.,5B0,"United States - Central bank, assets, total, BIS-spliced",,E,2016-04,4474.66541472,,F,A,
M,US,B,XDC,USD,N,,From March 1989 onwards: Factors Affecting Reserve Balances (H.4.1). Between November 1914 and March 1989: Bao et al (2018): 'The Federal Reserve System's weekly balance sheet since 1914'.,BIS-spliced,"From March 1989 onwards: total assets from Table 5 of the H.4.1 Statistical Release (RESPPANWW). Between November 1914 and March 1989: total resources and assets (TOTRA via Federal Reserve Economic Data - FRED). Reference: C Bao, J Chen, N Fries, A Gibson, E Paine and K Schuler (2018): 'The Federal Reserve System's weekly balance sheet since 1914', Johns Hopkins Institute for Applied Economics, Global Health and the Study of Business Enterprise Studies, Studies in Applied Economics, no 115, July, https://econpapers.repec.org/paper/risjhisae/0115.htm.",,2,9,,Monthly: Mar 1989.,Board of Governors of the Federal Reserve System; Bank for International Settlements.,5B0,"United States - Central bank, assets, total, BIS-spliced",,E,2016-05,4461.1113097,,F,A,
M,US,B,XDC,USD,N,,From March 1989 onwards: Factors Affecting Reserve Balances (H.4.1). Between November 1914 and March 1989: Bao et al (2018): 'The Federal Reserve System's weekly balance sheet since 1914'.,BIS-spliced,"From March 1989 onwards: total assets from Table 5 of the H.4.1 Statistical Release (RESPPANWW). Between November 1914 and March 1989: total resources and assets (TOTRA via Federal Reserve Economic Data - FRED). Reference: C Bao, J Chen, N Fries, A Gibson, E Paine and K Schuler (2018): 'The Federal Reserve System's weekly balance sheet since 1914', Johns Hopkins Institute for Applied Economics, Global Health and the Study of Business Enterprise Studies, Studies in Applied Economics, no 115, July, https://econpapers.repec.org/paper/risjhisae/0115.htm.",,2,9,,Monthly: Mar 1989.,Board of Governors of the Federal Reserve System; Bank for International Settlements.,5B0,"United States - Central bank, assets, total, BIS-spliced",,E,2016-06,4466.48174158,,F,A,
M,US,B,XDC,USD,N,,From March 1989 onwards: Factors Affecting Reserve Balances (H.4.1). Between November 1914 and March 1989: Bao et al (2018): 'The Federal Reserve System's weekly balance sheet since 1914'.,BIS-spliced,"From March 1989 onwards: total assets from Table 5 of the H.4.1 Statistical Release (RESPPANWW). Between November 1914 and March 1989: total resources and assets (TOTRA via Federal Reserve Economic Data - FRED). Reference: C Bao, J Chen, N Fries, A Gibson, E Paine and K Schuler (2018): 'The Federal Reserve System's weekly balance sheet since 1914', Johns Hopkins Institute for Applied Economics, Global Health and the Study of Business Enterprise Studies, Studies in Applied Economics, no 115, July, https://econpapers.repec.org/paper/risjhisae/0115.htm.",,2,9,,Monthly: Mar 1989.,Board of Governors of the Federal Reserve System; Bank for International Settlements.,5B0,"United States - Central bank, assets, total, BIS-spliced",,E,2016-07,4464.49819482,,F,A,
M,US,B,XDC,USD,N,,From March 1989 onwards: Factors Affecting Reserve Balances (H.4.1). Between November 1914 and March 1989: Bao et al (2018): 'The Federal Reserve System's weekly balance sheet since 1914'.,BIS-spliced,"From March 1989 onwards: total assets from Table 5 of the H.4.1 Statistical Release (RESPPANWW). Between November 1914 and March 1989: total resources and assets (TOTRA via Federal Reserve Economic Data - FRED). Reference: C Bao, J Chen, N Fries, A Gibson, E Paine and K Schuler (2018): 'The Federal Reserve System's weekly balance sheet since 1914', Johns Hopkins Institute for Applied Economics, Global Health and the Study of Business Enterprise Studies, Studies in Applied Economics, no 115, July, https://econpapers.repec.org/paper/risjhisae/0115.htm.",,2,9,,Monthly: Mar 1989.,Board of Governors of the Federal Reserve System; Bank for International Settlements.,5B0,"United States - Central bank, assets, total, BIS-spliced",,E,2016-08,4457.90719212,,F,A,
M,US,B,XDC,USD,N,,From March 1989 onwards: Factors Affecting Reserve Balances (H.4.1). Between November 1914 and March 1989: Bao et al (2018): 'The Federal Reserve System's weekly balance sheet since 1914'.,BIS-spliced,"From March 1989 onwards: total assets from Table 5 of the H.4.1 Statistical Release (RESPPANWW). Between November 1914 and March 1989: total resources and assets (TOTRA via Federal Reserve Economic Data - FRED). Reference: C Bao, J Chen, N Fries, A Gibson, E Paine and K Schuler (2018): 'The Federal Reserve System's weekly balance sheet since 1914', Johns Hopkins Institute for Applied Economics, Global Health and the Study of Business Enterprise Studies, Studies in Applied Economics, no 115, July, https://econpapers.repec.org/paper/risjhisae/0115.htm.",,2,9,,Monthly: Mar 1989.,Board of Governors of the Federal Reserve System; Bank for International Settlements.,5B0,"United States - Central bank, assets, total, BIS-spliced",,E,2016-09,4452.00165186,,F,A,
M,US,B,XDC,USD,N,,From March 1989 onwards: Factors Affecting Reserve Balances (H.4.1). Between November 1914 and March 1989: Bao et al (2018): 'The Federal Reserve System's weekly balance sheet since 1914'.,BIS-spliced,"From March 1989 onwards: total assets from Table 5 of the H.4.1 Statistical Release (RESPPANWW). Between November 1914 and March 1989: total resources and assets (TOTRA via Federal Reserve Economic Data - FRED). Reference: C Bao, J Chen, N Fries, A Gibson, E Paine and K Schuler (2018): 'The Federal Reserve System's weekly balance sheet since 1914', Johns Hopkins Institute for Applied Economics, Global Health and the Study of Business Enterprise Studies, Studies in Applied Economics, no 115, July, https://econpapers.repec.org/paper/risjhisae/0115.htm.",,2,9,,Monthly: Mar 1989.,Board of Governors of the Federal Reserve System; Bank for International Settlements.,5B0,"United States - Central bank, assets, total, BIS-spliced",,E,2016-10,4454.32566349,,F,A,
M,US,B,XDC,USD,N,,From March 1989 onwards: Factors Affecting Reserve Balances (H.4.1). Between November 1914 and March 1989: Bao et al (2018): 'The Federal Reserve System's weekly balance sheet since 1914'.,BIS-spliced,"From March 1989 onwards: total assets from Table 5 of the H.4.1 Statistical Release (RESPPANWW). Between November 1914 and March 1989: total resources and assets (TOTRA via Federal Reserve Economic Data - FRED). Reference: C Bao, J Chen, N Fries, A Gibson, E Paine and K Schuler (2018): 'The Federal Reserve System's weekly balance sheet since 1914', Johns Hopkins Institute for Applied Economics, Global Health and the Study of Business Enterprise Studies, Studies in Applied Economics, no 115, July, https://econpapers.repec.org/paper/risjhisae/0115.htm.",,2,9,,Monthly: Mar 1989.,Board of Governors of the Federal Reserve System; Bank for International Settlements.,5B0,"United States - Central bank, assets, total, BIS-spliced",,E,2016-11,4446.30679097,,F,A,
M,US,B,XDC,USD,N,,From March 1989 onwards: Factors Affecting Reserve Balances (H.4.1). Between November 1914 and March 1989: Bao et al (2018): 'The Federal Reserve System's weekly balance sheet since 1914'.,BIS-spliced,"From March 1989 onwards: total assets from Table 5 of the H.4.1 Statistical Release (RESPPANWW). Between November 1914 and March 1989: total resources and assets (TOTRA via Federal Reserve Economic Data - FRED). Reference: C Bao, J Chen, N Fries, A Gibson, E Paine and K Schuler (2018): 'The Federal Reserve System's weekly balance sheet since 1914', Johns Hopkins Institute for Applied Economics, Global Health and the Study of Business Enterprise Studies, Studies in Applied Economics, no 115, July, https://econpapers.repec.org/paper/risjhisae/0115.htm.",,2,9,,Monthly: Mar 1989.,Board of Governors of the Federal Reserve System; Bank for International Settlements.,5B0,"United States - Central bank, assets, total, BIS-spliced",,E,2016-12,4451.45083942,,F,A,
M,US,B,XDC,USD,N,,From March 1989 onwards: Factors Affecting Reserve Balances (H.4.1). Between November 1914 and March 1989: Bao et al (2018): 'The Federal Reserve System's weekly balance sheet since 1914'.,BIS-spliced,"From March 1989 onwards: total assets from Table 5 of the H.4.1 Statistical Release (RESPPANWW). Between November 1914 and March 1989: total resources and assets (TOTRA via Federal Reserve Economic Data - FRED). Reference: C Bao, J Chen, N Fries, A Gibson, E Paine and K Schuler (2018): 'The Federal Reserve System's weekly balance sheet since 1914', Johns Hopkins Institute for Applied Economics, Global Health and the Study of Business Enterprise Studies, Studies in Applied Economics, no 115, July, https://econpapers.repec.org/paper/risjhisae/0115.htm.",,2,9,,Monthly: Mar 1989.,Board of Governors of the Federal Reserve System; Bank for International Settlements.,5B0,"United States - Central bank, assets, total, BIS-spliced",,E,2017-01,4452.83778776,,F,A,
M,US,B,XDC,USD,N,,From March 1989 onwards: Factors Affecting Reserve Balances (H.4.1). Between November 1914 and March 1989: Bao et al (2018): 'The Federal Reserve System's weekly balance sheet since 1914'.,BIS-spliced,"From March 1989 onwards: total assets from Table 5 of the H.4.1 Statistical Release (RESPPANWW). Between November 1914 and March 1989: total resources and assets (TOTRA via Federal Reserve Economic Data - FRED). Reference: C Bao, J Chen, N Fries, A Gibson, E Paine and K Schuler (2018): 'The Federal Reserve System's weekly balance sheet since 1914', Johns Hopkins Institute for Applied Economics, Global Health and the Study of Business Enterprise Studies, Studies in Applied Economics, no 115, July, https://econpapers.repec.org/paper/risjhisae/0115.htm.",,2,9,,Monthly: Mar 1989.,Board of Governors of the Federal Reserve System; Bank for International Settlements.,5B0,"United States - Central bank, assets, total, BIS-spliced",,E,2017-02,4468.70249893,,F,A,
M,US,B,XDC,USD,N,,From March 1989 onwards: Factors Affecting Reserve Balances (H.4.1). Between November 1914 and March 1989: Bao et al (2018): 'The Federal Reserve System's weekly balance sheet since 1914'.,BIS-spliced,"From March 1989 onwards: total assets from Table 5 of the H.4.1 Statistical Release (RESPPANWW). Between November 1914 and March 1989: total resources and assets (TOTRA via Federal Reserve Economic Data - FRED). Reference: C Bao, J Chen, N Fries, A Gibson, E Paine and K Schuler (2018): 'The Federal Reserve System's weekly balance sheet since 1914', Johns Hopkins Institute for Applied Economics, Global Health and the Study of Business Enterprise Studies, Studies in Applied Economics, no 115, July, https://econpapers.repec.org/paper/risjhisae/0115.htm.",,2,9,,Monthly: Mar 1989.,Board of Governors of the Federal Reserve System; Bank for International Settlements.,5B0,"United States - Central bank, assets, total, BIS-spliced",,E,2017-03,4469.61786497,,F,A,
M,US,B,XDC,USD,N,,From March 1989 onwards: Factors Affecting Reserve Balances (H.4.1). Between November 1914 and March 1989: Bao et al (2018): 'The Federal Reserve System's weekly balance sheet since 1914'.,BIS-spliced,"From March 1989 onwards: total assets from Table 5 of the H.4.1 Statistical Release (RESPPANWW). Between November 1914 and March 1989: total resources and assets (TOTRA via Federal Reserve Economic Data - FRED). Reference: C Bao, J Chen, N Fries, A Gibson, E Paine and K Schuler (2018): 'The Federal Reserve System's weekly balance sheet since 1914', Johns Hopkins Institute for Applied Economics, Global Health and the Study of Business Enterprise Studies, Studies in Applied Economics, no 115, July, https://econpapers.repec.org/paper/risjhisae/0115.htm.",,2,9,,Monthly: Mar 1989.,Board of Governors of the Federal Reserve System; Bank for International Settlements.,5B0,"United States - Central bank, assets, total, BIS-spliced",,E,2017-04,4470.14165903,,F,A,
M,US,B,XDC,USD,N,,From March 1989 onwards: Factors Affecting Reserve Balances (H.4.1). Between November 1914 and March 1989: Bao et al (2018): 'The Federal Reserve System's weekly balance sheet since 1914'.,BIS-spliced,"From March 1989 onwards: total assets from Table 5 of the H.4.1 Statistical Release (RESPPANWW). Between November 1914 and March 1989: total resources and assets (TOTRA via Federal Reserve Economic Data - FRED). Reference: C Bao, J Chen, N Fries, A Gibson, E Paine and K Schuler (2018): 'The Federal Reserve System's weekly balance sheet since 1914', Johns Hopkins Institute for Applied Economics, Global Health and the Study of Business Enterprise Studies, Studies in Applied Economics, no 115, July, https://econpapers.repec.org/paper/risjhisae/0115.htm.",,2,9,,Monthly: Mar 1989.,Board of Governors of the Federal Reserve System; Bank for International Settlements.,5B0,"United States - Central bank, assets, total, BIS-spliced",,E,2017-05,4459.91379109,,F,A,
M,US,B,XDC,USD,N,,From March 1989 onwards: Factors Affecting Reserve Balances (H.4.1). Between November 1914 and March 1989: Bao et al (2018): 'The Federal Reserve System's weekly balance sheet since 1914'.,BIS-spliced,"From March 1989 onwards: total assets from Table 5 of the H.4.1 Statistical Release (RESPPANWW). Between November 1914 and March 1989: total resources and assets (TOTRA via Federal Reserve Economic Data - FRED). Reference: C Bao, J Chen, N Fries, A Gibson, E Paine and K Schuler (2018): 'The Federal Reserve System's weekly balance sheet since 1914', Johns Hopkins Institute for Applied Economics, Global Health and the Study of Business Enterprise Studies, Studies in Applied Economics, no 115, July, https://econpapers.repec.org/paper/risjhisae/0115.htm.",,2,9,,Monthly: Mar 1989.,Board of Governors of the Federal Reserve System; Bank for International Settlements.,5B0,"United States - Central bank, assets, total, BIS-spliced",,E,2017-06,4463.34693556,,F,A,
M,US,B,XDC,USD,N,,From March 1989 onwards: Factors Affecting Reserve Balances (H.4.1). Between November 1914 and March 1989: Bao et al (2018): 'The Federal Reserve System's weekly balance sheet since 1914'.,BIS-spliced,"From March 1989 onwards: total assets from Table 5 of the H.4.1 Statistical Release (RESPPANWW). Between November 1914 and March 1989: total resources and assets (TOTRA via Federal Reserve Economic Data - FRED). Reference: C Bao, J Chen, N Fries, A Gibson, E Paine and K Schuler (2018): 'The Federal Reserve System's weekly balance sheet since 1914', Johns Hopkins Institute for Applied Economics, Global Health and the Study of Business Enterprise Studies, Studies in Applied Economics, no 115, July, https://econpapers.repec.org/paper/risjhisae/0115.htm.",,2,9,,Monthly: Mar 1989.,Board of Governors of the Federal Reserve System; Bank for International Settlements.,5B0,"United States - Central bank, assets, total, BIS-spliced",,E,2017-07,4465.28426092,,F,A,
M,US,B,XDC,USD,N,,From March 1989 onwards: Factors Affecting Reserve Balances (H.4.1). Between November 1914 and March 1989: Bao et al (2018): 'The Federal Reserve System's weekly balance sheet since 1914'.,BIS-spliced,"From March 1989 onwards: total assets from Table 5 of the H.4.1 Statistical Release (RESPPANWW). Between November 1914 and March 1989: total resources and assets (TOTRA via Federal Reserve Economic Data - FRED). Reference: C Bao, J Chen, N Fries, A Gibson, E Paine and K Schuler (2018): 'The Federal Reserve System's weekly balance sheet since 1914', Johns Hopkins Institute for Applied Economics, Global Health and the Study of Business Enterprise Studies, Studies in Applied Economics, no 115, July, https://econpapers.repec.org/paper/risjhisae/0115.htm.",,2,9,,Monthly: Mar 1989.,Board of Governors of the Federal Reserve System; Bank for International Settlements.,5B0,"United States - Central bank, assets, total, BIS-spliced",,E,2017-08,4452.36028699,,F,A,
M,US,B,XDC,USD,N,,From March 1989 onwards: Factors Affecting Reserve Balances (H.4.1). Between November 1914 and March 1989: Bao et al (2018): 'The Federal Reserve System's weekly balance sheet since 1914'.,BIS-spliced,"From March 1989 onwards: total assets from Table 5 of the H.4.1 Statistical Release (RESPPANWW). Between November 1914 and March 1989: total resources and assets (TOTRA via Federal Reserve Economic Data - FRED). Reference: C Bao, J Chen, N Fries, A Gibson, E Paine and K Schuler (2018): 'The Federal Reserve System's weekly balance sheet since 1914', Johns Hopkins Institute for Applied Economics, Global Health and the Study of Business Enterprise Studies, Studies in Applied Economics, no 115, July, https://econpapers.repec.org/paper/risjhisae/0115.htm.",,2,9,,Monthly: Mar 1989.,Board of Governors of the Federal Reserve System; Bank for International Settlements.,5B0,"United States - Central bank, assets, total, BIS-spliced",,E,2017-09,4455.66137822,,F,A,
M,US,B,XDC,USD,N,,From March 1989 onwards: Factors Affecting Reserve Balances (H.4.1). Between November 1914 and March 1989: Bao et al (2018): 'The Federal Reserve System's weekly balance sheet since 1914'.,BIS-spliced,"From March 1989 onwards: total assets from Table 5 of the H.4.1 Statistical Release (RESPPANWW). Between November 1914 and March 1989: total resources and assets (TOTRA via Federal Reserve Economic Data - FRED). Reference: C Bao, J Chen, N Fries, A Gibson, E Paine and K Schuler (2018): 'The Federal Reserve System's weekly balance sheet since 1914', Johns Hopkins Institute for Applied Economics, Global Health and the Study of Business Enterprise Studies, Studies in Applied Economics, no 115, July, https://econpapers.repec.org/paper/risjhisae/0115.htm.",,2,9,,Monthly: Mar 1989.,Board of Governors of the Federal Reserve System; Bank for International Settlements.,5B0,"United States - Central bank, assets, total, BIS-spliced",,E,2017-10,4461.11746039,,F,A,
M,US,B,XDC,USD,N,,From March 1989 onwards: Factors Affecting Reserve Balances (H.4.1). Between November 1914 and March 1989: Bao et al (2018): 'The Federal Reserve System's weekly balance sheet since 1914'.,BIS-spliced,"From March 1989 onwards: total assets from Table 5 of the H.4.1 Statistical Release (RESPPANWW). Between November 1914 and March 1989: total resources and assets (TOTRA via Federal Reserve Economic Data - FRED). Reference: C Bao, J Chen, N Fries, A Gibson, E Paine and K Schuler (2018): 'The Federal Reserve System's weekly balance sheet since 1914', Johns Hopkins Institute for Applied Economics, Global Health and the Study of Business Enterprise Studies, Studies in Applied Economics, no 115, July, https://econpapers.repec.org/paper/risjhisae/0115.htm.",,2,9,,Monthly: Mar 1989.,Board of Governors of the Federal Reserve System; Bank for International Settlements.,5B0,"United States - Central bank, assets, total, BIS-spliced",,E,2017-11,4438.5923795,,F,A,
M,US,B,XDC,USD,N,,From March 1989 onwards: Factors Affecting Reserve Balances (H.4.1). Between November 1914 and March 1989: Bao et al (2018): 'The Federal Reserve System's weekly balance sheet since 1914'.,BIS-spliced,"From March 1989 onwards: total assets from Table 5 of the H.4.1 Statistical Release (RESPPANWW). Between November 1914 and March 1989: total resources and assets (TOTRA via Federal Reserve Economic Data - FRED). Reference: C Bao, J Chen, N Fries, A Gibson, E Paine and K Schuler (2018): 'The Federal Reserve System's weekly balance sheet since 1914', Johns Hopkins Institute for Applied Economics, Global Health and the Study of Business Enterprise Studies, Studies in Applied Economics, no 115, July, https://econpapers.repec.org/paper/risjhisae/0115.htm.",,2,9,,Monthly: Mar 1989.,Board of Governors of the Federal Reserve System; Bank for International Settlements.,5B0,"United States - Central bank, assets, total, BIS-spliced",,E,2017-12,4448.67965358,,F,A,
M,US,B,XDC,USD,N,,From March 1989 onwards: Factors Affecting Reserve Balances (H.4.1). Between November 1914 and March 1989: Bao et al (2018): 'The Federal Reserve System's weekly balance sheet since 1914'.,BIS-spliced,"From March 1989 onwards: total assets from Table 5 of the H.4.1 Statistical Release (RESPPANWW). Between November 1914 and March 1989: total resources and assets (TOTRA via Federal Reserve Economic Data - FRED). Reference: C Bao, J Chen, N Fries, A Gibson, E Paine and K Schuler (2018): 'The Federal Reserve System's weekly balance sheet since 1914', Johns Hopkins Institute for Applied Economics, Global Health and the Study of Business Enterprise Studies, Studies in Applied Economics, no 115, July, https://econpapers.repec.org/paper/risjhisae/0115.htm.",,2,9,,Monthly: Mar 1989.,Board of Governors of the Federal Reserve System; Bank for International Settlements.,5B0,"United States - Central bank, assets, total, BIS-spliced",,E,2018-01,4419.22536239,,F,A,
M,US,B,XDC,USD,N,,From March 1989 onwards: Factors Affecting Reserve Balances (H.4.1). Between November 1914 and March 1989: Bao et al (2018): 'The Federal Reserve System's weekly balance sheet since 1914'.,BIS-spliced,"From March 1989 onwards: total assets from Table 5 of the H.4.1 Statistical Release (RESPPANWW). Between November 1914 and March 1989: total resources and assets (TOTRA via Federal Reserve Economic Data - FRED). Reference: C Bao, J Chen, N Fries, A Gibson, E Paine and K Schuler (2018): 'The Federal Reserve System's weekly balance sheet since 1914', Johns Hopkins Institute for Applied Economics, Global Health and the Study of Business Enterprise Studies, Studies in Applied Economics, no 115, July, https://econpapers.repec.org/paper/risjhisae/0115.htm.",,2,9,,Monthly: Mar 1989.,Board of Governors of the Federal Reserve System; Bank for International Settlements.,5B0,"United States - Central bank, assets, total, BIS-spliced",,E,2018-02,4393.4008282,,F,A,
M,US,B,XDC,USD,N,,From March 1989 onwards: Factors Affecting Reserve Balances (H.4.1). Between November 1914 and March 1989: Bao et al (2018): 'The Federal Reserve System's weekly balance sheet since 1914'.,BIS-spliced,"From March 1989 onwards: total assets from Table 5 of the H.4.1 Statistical Release (RESPPANWW). Between November 1914 and March 1989: total resources and assets (TOTRA via Federal Reserve Economic Data - FRED). Reference: C Bao, J Chen, N Fries, A Gibson, E Paine and K Schuler (2018): 'The Federal Reserve System's weekly balance sheet since 1914', Johns Hopkins Institute for Applied Economics, Global Health and the Study of Business Enterprise Studies, Studies in Applied Economics, no 115, July, https://econpapers.repec.org/paper/risjhisae/0115.htm.",,2,9,,Monthly: Mar 1989.,Board of Governors of the Federal Reserve System; Bank for International Settlements.,5B0,"United States - Central bank, assets, total, BIS-spliced",,E,2018-03,4392.19824808,,F,A,
M,US,B,XDC,USD,N,,From March 1989 onwards: Factors Affecting Reserve Balances (H.4.1). Between November 1914 and March 1989: Bao et al (2018): 'The Federal Reserve System's weekly balance sheet since 1914'.,BIS-spliced,"From March 1989 onwards: total assets from Table 5 of the H.4.1 Statistical Release (RESPPANWW). Between November 1914 and March 1989: total resources and assets (TOTRA via Federal Reserve Economic Data - FRED). Reference: C Bao, J Chen, N Fries, A Gibson, E Paine and K Schuler (2018): 'The Federal Reserve System's weekly balance sheet since 1914', Johns Hopkins Institute for Applied Economics, Global Health and the Study of Business Enterprise Studies, Studies in Applied Economics, no 115, July, https://econpapers.repec.org/paper/risjhisae/0115.htm.",,2,9,,Monthly: Mar 1989.,Board of Governors of the Federal Reserve System; Bank for International Settlements.,5B0,"United States - Central bank, assets, total, BIS-spliced",,E,2018-04,4372.88612432,,F,A,
M,US,B,XDC,USD,N,,From March 1989 onwards: Factors Affecting Reserve Balances (H.4.1). Between November 1914 and March 1989: Bao et al (2018): 'The Federal Reserve System's weekly balance sheet since 1914'.,BIS-spliced,"From March 1989 onwards: total assets from Table 5 of the H.4.1 Statistical Release (RESPPANWW). Between November 1914 and March 1989: total resources and assets (TOTRA via Federal Reserve Economic Data - FRED). Reference: C Bao, J Chen, N Fries, A Gibson, E Paine and K Schuler (2018): 'The Federal Reserve System's weekly balance sheet since 1914', Johns Hopkins Institute for Applied Economics, Global Health and the Study of Business Enterprise Studies, Studies in Applied Economics, no 115, July, https://econpapers.repec.org/paper/risjhisae/0115.htm.",,2,9,,Monthly: Mar 1989.,Board of Governors of the Federal Reserve System; Bank for International Settlements.,5B0,"United States - Central bank, assets, total, BIS-spliced",,E,2018-05,4327.51922107,,F,A,
M,US,B,XDC,USD,N,,From March 1989 onwards: Factors Affecting Reserve Balances (H.4.1). Between November 1914 and March 1989: Bao et al (2018): 'The Federal Reserve System's weekly balance sheet since 1914'.,BIS-spliced,"From March 1989 onwards: total assets from Table 5 of the H.4.1 Statistical Release (RESPPANWW). Between November 1914 and March 1989: total resources and assets (TOTRA via Federal Reserve Economic Data - FRED). Reference: C Bao, J Chen, N Fries, A Gibson, E Paine and K Schuler (2018): 'The Federal Reserve System's weekly balance sheet since 1914', Johns Hopkins Institute for Applied Economics, Global Health and the Study of Business Enterprise Studies, Studies in Applied Economics, no 115, July, https://econpapers.repec.org/paper/risjhisae/0115.htm.",,2,9,,Monthly: Mar 1989.,Board of Governors of the Federal Reserve System; Bank for International Settlements.,5B0,"United States - Central bank, assets, total, BIS-spliced",,E,2018-06,4305.49062267,,F,A,
M,US,B,XDC,USD,N,,From March 1989 onwards: Factors Affecting Reserve Balances (H.4.1). Between November 1914 and March 1989: Bao et al (2018): 'The Federal Reserve System's weekly balance sheet since 1914'.,BIS-spliced,"From March 1989 onwards: total assets from Table 5 of the H.4.1 Statistical Release (RESPPANWW). Between November 1914 and March 1989: total resources and assets (TOTRA via Federal Reserve Economic Data - FRED). Reference: C Bao, J Chen, N Fries, A Gibson, E Paine and K Schuler (2018): 'The Federal Reserve System's weekly balance sheet since 1914', Johns Hopkins Institute for Applied Economics, Global Health and the Study of Business Enterprise Studies, Studies in Applied Economics, no 115, July, https://econpapers.repec.org/paper/risjhisae/0115.htm.",,2,9,,Monthly: Mar 1989.,Board of Governors of the Federal Reserve System; Bank for International Settlements.,5B0,"United States - Central bank, assets, total, BIS-spliced",,E,2018-07,4277.68112036,,F,A,
M,US,B,XDC,USD,N,,From March 1989 onwards: Factors Affecting Reserve Balances (H.4.1). Between November 1914 and March 1989: Bao et al (2018): 'The Federal Reserve System's weekly balance sheet since 1914'.,BIS-spliced,"From March 1989 onwards: total assets from Table 5 of the H.4.1 Statistical Release (RESPPANWW). Between November 1914 and March 1989: total resources and assets (TOTRA via Federal Reserve Economic Data - FRED). Reference: C Bao, J Chen, N Fries, A Gibson, E Paine and K Schuler (2018): 'The Federal Reserve System's weekly balance sheet since 1914', Johns Hopkins Institute for Applied Economics, Global Health and the Study of Business Enterprise Studies, Studies in Applied Economics, no 115, July, https://econpapers.repec.org/paper/risjhisae/0115.htm.",,2,9,,Monthly: Mar 1989.,Board of Governors of the Federal Reserve System; Bank for International Settlements.,5B0,"United States - Central bank, assets, total, BIS-spliced",,E,2018-08,4218.91416096,,F,A,
M,US,B,XDC,USD,N,,From March 1989 onwards: Factors Affecting Reserve Balances (H.4.1). Between November 1914 and March 1989: Bao et al (2018): 'The Federal Reserve System's weekly balance sheet since 1914'.,BIS-spliced,"From March 1989 onwards: total assets from Table 5 of the H.4.1 Statistical Release (RESPPANWW). Between November 1914 and March 1989: total resources and assets (TOTRA via Federal Reserve Economic Data - FRED). Reference: C Bao, J Chen, N Fries, A Gibson, E Paine and K Schuler (2018): 'The Federal Reserve System's weekly balance sheet since 1914', Johns Hopkins Institute for Applied Economics, Global Health and the Study of Business Enterprise Studies, Studies in Applied Economics, no 115, July, https://econpapers.repec.org/paper/risjhisae/0115.htm.",,2,9,,Monthly: Mar 1989.,Board of Governors of the Federal Reserve System; Bank for International Settlements.,5B0,"United States - Central bank, assets, total, BIS-spliced",,E,2018-09,4192.90946824,,F,A,
M,US,B,XDC,USD,N,,From March 1989 onwards: Factors Affecting Reserve Balances (H.4.1). Between November 1914 and March 1989: Bao et al (2018): 'The Federal Reserve System's weekly balance sheet since 1914'.,BIS-spliced,"From March 1989 onwards: total assets from Table 5 of the H.4.1 Statistical Release (RESPPANWW). Between November 1914 and March 1989: total resources and assets (TOTRA via Federal Reserve Economic Data - FRED). Reference: C Bao, J Chen, N Fries, A Gibson, E Paine and K Schuler (2018): 'The Federal Reserve System's weekly balance sheet since 1914', Johns Hopkins Institute for Applied Economics, Global Health and the Study of Business Enterprise Studies, Studies in Applied Economics, no 115, July, https://econpapers.repec.org/paper/risjhisae/0115.htm.",,2,9,,Monthly: Mar 1989.,Board of Governors of the Federal Reserve System; Bank for International Settlements.,5B0,"United States - Central bank, assets, total, BIS-spliced",,E,2018-10,4139.73072122,,F,A,
M,US,B,XDC,USD,N,,From March 1989 onwards: Factors Affecting Reserve Balances (H.4.1). Between November 1914 and March 1989: Bao et al (2018): 'The Federal Reserve System's weekly balance sheet since 1914'.,BIS-spliced,"From March 1989 onwards: total assets from Table 5 of the H.4.1 Statistical Release (RESPPANWW). Between November 1914 and March 1989: total resources and assets (TOTRA via Federal Reserve Economic Data - FRED). Reference: C Bao, J Chen, N Fries, A Gibson, E Paine and K Schuler (2018): 'The Federal Reserve System's weekly balance sheet since 1914', Johns Hopkins Institute for Applied Economics, Global Health and the Study of Business Enterprise Studies, Studies in Applied Economics, no 115, July, https://econpapers.repec.org/paper/risjhisae/0115.htm.",,2,9,,Monthly: Mar 1989.,Board of Governors of the Federal Reserve System; Bank for International Settlements.,5B0,"United States - Central bank, assets, total, BIS-spliced",,E,2018-11,4097.16954517,,F,A,
M,US,B,XDC,USD,N,,From March 1989 onwards: Factors Affecting Reserve Balances (H.4.1). Between November 1914 and March 1989: Bao et al (2018): 'The Federal Reserve System's weekly balance sheet since 1914'.,BIS-spliced,"From March 1989 onwards: total assets from Table 5 of the H.4.1 Statistical Release (RESPPANWW). Between November 1914 and March 1989: total resources and assets (TOTRA via Federal Reserve Economic Data - FRED). Reference: C Bao, J Chen, N Fries, A Gibson, E Paine and K Schuler (2018): 'The Federal Reserve System's weekly balance sheet since 1914', Johns Hopkins Institute for Applied Economics, Global Health and the Study of Business Enterprise Studies, Studies in Applied Economics, no 115, July, https://econpapers.repec.org/paper/risjhisae/0115.htm.",,2,9,,Monthly: Mar 1989.,Board of Governors of the Federal Reserve System; Bank for International Settlements.,5B0,"United States - Central bank, assets, total, BIS-spliced",,E,2018-12,4075.63631352,,F,A,
M,US,B,XDC,USD,N,,From March 1989 onwards: Factors Affecting Reserve Balances (H.4.1). Between November 1914 and March 1989: Bao et al (2018): 'The Federal Reserve System's weekly balance sheet since 1914'.,BIS-spliced,"From March 1989 onwards: total assets from Table 5 of the H.4.1 Statistical Release (RESPPANWW). Between November 1914 and March 1989: total resources and assets (TOTRA via Federal Reserve Economic Data - FRED). Reference: C Bao, J Chen, N Fries, A Gibson, E Paine and K Schuler (2018): 'The Federal Reserve System's weekly balance sheet since 1914', Johns Hopkins Institute for Applied Economics, Global Health and the Study of Business Enterprise Studies, Studies in Applied Economics, no 115, July, https://econpapers.repec.org/paper/risjhisae/0115.htm.",,2,9,,Monthly: Mar 1989.,Board of Governors of the Federal Reserve System; Bank for International Settlements.,5B0,"United States - Central bank, assets, total, BIS-spliced",,E,2019-01,4039.67800847,,F,A,
M,US,B,XDC,USD,N,,From March 1989 onwards: Factors Affecting Reserve Balances (H.4.1). Between November 1914 and March 1989: Bao et al (2018): 'The Federal Reserve System's weekly balance sheet since 1914'.,BIS-spliced,"From March 1989 onwards: total assets from Table 5 of the H.4.1 Statistical Release (RESPPANWW). Between November 1914 and March 1989: total resources and assets (TOTRA via Federal Reserve Economic Data - FRED). Reference: C Bao, J Chen, N Fries, A Gibson, E Paine and K Schuler (2018): 'The Federal Reserve System's weekly balance sheet since 1914', Johns Hopkins Institute for Applied Economics, Global Health and the Study of Business Enterprise Studies, Studies in Applied Economics, no 115, July, https://econpapers.repec.org/paper/risjhisae/0115.htm.",,2,9,,Monthly: Mar 1989.,Board of Governors of the Federal Reserve System; Bank for International Settlements.,5B0,"United States - Central bank, assets, total, BIS-spliced",,E,2019-02,3974.59024659,,F,A,
M,US,B,XDC,USD,N,,From March 1989 onwards: Factors Affecting Reserve Balances (H.4.1). Between November 1914 and March 1989: Bao et al (2018): 'The Federal Reserve System's weekly balance sheet since 1914'.,BIS-spliced,"From March 1989 onwards: total assets from Table 5 of the H.4.1 Statistical Release (RESPPANWW). Between November 1914 and March 1989: total resources and assets (TOTRA via Federal Reserve Economic Data - FRED). Reference: C Bao, J Chen, N Fries, A Gibson, E Paine and K Schuler (2018): 'The Federal Reserve System's weekly balance sheet since 1914', Johns Hopkins Institute for Applied Economics, Global Health and the Study of Business Enterprise Studies, Studies in Applied Economics, no 115, July, https://econpapers.repec.org/paper/risjhisae/0115.htm.",,2,9,,Monthly: Mar 1989.,Board of Governors of the Federal Reserve System; Bank for International Settlements.,5B0,"United States - Central bank, assets, total, BIS-spliced",,E,2019-03,3955.61689919,,F,A,
M,US,B,XDC,USD,N,,From March 1989 onwards: Factors Affecting Reserve Balances (H.4.1). Between November 1914 and March 1989: Bao et al (2018): 'The Federal Reserve System's weekly balance sheet since 1914'.,BIS-spliced,"From March 1989 onwards: total assets from Table 5 of the H.4.1 Statistical Release (RESPPANWW). Between November 1914 and March 1989: total resources and assets (TOTRA via Federal Reserve Economic Data - FRED). Reference: C Bao, J Chen, N Fries, A Gibson, E Paine and K Schuler (2018): 'The Federal Reserve System's weekly balance sheet since 1914', Johns Hopkins Institute for Applied Economics, Global Health and the Study of Business Enterprise Studies, Studies in Applied Economics, no 115, July, https://econpapers.repec.org/paper/risjhisae/0115.htm.",,2,9,,Monthly: Mar 1989.,Board of Governors of the Federal Reserve System; Bank for International Settlements.,5B0,"United States - Central bank, assets, total, BIS-spliced",,E,2019-04,3928.27316978,,F,A,
M,US,B,XDC,USD,N,,From March 1989 onwards: Factors Affecting Reserve Balances (H.4.1). Between November 1914 and March 1989: Bao et al (2018): 'The Federal Reserve System's weekly balance sheet since 1914'.,BIS-spliced,"From March 1989 onwards: total assets from Table 5 of the H.4.1 Statistical Release (RESPPANWW). Between November 1914 and March 1989: total resources and assets (TOTRA via Federal Reserve Economic Data - FRED). Reference: C Bao, J Chen, N Fries, A Gibson, E Paine and K Schuler (2018): 'The Federal Reserve System's weekly balance sheet since 1914', Johns Hopkins Institute for Applied Economics, Global Health and the Study of Business Enterprise Studies, Studies in Applied Economics, no 115, July, https://econpapers.repec.org/paper/risjhisae/0115.htm.",,2,9,,Monthly: Mar 1989.,Board of Governors of the Federal Reserve System; Bank for International Settlements.,5B0,"United States - Central bank, assets, total, BIS-spliced",,E,2019-05,3851.44428011,,F,A,
M,US,B,XDC,USD,N,,From March 1989 onwards: Factors Affecting Reserve Balances (H.4.1). Between November 1914 and March 1989: Bao et al (2018): 'The Federal Reserve System's weekly balance sheet since 1914'.,BIS-spliced,"From March 1989 onwards: total assets from Table 5 of the H.4.1 Statistical Release (RESPPANWW). Between November 1914 and March 1989: total resources and assets (TOTRA via Federal Reserve Economic Data - FRED). Reference: C Bao, J Chen, N Fries, A Gibson, E Paine and K Schuler (2018): 'The Federal Reserve System's weekly balance sheet since 1914', Johns Hopkins Institute for Applied Economics, Global Health and the Study of Business Enterprise Studies, Studies in Applied Economics, no 115, July, https://econpapers.repec.org/paper/risjhisae/0115.htm.",,2,9,,Monthly: Mar 1989.,Board of Governors of the Federal Reserve System; Bank for International Settlements.,5B0,"United States - Central bank, assets, total, BIS-spliced",,E,2019-06,3826.81650228,,F,A,
M,US,B,XDC,USD,N,,From March 1989 onwards: Factors Affecting Reserve Balances (H.4.1). Between November 1914 and March 1989: Bao et al (2018): 'The Federal Reserve System's weekly balance sheet since 1914'.,BIS-spliced,"From March 1989 onwards: total assets from Table 5 of the H.4.1 Statistical Release (RESPPANWW). Between November 1914 and March 1989: total resources and assets (TOTRA via Federal Reserve Economic Data - FRED). Reference: C Bao, J Chen, N Fries, A Gibson, E Paine and K Schuler (2018): 'The Federal Reserve System's weekly balance sheet since 1914', Johns Hopkins Institute for Applied Economics, Global Health and the Study of Business Enterprise Studies, Studies in Applied Economics, no 115, July, https://econpapers.repec.org/paper/risjhisae/0115.htm.",,2,9,,Monthly: Mar 1989.,Board of Governors of the Federal Reserve System; Bank for International Settlements.,5B0,"United States - Central bank, assets, total, BIS-spliced",,E,2019-07,3779.10163002,,F,A,
M,US,B,XDC,USD,N,,From March 1989 onwards: Factors Affecting Reserve Balances (H.4.1). Between November 1914 and March 1989: Bao et al (2018): 'The Federal Reserve System's weekly balance sheet since 1914'.,BIS-spliced,"From March 1989 onwards: total assets from Table 5 of the H.4.1 Statistical Release (RESPPANWW). Between November 1914 and March 1989: total resources and assets (TOTRA via Federal Reserve Economic Data - FRED). Reference: C Bao, J Chen, N Fries, A Gibson, E Paine and K Schuler (2018): 'The Federal Reserve System's weekly balance sheet since 1914', Johns Hopkins Institute for Applied Economics, Global Health and the Study of Business Enterprise Studies, Studies in Applied Economics, no 115, July, https://econpapers.repec.org/paper/risjhisae/0115.htm.",,2,9,,Monthly: Mar 1989.,Board of Governors of the Federal Reserve System; Bank for International Settlements.,5B0,"United States - Central bank, assets, total, BIS-spliced",,E,2019-08,3759.94627395,,F,A,
M,US,B,XDC,USD,N,,From March 1989 onwards: Factors Affecting Reserve Balances (H.4.1). Between November 1914 and March 1989: Bao et al (2018): 'The Federal Reserve System's weekly balance sheet since 1914'.,BIS-spliced,"From March 1989 onwards: total assets from Table 5 of the H.4.1 Statistical Release (RESPPANWW). Between November 1914 and March 1989: total resources and assets (TOTRA via Federal Reserve Economic Data - FRED). Reference: C Bao, J Chen, N Fries, A Gibson, E Paine and K Schuler (2018): 'The Federal Reserve System's weekly balance sheet since 1914', Johns Hopkins Institute for Applied Economics, Global Health and the Study of Business Enterprise Studies, Studies in Applied Economics, no 115, July, https://econpapers.repec.org/paper/risjhisae/0115.htm.",,2,9,,Monthly: Mar 1989.,Board of Governors of the Federal Reserve System; Bank for International Settlements.,5B0,"United States - Central bank, assets, total, BIS-spliced",,E,2019-09,3857.71519349,,F,A,
M,US,B,XDC,USD,N,,From March 1989 onwards: Factors Affecting Reserve Balances (H.4.1). Between November 1914 and March 1989: Bao et al (2018): 'The Federal Reserve System's weekly balance sheet since 1914'.,BIS-spliced,"From March 1989 onwards: total assets from Table 5 of the H.4.1 Statistical Release (RESPPANWW). Between November 1914 and March 1989: total resources and assets (TOTRA via Federal Reserve Economic Data - FRED). Reference: C Bao, J Chen, N Fries, A Gibson, E Paine and K Schuler (2018): 'The Federal Reserve System's weekly balance sheet since 1914', Johns Hopkins Institute for Applied Economics, Global Health and the Study of Business Enterprise Studies, Studies in Applied Economics, no 115, July, https://econpapers.repec.org/paper/risjhisae/0115.htm.",,2,9,,Monthly: Mar 1989.,Board of Governors of the Federal Reserve System; Bank for International Settlements.,5B0,"United States - Central bank, assets, total, BIS-spliced",,E,2019-10,4019.82273651,,F,A,
M,US,B,XDC,USD,N,,From March 1989 onwards: Factors Affecting Reserve Balances (H.4.1). Between November 1914 and March 1989: Bao et al (2018): 'The Federal Reserve System's weekly balance sheet since 1914'.,BIS-spliced,"From March 1989 onwards: total assets from Table 5 of the H.4.1 Statistical Release (RESPPANWW). Between November 1914 and March 1989: total resources and assets (TOTRA via Federal Reserve Economic Data - FRED). Reference: C Bao, J Chen, N Fries, A Gibson, E Paine and K Schuler (2018): 'The Federal Reserve System's weekly balance sheet since 1914', Johns Hopkins Institute for Applied Economics, Global Health and the Study of Business Enterprise Studies, Studies in Applied Economics, no 115, July, https://econpapers.repec.org/paper/risjhisae/0115.htm.",,2,9,,Monthly: Mar 1989.,Board of Governors of the Federal Reserve System; Bank for International Settlements.,5B0,"United States - Central bank, assets, total, BIS-spliced",,E,2019-11,4052.87530118,,F,A,
M,US,B,XDC,USD,N,,From March 1989 onwards: Factors Affecting Reserve Balances (H.4.1). Between November 1914 and March 1989: Bao et al (2018): 'The Federal Reserve System's weekly balance sheet since 1914'.,BIS-spliced,"From March 1989 onwards: total assets from Table 5 of the H.4.1 Statistical Release (RESPPANWW). Between November 1914 and March 1989: total resources and assets (TOTRA via Federal Reserve Economic Data - FRED). Reference: C Bao, J Chen, N Fries, A Gibson, E Paine and K Schuler (2018): 'The Federal Reserve System's weekly balance sheet since 1914', Johns Hopkins Institute for Applied Economics, Global Health and the Study of Business Enterprise Studies, Studies in Applied Economics, no 115, July, https://econpapers.repec.org/paper/risjhisae/0115.htm.",,2,9,,Monthly: Mar 1989.,Board of Governors of the Federal Reserve System; Bank for International Settlements.,5B0,"United States - Central bank, assets, total, BIS-spliced",,E,2019-12,4165.59072999,,F,A,
M,US,B,XDC,USD,N,,From March 1989 onwards: Factors Affecting Reserve Balances (H.4.1). Between November 1914 and March 1989: Bao et al (2018): 'The Federal Reserve System's weekly balance sheet since 1914'.,BIS-spliced,"From March 1989 onwards: total assets from Table 5 of the H.4.1 Statistical Release (RESPPANWW). Between November 1914 and March 1989: total resources and assets (TOTRA via Federal Reserve Economic Data - FRED). Reference: C Bao, J Chen, N Fries, A Gibson, E Paine and K Schuler (2018): 'The Federal Reserve System's weekly balance sheet since 1914', Johns Hopkins Institute for Applied Economics, Global Health and the Study of Business Enterprise Studies, Studies in Applied Economics, no 115, July, https://econpapers.repec.org/paper/risjhisae/0115.htm.",,2,9,,Monthly: Mar 1989.,Board of Governors of the Federal Reserve System; Bank for International Settlements.,5B0,"United States - Central bank, assets, total, BIS-spliced",,E,2020-01,4151.63007457,,F,A,
M,US,B,XDC,USD,N,,From March 1989 onwards: Factors Affecting Reserve Balances (H.4.1). Between November 1914 and March 1989: Bao et al (2018): 'The Federal Reserve System's weekly balance sheet since 1914'.,BIS-spliced,"From March 1989 onwards: total assets from Table 5 of the H.4.1 Statistical Release (RESPPANWW). Between November 1914 and March 1989: total resources and assets (TOTRA via Federal Reserve Economic Data - FRED). Reference: C Bao, J Chen, N Fries, A Gibson, E Paine and K Schuler (2018): 'The Federal Reserve System's weekly balance sheet since 1914', Johns Hopkins Institute for Applied Economics, Global Health and the Study of Business Enterprise Studies, Studies in Applied Economics, no 115, July, https://econpapers.repec.org/paper/risjhisae/0115.htm.",,2,9,,Monthly: Mar 1989.,Board of Governors of the Federal Reserve System; Bank for International Settlements.,5B0,"United States - Central bank, assets, total, BIS-spliced",,E,2020-02,4158.63729415,,F,A,
M,US,B,XDC,USD,N,,From March 1989 onwards: Factors Affecting Reserve Balances (H.4.1). Between November 1914 and March 1989: Bao et al (2018): 'The Federal Reserve System's weekly balance sheet since 1914'.,BIS-spliced,"From March 1989 onwards: total assets from Table 5 of the H.4.1 Statistical Release (RESPPANWW). Between November 1914 and March 1989: total resources and assets (TOTRA via Federal Reserve Economic Data - FRED). Reference: C Bao, J Chen, N Fries, A Gibson, E Paine and K Schuler (2018): 'The Federal Reserve System's weekly balance sheet since 1914', Johns Hopkins Institute for Applied Economics, Global Health and the Study of Business Enterprise Studies, Studies in Applied Economics, no 115, July, https://econpapers.repec.org/paper/risjhisae/0115.htm.",,2,9,,Monthly: Mar 1989.,Board of Governors of the Federal Reserve System; Bank for International Settlements.,5B0,"United States - Central bank, assets, total, BIS-spliced",,E,2020-03,5254.27754337,,F,A,
M,US,B,XDC,USD,N,,From March 1989 onwards: Factors Affecting Reserve Balances (H.4.1). Between November 1914 and March 1989: Bao et al (2018): 'The Federal Reserve System's weekly balance sheet since 1914'.,BIS-spliced,"From March 1989 onwards: total assets from Table 5 of the H.4.1 Statistical Release (RESPPANWW). Between November 1914 and March 1989: total resources and assets (TOTRA via Federal Reserve Economic Data - FRED). Reference: C Bao, J Chen, N Fries, A Gibson, E Paine and K Schuler (2018): 'The Federal Reserve System's weekly balance sheet since 1914', Johns Hopkins Institute for Applied Economics, Global Health and the Study of Business Enterprise Studies, Studies in Applied Economics, no 115, July, https://econpapers.repec.org/paper/risjhisae/0115.htm.",,2,9,,Monthly: Mar 1989.,Board of Governors of the Federal Reserve System; Bank for International Settlements.,5B0,"United States - Central bank, assets, total, BIS-spliced",,E,2020-04,6655.92906199,,F,A,
M,US,B,XDC,USD,N,,From March 1989 onwards: Factors Affecting Reserve Balances (H.4.1). Between November 1914 and March 1989: Bao et al (2018): 'The Federal Reserve System's weekly balance sheet since 1914'.,BIS-spliced,"From March 1989 onwards: total assets from Table 5 of the H.4.1 Statistical Release (RESPPANWW). Between November 1914 and March 1989: total resources and assets (TOTRA via Federal Reserve Economic Data - FRED). Reference: C Bao, J Chen, N Fries, A Gibson, E Paine and K Schuler (2018): 'The Federal Reserve System's weekly balance sheet since 1914', Johns Hopkins Institute for Applied Economics, Global Health and the Study of Business Enterprise Studies, Studies in Applied Economics, no 115, July, https://econpapers.repec.org/paper/risjhisae/0115.htm.",,2,9,,Monthly: Mar 1989.,Board of Governors of the Federal Reserve System; Bank for International Settlements.,5B0,"United States - Central bank, assets, total, BIS-spliced",,E,2020-05,7097.31609233,,F,A,
M,US,B,XDC,USD,N,,From March 1989 onwards: Factors Affecting Reserve Balances (H.4.1). Between November 1914 and March 1989: Bao et al (2018): 'The Federal Reserve System's weekly balance sheet since 1914'.,BIS-spliced,"From March 1989 onwards: total assets from Table 5 of the H.4.1 Statistical Release (RESPPANWW). Between November 1914 and March 1989: total resources and assets (TOTRA via Federal Reserve Economic Data - FRED). Reference: C Bao, J Chen, N Fries, A Gibson, E Paine and K Schuler (2018): 'The Federal Reserve System's weekly balance sheet since 1914', Johns Hopkins Institute for Applied Economics, Global Health and the Study of Business Enterprise Studies, Studies in Applied Economics, no 115, July, https://econpapers.repec.org/paper/risjhisae/0115.htm.",,2,9,,Monthly: Mar 1989.,Board of Governors of the Federal Reserve System; Bank for International Settlements.,5B0,"United States - Central bank, assets, total, BIS-spliced",,E,2020-06,7082.30191955,,F,A,
M,US,B,XDC,USD,N,,From March 1989 onwards: Factors Affecting Reserve Balances (H.4.1). Between November 1914 and March 1989: Bao et al (2018): 'The Federal Reserve System's weekly balance sheet since 1914'.,BIS-spliced,"From March 1989 onwards: total assets from Table 5 of the H.4.1 Statistical Release (RESPPANWW). Between November 1914 and March 1989: total resources and assets (TOTRA via Federal Reserve Economic Data - FRED). Reference: C Bao, J Chen, N Fries, A Gibson, E Paine and K Schuler (2018): 'The Federal Reserve System's weekly balance sheet since 1914', Johns Hopkins Institute for Applied Economics, Global Health and the Study of Business Enterprise Studies, Studies in Applied Economics, no 115, July, https://econpapers.repec.org/paper/risjhisae/0115.htm.",,2,9,,Monthly: Mar 1989.,Board of Governors of the Federal Reserve System; Bank for International Settlements.,5B0,"United States - Central bank, assets, total, BIS-spliced",,E,2020-07,6949.03242347,,F,A,
M,US,B,XDC,USD,N,,From March 1989 onwards: Factors Affecting Reserve Balances (H.4.1). Between November 1914 and March 1989: Bao et al (2018): 'The Federal Reserve System's weekly balance sheet since 1914'.,BIS-spliced,"From March 1989 onwards: total assets from Table 5 of the H.4.1 Statistical Release (RESPPANWW). Between November 1914 and March 1989: total resources and assets (TOTRA via Federal Reserve Economic Data - FRED). Reference: C Bao, J Chen, N Fries, A Gibson, E Paine and K Schuler (2018): 'The Federal Reserve System's weekly balance sheet since 1914', Johns Hopkins Institute for Applied Economics, Global Health and the Study of Business Enterprise Studies, Studies in Applied Economics, no 115, July, https://econpapers.repec.org/paper/risjhisae/0115.htm.",,2,9,,Monthly: Mar 1989.,Board of Governors of the Federal Reserve System; Bank for International Settlements.,5B0,"United States - Central bank, assets, total, BIS-spliced",,E,2020-08,6990.41776357,,F,A,
M,US,B,XDC,USD,N,,From March 1989 onwards: Factors Affecting Reserve Balances (H.4.1). Between November 1914 and March 1989: Bao et al (2018): 'The Federal Reserve System's weekly balance sheet since 1914'.,BIS-spliced,"From March 1989 onwards: total assets from Table 5 of the H.4.1 Statistical Release (RESPPANWW). Between November 1914 and March 1989: total resources and assets (TOTRA via Federal Reserve Economic Data - FRED). Reference: C Bao, J Chen, N Fries, A Gibson, E Paine and K Schuler (2018): 'The Federal Reserve System's weekly balance sheet since 1914', Johns Hopkins Institute for Applied Economics, Global Health and the Study of Business Enterprise Studies, Studies in Applied Economics, no 115, July, https://econpapers.repec.org/paper/risjhisae/0115.htm.",,2,9,,Monthly: Mar 1989.,Board of Governors of the Federal Reserve System; Bank for International Settlements.,5B0,"United States - Central bank, assets, total, BIS-spliced",,E,2020-09,7056.12869207,,F,A,
M,US,B,XDC,USD,N,,From March 1989 onwards: Factors Affecting Reserve Balances (H.4.1). Between November 1914 and March 1989: Bao et al (2018): 'The Federal Reserve System's weekly balance sheet since 1914'.,BIS-spliced,"From March 1989 onwards: total assets from Table 5 of the H.4.1 Statistical Release (RESPPANWW). Between November 1914 and March 1989: total resources and assets (TOTRA via Federal Reserve Economic Data - FRED). Reference: C Bao, J Chen, N Fries, A Gibson, E Paine and K Schuler (2018): 'The Federal Reserve System's weekly balance sheet since 1914', Johns Hopkins Institute for Applied Economics, Global Health and the Study of Business Enterprise Studies, Studies in Applied Economics, no 115, July, https://econpapers.repec.org/paper/risjhisae/0115.htm.",,2,9,,Monthly: Mar 1989.,Board of Governors of the Federal Reserve System; Bank for International Settlements.,5B0,"United States - Central bank, assets, total, BIS-spliced",,E,2020-10,7146.30555834,,F,A,
M,US,B,XDC,USD,N,,From March 1989 onwards: Factors Affecting Reserve Balances (H.4.1). Between November 1914 and March 1989: Bao et al (2018): 'The Federal Reserve System's weekly balance sheet since 1914'.,BIS-spliced,"From March 1989 onwards: total assets from Table 5 of the H.4.1 Statistical Release (RESPPANWW). Between November 1914 and March 1989: total resources and assets (TOTRA via Federal Reserve Economic Data - FRED). Reference: C Bao, J Chen, N Fries, A Gibson, E Paine and K Schuler (2018): 'The Federal Reserve System's weekly balance sheet since 1914', Johns Hopkins Institute for Applied Economics, Global Health and the Study of Business Enterprise Studies, Studies in Applied Economics, no 115, July, https://econpapers.repec.org/paper/risjhisae/0115.htm.",,2,9,,Monthly: Mar 1989.,Board of Governors of the Federal Reserve System; Bank for International Settlements.,5B0,"United States - Central bank, assets, total, BIS-spliced",,E,2020-11,7216.48040048,,F,A,
M,US,B,XDC,USD,N,,From March 1989 onwards: Factors Affecting Reserve Balances (H.4.1). Between November 1914 and March 1989: Bao et al (2018): 'The Federal Reserve System's weekly balance sheet since 1914'.,BIS-spliced,"From March 1989 onwards: total assets from Table 5 of the H.4.1 Statistical Release (RESPPANWW). Between November 1914 and March 1989: total resources and assets (TOTRA via Federal Reserve Economic Data - FRED). Reference: C Bao, J Chen, N Fries, A Gibson, E Paine and K Schuler (2018): 'The Federal Reserve System's weekly balance sheet since 1914', Johns Hopkins Institute for Applied Economics, Global Health and the Study of Business Enterprise Studies, Studies in Applied Economics, no 115, July, https://econpapers.repec.org/paper/risjhisae/0115.htm.",,2,9,,Monthly: Mar 1989.,Board of Governors of the Federal Reserve System; Bank for International Settlements.,5B0,"United States - Central bank, assets, total, BIS-spliced",,E,2020-12,7363.35105708,,F,A,
M,US,B,XDC,USD,N,,From March 1989 onwards: Factors Affecting Reserve Balances (H.4.1). Between November 1914 and March 1989: Bao et al (2018): 'The Federal Reserve System's weekly balance sheet since 1914'.,BIS-spliced,"From March 1989 onwards: total assets from Table 5 of the H.4.1 Statistical Release (RESPPANWW). Between November 1914 and March 1989: total resources and assets (TOTRA via Federal Reserve Economic Data - FRED). Reference: C Bao, J Chen, N Fries, A Gibson, E Paine and K Schuler (2018): 'The Federal Reserve System's weekly balance sheet since 1914', Johns Hopkins Institute for Applied Economics, Global Health and the Study of Business Enterprise Studies, Studies in Applied Economics, no 115, July, https://econpapers.repec.org/paper/risjhisae/0115.htm.",,2,9,,Monthly: Mar 1989.,Board of Governors of the Federal Reserve System; Bank for International Settlements.,5B0,"United States - Central bank, assets, total, BIS-spliced",,E,2021-01,7404.92642803,,F,A,
M,US,B,XDC,USD,N,,From March 1989 onwards: Factors Affecting Reserve Balances (H.4.1). Between November 1914 and March 1989: Bao et al (2018): 'The Federal Reserve System's weekly balance sheet since 1914'.,BIS-spliced,"From March 1989 onwards: total assets from Table 5 of the H.4.1 Statistical Release (RESPPANWW). Between November 1914 and March 1989: total resources and assets (TOTRA via Federal Reserve Economic Data - FRED). Reference: C Bao, J Chen, N Fries, A Gibson, E Paine and K Schuler (2018): 'The Federal Reserve System's weekly balance sheet since 1914', Johns Hopkins Institute for Applied Economics, Global Health and the Study of Business Enterprise Studies, Studies in Applied Economics, no 115, July, https://econpapers.repec.org/paper/risjhisae/0115.htm.",,2,9,,Monthly: Mar 1989.,Board of Governors of the Federal Reserve System; Bank for International Settlements.,5B0,"United States - Central bank, assets, total, BIS-spliced",,E,2021-02,7590.11137144,,F,A,
M,US,B,XDC,USD,N,,From March 1989 onwards: Factors Affecting Reserve Balances (H.4.1). Between November 1914 and March 1989: Bao et al (2018): 'The Federal Reserve System's weekly balance sheet since 1914'.,BIS-spliced,"From March 1989 onwards: total assets from Table 5 of the H.4.1 Statistical Release (RESPPANWW). Between November 1914 and March 1989: total resources and assets (TOTRA via Federal Reserve Economic Data - FRED). Reference: C Bao, J Chen, N Fries, A Gibson, E Paine and K Schuler (2018): 'The Federal Reserve System's weekly balance sheet since 1914', Johns Hopkins Institute for Applied Economics, Global Health and the Study of Business Enterprise Studies, Studies in Applied Economics, no 115, July, https://econpapers.repec.org/paper/risjhisae/0115.htm.",,2,9,,Monthly: Mar 1989.,Board of Governors of the Federal Reserve System; Bank for International Settlements.,5B0,"United States - Central bank, assets, total, BIS-spliced",,E,2021-03,7688.98828699,,F,A,
M,US,B,XDC,USD,N,,From March 1989 onwards: Factors Affecting Reserve Balances (H.4.1). Between November 1914 and March 1989: Bao et al (2018): 'The Federal Reserve System's weekly balance sheet since 1914'.,BIS-spliced,"From March 1989 onwards: total assets from Table 5 of the H.4.1 Statistical Release (RESPPANWW). Between November 1914 and March 1989: total resources and assets (TOTRA via Federal Reserve Economic Data - FRED). Reference: C Bao, J Chen, N Fries, A Gibson, E Paine and K Schuler (2018): 'The Federal Reserve System's weekly balance sheet since 1914', Johns Hopkins Institute for Applied Economics, Global Health and the Study of Business Enterprise Studies, Studies in Applied Economics, no 115, July, https://econpapers.repec.org/paper/risjhisae/0115.htm.",,2,9,,Monthly: Mar 1989.,Board of Governors of the Federal Reserve System; Bank for International Settlements.,5B0,"United States - Central bank, assets, total, BIS-spliced",,E,2021-04,7780.96159586,,F,A,
M,US,B,XDC,USD,N,,From March 1989 onwards: Factors Affecting Reserve Balances (H.4.1). Between November 1914 and March 1989: Bao et al (2018): 'The Federal Reserve System's weekly balance sheet since 1914'.,BIS-spliced,"From March 1989 onwards: total assets from Table 5 of the H.4.1 Statistical Release (RESPPANWW). Between November 1914 and March 1989: total resources and assets (TOTRA via Federal Reserve Economic Data - FRED). Reference: C Bao, J Chen, N Fries, A Gibson, E Paine and K Schuler (2018): 'The Federal Reserve System's weekly balance sheet since 1914', Johns Hopkins Institute for Applied Economics, Global Health and the Study of Business Enterprise Studies, Studies in Applied Economics, no 115, July, https://econpapers.repec.org/paper/risjhisae/0115.htm.",,2,9,,Monthly: Mar 1989.,Board of Governors of the Federal Reserve System; Bank for International Settlements.,5B0,"United States - Central bank, assets, total, BIS-spliced",,E,2021-05,7903.54136803,,F,A,
M,US,B,XDC,USD,N,,From March 1989 onwards: Factors Affecting Reserve Balances (H.4.1). Between November 1914 and March 1989: Bao et al (2018): 'The Federal Reserve System's weekly balance sheet since 1914'.,BIS-spliced,"From March 1989 onwards: total assets from Table 5 of the H.4.1 Statistical Release (RESPPANWW). Between November 1914 and March 1989: total resources and assets (TOTRA via Federal Reserve Economic Data - FRED). Reference: C Bao, J Chen, N Fries, A Gibson, E Paine and K Schuler (2018): 'The Federal Reserve System's weekly balance sheet since 1914', Johns Hopkins Institute for Applied Economics, Global Health and the Study of Business Enterprise Studies, Studies in Applied Economics, no 115, July, https://econpapers.repec.org/paper/risjhisae/0115.htm.",,2,9,,Monthly: Mar 1989.,Board of Governors of the Federal Reserve System; Bank for International Settlements.,5B0,"United States - Central bank, assets, total, BIS-spliced",,E,2021-06,8078.54399044,,F,A,
M,US,B,XDC,USD,N,,From March 1989 onwards: Factors Affecting Reserve Balances (H.4.1). Between November 1914 and March 1989: Bao et al (2018): 'The Federal Reserve System's weekly balance sheet since 1914'.,BIS-spliced,"From March 1989 onwards: total assets from Table 5 of the H.4.1 Statistical Release (RESPPANWW). Between November 1914 and March 1989: total resources and assets (TOTRA via Federal Reserve Economic Data - FRED). Reference: C Bao, J Chen, N Fries, A Gibson, E Paine and K Schuler (2018): 'The Federal Reserve System's weekly balance sheet since 1914', Johns Hopkins Institute for Applied Economics, Global Health and the Study of Business Enterprise Studies, Studies in Applied Economics, no 115, July, https://econpapers.repec.org/paper/risjhisae/0115.htm.",,2,9,,Monthly: Mar 1989.,Board of Governors of the Federal Reserve System; Bank for International Settlements.,5B0,"United States - Central bank, assets, total, BIS-spliced",,E,2021-07,8221.47338128,,F,A,
M,US,B,XDC,USD,N,,From March 1989 onwards: Factors Affecting Reserve Balances (H.4.1). Between November 1914 and March 1989: Bao et al (2018): 'The Federal Reserve System's weekly balance sheet since 1914'.,BIS-spliced,"From March 1989 onwards: total assets from Table 5 of the H.4.1 Statistical Release (RESPPANWW). Between November 1914 and March 1989: total resources and assets (TOTRA via Federal Reserve Economic Data - FRED). Reference: C Bao, J Chen, N Fries, A Gibson, E Paine and K Schuler (2018): 'The Federal Reserve System's weekly balance sheet since 1914', Johns Hopkins Institute for Applied Economics, Global Health and the Study of Business Enterprise Studies, Studies in Applied Economics, no 115, July, https://econpapers.repec.org/paper/risjhisae/0115.htm.",,2,9,,Monthly: Mar 1989.,Board of Governors of the Federal Reserve System; Bank for International Settlements.,5B0,"United States - Central bank, assets, total, BIS-spliced",,E,2021-08,8332.74287871,,F,A,
M,US,B,XDC,USD,N,,From March 1989 onwards: Factors Affecting Reserve Balances (H.4.1). Between November 1914 and March 1989: Bao et al (2018): 'The Federal Reserve System's weekly balance sheet since 1914'.,BIS-spliced,"From March 1989 onwards: total assets from Table 5 of the H.4.1 Statistical Release (RESPPANWW). Between November 1914 and March 1989: total resources and assets (TOTRA via Federal Reserve Economic Data - FRED). Reference: C Bao, J Chen, N Fries, A Gibson, E Paine and K Schuler (2018): 'The Federal Reserve System's weekly balance sheet since 1914', Johns Hopkins Institute for Applied Economics, Global Health and the Study of Business Enterprise Studies, Studies in Applied Economics, no 115, July, https://econpapers.repec.org/paper/risjhisae/0115.htm.",,2,9,,Monthly: Mar 1989.,Board of Governors of the Federal Reserve System; Bank for International Settlements.,5B0,"United States - Central bank, assets, total, BIS-spliced",,E,2021-09,8447.98088068,,F,A,
M,US,B,XDC,USD,N,,From March 1989 onwards: Factors Affecting Reserve Balances (H.4.1). Between November 1914 and March 1989: Bao et al (2018): 'The Federal Reserve System's weekly balance sheet since 1914'.,BIS-spliced,"From March 1989 onwards: total assets from Table 5 of the H.4.1 Statistical Release (RESPPANWW). Between November 1914 and March 1989: total resources and assets (TOTRA via Federal Reserve Economic Data - FRED). Reference: C Bao, J Chen, N Fries, A Gibson, E Paine and K Schuler (2018): 'The Federal Reserve System's weekly balance sheet since 1914', Johns Hopkins Institute for Applied Economics, Global Health and the Study of Business Enterprise Studies, Studies in Applied Economics, no 115, July, https://econpapers.repec.org/paper/risjhisae/0115.htm.",,2,9,,Monthly: Mar 1989.,Board of Governors of the Federal Reserve System; Bank for International Settlements.,5B0,"United States - Central bank, assets, total, BIS-spliced",,E,2021-10,8556.18067609,,F,A,
M,US,B,XDC,USD,N,,From March 1989 onwards: Factors Affecting Reserve Balances (H.4.1). Between November 1914 and March 1989: Bao et al (2018): 'The Federal Reserve System's weekly balance sheet since 1914'.,BIS-spliced,"From March 1989 onwards: total assets from Table 5 of the H.4.1 Statistical Release (RESPPANWW). Between November 1914 and March 1989: total resources and assets (TOTRA via Federal Reserve Economic Data - FRED). Reference: C Bao, J Chen, N Fries, A Gibson, E Paine and K Schuler (2018): 'The Federal Reserve System's weekly balance sheet since 1914', Johns Hopkins Institute for Applied Economics, Global Health and the Study of Business Enterprise Studies, Studies in Applied Economics, no 115, July, https://econpapers.repec.org/paper/risjhisae/0115.htm.",,2,9,,Monthly: Mar 1989.,Board of Governors of the Federal Reserve System; Bank for International Settlements.,5B0,"United States - Central bank, assets, total, BIS-spliced",,E,2021-11,8681.77095825,,F,A,
M,US,B,XDC,USD,N,,From March 1989 onwards: Factors Affecting Reserve Balances (H.4.1). Between November 1914 and March 1989: Bao et al (2018): 'The Federal Reserve System's weekly balance sheet since 1914'.,BIS-spliced,"From March 1989 onwards: total assets from Table 5 of the H.4.1 Statistical Release (RESPPANWW). Between November 1914 and March 1989: total resources and assets (TOTRA via Federal Reserve Economic Data - FRED). Reference: C Bao, J Chen, N Fries, A Gibson, E Paine and K Schuler (2018): 'The Federal Reserve System's weekly balance sheet since 1914', Johns Hopkins Institute for Applied Economics, Global Health and the Study of Business Enterprise Studies, Studies in Applied Economics, no 115, July, https://econpapers.repec.org/paper/risjhisae/0115.htm.",,2,9,,Monthly: Mar 1989.,Board of Governors of the Federal Reserve System; Bank for International Settlements.,5B0,"United States - Central bank, assets, total, BIS-spliced",,E,2021-12,8757.45977865,,F,A,
M,US,B,XDC,USD,N,,From March 1989 onwards: Factors Affecting Reserve Balances (H.4.1). Between November 1914 and March 1989: Bao et al (2018): 'The Federal Reserve System's weekly balance sheet since 1914'.,BIS-spliced,"From March 1989 onwards: total assets from Table 5 of the H.4.1 Statistical Release (RESPPANWW). Between November 1914 and March 1989: total resources and assets (TOTRA via Federal Reserve Economic Data - FRED). Reference: C Bao, J Chen, N Fries, A Gibson, E Paine and K Schuler (2018): 'The Federal Reserve System's weekly balance sheet since 1914', Johns Hopkins Institute for Applied Economics, Global Health and the Study of Business Enterprise Studies, Studies in Applied Economics, no 115, July, https://econpapers.repec.org/paper/risjhisae/0115.htm.",,2,9,,Monthly: Mar 1989.,Board of Governors of the Federal Reserve System; Bank for International Settlements.,5B0,"United States - Central bank, assets, total, BIS-spliced",,E,2022-01,8860.4851512,,F,A,
M,US,B,XDC,USD,N,,From March 1989 onwards: Factors Affecting Reserve Balances (H.4.1). Between November 1914 and March 1989: Bao et al (2018): 'The Federal Reserve System's weekly balance sheet since 1914'.,BIS-spliced,"From March 1989 onwards: total assets from Table 5 of the H.4.1 Statistical Release (RESPPANWW). Between November 1914 and March 1989: total resources and assets (TOTRA via Federal Reserve Economic Data - FRED). Reference: C Bao, J Chen, N Fries, A Gibson, E Paine and K Schuler (2018): 'The Federal Reserve System's weekly balance sheet since 1914', Johns Hopkins Institute for Applied Economics, Global Health and the Study of Business Enterprise Studies, Studies in Applied Economics, no 115, July, https://econpapers.repec.org/paper/risjhisae/0115.htm.",,2,9,,Monthly: Mar 1989.,Board of Governors of the Federal Reserve System; Bank for International Settlements.,5B0,"United States - Central bank, assets, total, BIS-spliced",,E,2022-02,8928.12865293,,F,A,
M,US,B,XDC,USD,N,,From March 1989 onwards: Factors Affecting Reserve Balances (H.4.1). Between November 1914 and March 1989: Bao et al (2018): 'The Federal Reserve System's weekly balance sheet since 1914'.,BIS-spliced,"From March 1989 onwards: total assets from Table 5 of the H.4.1 Statistical Release (RESPPANWW). Between November 1914 and March 1989: total resources and assets (TOTRA via Federal Reserve Economic Data - FRED). Reference: C Bao, J Chen, N Fries, A Gibson, E Paine and K Schuler (2018): 'The Federal Reserve System's weekly balance sheet since 1914', Johns Hopkins Institute for Applied Economics, Global Health and the Study of Business Enterprise Studies, Studies in Applied Economics, no 115, July, https://econpapers.repec.org/paper/risjhisae/0115.htm.",,2,9,,Monthly: Mar 1989.,Board of Governors of the Federal Reserve System; Bank for International Settlements.,5B0,"United States - Central bank, assets, total, BIS-spliced",,E,2022-03,8937.14245007,,F,A,
M,US,B,XDC,USD,N,,From March 1989 onwards: Factors Affecting Reserve Balances (H.4.1). Between November 1914 and March 1989: Bao et al (2018): 'The Federal Reserve System's weekly balance sheet since 1914'.,BIS-spliced,"From March 1989 onwards: total assets from Table 5 of the H.4.1 Statistical Release (RESPPANWW). Between November 1914 and March 1989: total resources and assets (TOTRA via Federal Reserve Economic Data - FRED). Reference: C Bao, J Chen, N Fries, A Gibson, E Paine and K Schuler (2018): 'The Federal Reserve System's weekly balance sheet since 1914', Johns Hopkins Institute for Applied Economics, Global Health and the Study of Business Enterprise Studies, Studies in Applied Economics, no 115, July, https://econpapers.repec.org/paper/risjhisae/0115.htm.",,2,9,,Monthly: Mar 1989.,Board of Governors of the Federal Reserve System; Bank for International Settlements.,5B0,"United States - Central bank, assets, total, BIS-spliced",,E,2022-04,8939.19874318,,F,A,
M,US,B,XDC,USD,N,,From March 1989 onwards: Factors Affecting Reserve Balances (H.4.1). Between November 1914 and March 1989: Bao et al (2018): 'The Federal Reserve System's weekly balance sheet since 1914'.,BIS-spliced,"From March 1989 onwards: total assets from Table 5 of the H.4.1 Statistical Release (RESPPANWW). Between November 1914 and March 1989: total resources and assets (TOTRA via Federal Reserve Economic Data - FRED). Reference: C Bao, J Chen, N Fries, A Gibson, E Paine and K Schuler (2018): 'The Federal Reserve System's weekly balance sheet since 1914', Johns Hopkins Institute for Applied Economics, Global Health and the Study of Business Enterprise Studies, Studies in Applied Economics, no 115, July, https://econpapers.repec.org/paper/risjhisae/0115.htm.",,2,9,,Monthly: Mar 1989.,Board of Governors of the Federal Reserve System; Bank for International Settlements.,5B0,"United States - Central bank, assets, total, BIS-spliced",,E,2022-05,8914.28129938,,F,A,
M,US,B,XDC,USD,N,,From March 1989 onwards: Factors Affecting Reserve Balances (H.4.1). Between November 1914 and March 1989: Bao et al (2018): 'The Federal Reserve System's weekly balance sheet since 1914'.,BIS-spliced,"From March 1989 onwards: total assets from Table 5 of the H.4.1 Statistical Release (RESPPANWW). Between November 1914 and March 1989: total resources and assets (TOTRA via Federal Reserve Economic Data - FRED). Reference: C Bao, J Chen, N Fries, A Gibson, E Paine and K Schuler (2018): 'The Federal Reserve System's weekly balance sheet since 1914', Johns Hopkins Institute for Applied Economics, Global Health and the Study of Business Enterprise Studies, Studies in Applied Economics, no 115, July, https://econpapers.repec.org/paper/risjhisae/0115.htm.",,2,9,,Monthly: Mar 1989.,Board of Governors of the Federal Reserve System; Bank for International Settlements.,5B0,"United States - Central bank, assets, total, BIS-spliced",,E,2022-06,8913.55314695,,F,A,
M,US,B,XDC,USD,N,,From March 1989 onwards: Factors Affecting Reserve Balances (H.4.1). Between November 1914 and March 1989: Bao et al (2018): 'The Federal Reserve System's weekly balance sheet since 1914'.,BIS-spliced,"From March 1989 onwards: total assets from Table 5 of the H.4.1 Statistical Release (RESPPANWW). Between November 1914 and March 1989: total resources and assets (TOTRA via Federal Reserve Economic Data - FRED). Reference: C Bao, J Chen, N Fries, A Gibson, E Paine and K Schuler (2018): 'The Federal Reserve System's weekly balance sheet since 1914', Johns Hopkins Institute for Applied Economics, Global Health and the Study of Business Enterprise Studies, Studies in Applied Economics, no 115, July, https://econpapers.repec.org/paper/risjhisae/0115.htm.",,2,9,,Monthly: Mar 1989.,Board of Governors of the Federal Reserve System; Bank for International Settlements.,5B0,"United States - Central bank, assets, total, BIS-spliced",,E,2022-07,8890.00393592,,F,A,
M,US,B,XDC,USD,N,,From March 1989 onwards: Factors Affecting Reserve Balances (H.4.1). Between November 1914 and March 1989: Bao et al (2018): 'The Federal Reserve System's weekly balance sheet since 1914'.,BIS-spliced,"From March 1989 onwards: total assets from Table 5 of the H.4.1 Statistical Release (RESPPANWW). Between November 1914 and March 1989: total resources and assets (TOTRA via Federal Reserve Economic Data - FRED). Reference: C Bao, J Chen, N Fries, A Gibson, E Paine and K Schuler (2018): 'The Federal Reserve System's weekly balance sheet since 1914', Johns Hopkins Institute for Applied Economics, Global Health and the Study of Business Enterprise Studies, Studies in Applied Economics, no 115, July, https://econpapers.repec.org/paper/risjhisae/0115.htm.",,2,9,,Monthly: Mar 1989.,Board of Governors of the Federal Reserve System; Bank for International Settlements.,5B0,"United States - Central bank, assets, total, BIS-spliced",,E,2022-08,8826.09288985,,F,A,
M,US,B,XDC,USD,N,,From March 1989 onwards: Factors Affecting Reserve Balances (H.4.1). Between November 1914 and March 1989: Bao et al (2018): 'The Federal Reserve System's weekly balance sheet since 1914'.,BIS-spliced,"From March 1989 onwards: total assets from Table 5 of the H.4.1 Statistical Release (RESPPANWW). Between November 1914 and March 1989: total resources and assets (TOTRA via Federal Reserve Economic Data - FRED). Reference: C Bao, J Chen, N Fries, A Gibson, E Paine and K Schuler (2018): 'The Federal Reserve System's weekly balance sheet since 1914', Johns Hopkins Institute for Applied Economics, Global Health and the Study of Business Enterprise Studies, Studies in Applied Economics, no 115, July, https://econpapers.repec.org/paper/risjhisae/0115.htm.",,2,9,,Monthly: Mar 1989.,Board of Governors of the Federal Reserve System; Bank for International Settlements.,5B0,"United States - Central bank, assets, total, BIS-spliced",,E,2022-09,8795.5671731,,F,A,
M,US,B,XDC,USD,N,,From March 1989 onwards: Factors Affecting Reserve Balances (H.4.1). Between November 1914 and March 1989: Bao et al (2018): 'The Federal Reserve System's weekly balance sheet since 1914'.,BIS-spliced,"From March 1989 onwards: total assets from Table 5 of the H.4.1 Statistical Release (RESPPANWW). Between November 1914 and March 1989: total resources and assets (TOTRA via Federal Reserve Economic Data - FRED). Reference: C Bao, J Chen, N Fries, A Gibson, E Paine and K Schuler (2018): 'The Federal Reserve System's weekly balance sheet since 1914', Johns Hopkins Institute for Applied Economics, Global Health and the Study of Business Enterprise Studies, Studies in Applied Economics, no 115, July, https://econpapers.repec.org/paper/risjhisae/0115.htm.",,2,9,,Monthly: Mar 1989.,Board of Governors of the Federal Reserve System; Bank for International Settlements.,5B0,"United States - Central bank, assets, total, BIS-spliced",,E,2022-10,8723.09007256,,F,A,
M,US,B,XDC,USD,N,,From March 1989 onwards: Factors Affecting Reserve Balances (H.4.1). Between November 1914 and March 1989: Bao et al (2018): 'The Federal Reserve System's weekly balance sheet since 1914'.,BIS-spliced,"From March 1989 onwards: total assets from Table 5 of the H.4.1 Statistical Release (RESPPANWW). Between November 1914 and March 1989: total resources and assets (TOTRA via Federal Reserve Economic Data - FRED). Reference: C Bao, J Chen, N Fries, A Gibson, E Paine and K Schuler (2018): 'The Federal Reserve System's weekly balance sheet since 1914', Johns Hopkins Institute for Applied Economics, Global Health and the Study of Business Enterprise Studies, Studies in Applied Economics, no 115, July, https://econpapers.repec.org/paper/risjhisae/0115.htm.",,2,9,,Monthly: Mar 1989.,Board of Governors of the Federal Reserve System; Bank for International Settlements.,5B0,"United States - Central bank, assets, total, BIS-spliced",,E,2022-11,8584.57630532,,F,A,
M,US,B,XDC,USD,N,,From March 1989 onwards: Factors Affecting Reserve Balances (H.4.1). Between November 1914 and March 1989: Bao et al (2018): 'The Federal Reserve System's weekly balance sheet since 1914'.,BIS-spliced,"From March 1989 onwards: total assets from Table 5 of the H.4.1 Statistical Release (RESPPANWW). Between November 1914 and March 1989: total resources and assets (TOTRA via Federal Reserve Economic Data - FRED). Reference: C Bao, J Chen, N Fries, A Gibson, E Paine and K Schuler (2018): 'The Federal Reserve System's weekly balance sheet since 1914', Johns Hopkins Institute for Applied Economics, Global Health and the Study of Business Enterprise Studies, Studies in Applied Economics, no 115, July, https://econpapers.repec.org/paper/risjhisae/0115.htm.",,2,9,,Monthly: Mar 1989.,Board of Governors of the Federal Reserve System; Bank for International Settlements.,5B0,"United States - Central bank, assets, total, BIS-spliced",,E,2022-12,8551.16891225,,F,A,
M,US,B,XDC,USD,N,,From March 1989 onwards: Factors Affecting Reserve Balances (H.4.1). Between November 1914 and March 1989: Bao et al (2018): 'The Federal Reserve System's weekly balance sheet since 1914'.,BIS-spliced,"From March 1989 onwards: total assets from Table 5 of the H.4.1 Statistical Release (RESPPANWW). Between November 1914 and March 1989: total resources and assets (TOTRA via Federal Reserve Economic Data - FRED). Reference: C Bao, J Chen, N Fries, A Gibson, E Paine and K Schuler (2018): 'The Federal Reserve System's weekly balance sheet since 1914', Johns Hopkins Institute for Applied Economics, Global Health and the Study of Business Enterprise Studies, Studies in Applied Economics, no 115, July, https://econpapers.repec.org/paper/risjhisae/0115.htm.",,2,9,,Monthly: Mar 1989.,Board of Governors of the Federal Reserve System; Bank for International Settlements.,5B0,"United States - Central bank, assets, total, BIS-spliced",,E,2023-01,8470.55678069,,F,A,
M,US,B,XDC,USD,N,,From March 1989 onwards: Factors Affecting Reserve Balances (H.4.1). Between November 1914 and March 1989: Bao et al (2018): 'The Federal Reserve System's weekly balance sheet since 1914'.,BIS-spliced,"From March 1989 onwards: total assets from Table 5 of the H.4.1 Statistical Release (RESPPANWW). Between November 1914 and March 1989: total resources and assets (TOTRA via Federal Reserve Economic Data - FRED). Reference: C Bao, J Chen, N Fries, A Gibson, E Paine and K Schuler (2018): 'The Federal Reserve System's weekly balance sheet since 1914', Johns Hopkins Institute for Applied Economics, Global Health and the Study of Business Enterprise Studies, Studies in Applied Economics, no 115, July, https://econpapers.repec.org/paper/risjhisae/0115.htm.",,2,9,,Monthly: Mar 1989.,Board of Governors of the Federal Reserve System; Bank for International Settlements.,5B0,"United States - Central bank, assets, total, BIS-spliced",,E,2023-02,8382.18971663,,F,A,
M,US,B,XDC,USD,N,,From March 1989 onwards: Factors Affecting Reserve Balances (H.4.1). Between November 1914 and March 1989: Bao et al (2018): 'The Federal Reserve System's weekly balance sheet since 1914'.,BIS-spliced,"From March 1989 onwards: total assets from Table 5 of the H.4.1 Statistical Release (RESPPANWW). Between November 1914 and March 1989: total resources and assets (TOTRA via Federal Reserve Economic Data - FRED). Reference: C Bao, J Chen, N Fries, A Gibson, E Paine and K Schuler (2018): 'The Federal Reserve System's weekly balance sheet since 1914', Johns Hopkins Institute for Applied Economics, Global Health and the Study of Business Enterprise Studies, Studies in Applied Economics, no 115, July, https://econpapers.repec.org/paper/risjhisae/0115.htm.",,2,9,,Monthly: Mar 1989.,Board of Governors of the Federal Reserve System; Bank for International Settlements.,5B0,"United States - Central bank, assets, total, BIS-spliced",,E,2023-03,8705.9417338,,F,A,
M,US,B,XDC,USD,N,,From March 1989 onwards: Factors Affecting Reserve Balances (H.4.1). Between November 1914 and March 1989: Bao et al (2018): 'The Federal Reserve System's weekly balance sheet since 1914'.,BIS-spliced,"From March 1989 onwards: total assets from Table 5 of the H.4.1 Statistical Release (RESPPANWW). Between November 1914 and March 1989: total resources and assets (TOTRA via Federal Reserve Economic Data - FRED). Reference: C Bao, J Chen, N Fries, A Gibson, E Paine and K Schuler (2018): 'The Federal Reserve System's weekly balance sheet since 1914', Johns Hopkins Institute for Applied Economics, Global Health and the Study of Business Enterprise Studies, Studies in Applied Economics, no 115, July, https://econpapers.repec.org/paper/risjhisae/0115.htm.",,2,9,,Monthly: Mar 1989.,Board of Governors of the Federal Reserve System; Bank for International Settlements.,5B0,"United States - Central bank, assets, total, BIS-spliced",,E,2023-04,8562.76781006,,F,A,
M,US,B,XDC,USD,N,,From March 1989 onwards: Factors Affecting Reserve Balances (H.4.1). Between November 1914 and March 1989: Bao et al (2018): 'The Federal Reserve System's weekly balance sheet since 1914'.,BIS-spliced,"From March 1989 onwards: total assets from Table 5 of the H.4.1 Statistical Release (RESPPANWW). Between November 1914 and March 1989: total resources and assets (TOTRA via Federal Reserve Economic Data - FRED). Reference: C Bao, J Chen, N Fries, A Gibson, E Paine and K Schuler (2018): 'The Federal Reserve System's weekly balance sheet since 1914', Johns Hopkins Institute for Applied Economics, Global Health and the Study of Business Enterprise Studies, Studies in Applied Economics, no 115, July, https://econpapers.repec.org/paper/risjhisae/0115.htm.",,2,9,,Monthly: Mar 1989.,Board of Governors of the Federal Reserve System; Bank for International Settlements.,5B0,"United States - Central bank, assets, total, BIS-spliced",,E,2023-05,8385.85386725,,F,A,
M,US,B,XDC,USD,N,,From March 1989 onwards: Factors Affecting Reserve Balances (H.4.1). Between November 1914 and March 1989: Bao et al (2018): 'The Federal Reserve System's weekly balance sheet since 1914'.,BIS-spliced,"From March 1989 onwards: total assets from Table 5 of the H.4.1 Statistical Release (RESPPANWW). Between November 1914 and March 1989: total resources and assets (TOTRA via Federal Reserve Economic Data - FRED). Reference: C Bao, J Chen, N Fries, A Gibson, E Paine and K Schuler (2018): 'The Federal Reserve System's weekly balance sheet since 1914', Johns Hopkins Institute for Applied Economics, Global Health and the Study of Business Enterprise Studies, Studies in Applied Economics, no 115, July, https://econpapers.repec.org/paper/risjhisae/0115.htm.",,2,9,,Monthly: Mar 1989.,Board of Governors of the Federal Reserve System; Bank for International Settlements.,5B0,"United States - Central bank, assets, total, BIS-spliced",,E,2023-06,8340.91394329,,F,A,
M,US,B,XDC,USD,N,,From March 1989 onwards: Factors Affecting Reserve Balances (H.4.1). Between November 1914 and March 1989: Bao et al (2018): 'The Federal Reserve System's weekly balance sheet since 1914'.,BIS-spliced,"From March 1989 onwards: total assets from Table 5 of the H.4.1 Statistical Release (RESPPANWW). Between November 1914 and March 1989: total resources and assets (TOTRA via Federal Reserve Economic Data - FRED). Reference: C Bao, J Chen, N Fries, A Gibson, E Paine and K Schuler (2018): 'The Federal Reserve System's weekly balance sheet since 1914', Johns Hopkins Institute for Applied Economics, Global Health and the Study of Business Enterprise Studies, Studies in Applied Economics, no 115, July, https://econpapers.repec.org/paper/risjhisae/0115.htm.",,2,9,,Monthly: Mar 1989.,Board of Governors of the Federal Reserve System; Bank for International Settlements.,5B0,"United States - Central bank, assets, total, BIS-spliced",,E,2023-07,8243.34442228,,F,A,
M,US,B,XDC,USD,N,,From March 1989 onwards: Factors Affecting Reserve Balances (H.4.1). Between November 1914 and March 1989: Bao et al (2018): 'The Federal Reserve System's weekly balance sheet since 1914'.,BIS-spliced,"From March 1989 onwards: total assets from Table 5 of the H.4.1 Statistical Release (RESPPANWW). Between November 1914 and March 1989: total resources and assets (TOTRA via Federal Reserve Economic Data - FRED). Reference: C Bao, J Chen, N Fries, A Gibson, E Paine and K Schuler (2018): 'The Federal Reserve System's weekly balance sheet since 1914', Johns Hopkins Institute for Applied Economics, Global Health and the Study of Business Enterprise Studies, Studies in Applied Economics, no 115, July, https://econpapers.repec.org/paper/risjhisae/0115.htm.",,2,9,,Monthly: Mar 1989.,Board of Governors of the Federal Reserve System; Bank for International Settlements.,5B0,"United States - Central bank, assets, total, BIS-spliced",,E,2023-08,8121.31577146,,F,A,
M,US,B,XDC,USD,N,,From March 1989 onwards: Factors Affecting Reserve Balances (H.4.1). Between November 1914 and March 1989: Bao et al (2018): 'The Federal Reserve System's weekly balance sheet since 1914'.,BIS-spliced,"From March 1989 onwards: total assets from Table 5 of the H.4.1 Statistical Release (RESPPANWW). Between November 1914 and March 1989: total resources and assets (TOTRA via Federal Reserve Economic Data - FRED). Reference: C Bao, J Chen, N Fries, A Gibson, E Paine and K Schuler (2018): 'The Federal Reserve System's weekly balance sheet since 1914', Johns Hopkins Institute for Applied Economics, Global Health and the Study of Business Enterprise Studies, Studies in Applied Economics, no 115, July, https://econpapers.repec.org/paper/risjhisae/0115.htm.",,2,9,,Monthly: Mar 1989.,Board of Governors of the Federal Reserve System; Bank for International Settlements.,5B0,"United States - Central bank, assets, total, BIS-spliced",,E,2023-09,8002.06367481,,F,A,
M,US,B,XDC,USD,N,,From March 1989 onwards: Factors Affecting Reserve Balances (H.4.1). Between November 1914 and March 1989: Bao et al (2018): 'The Federal Reserve System's weekly balance sheet since 1914'.,BIS-spliced,"From March 1989 onwards: total assets from Table 5 of the H.4.1 Statistical Release (RESPPANWW). Between November 1914 and March 1989: total resources and assets (TOTRA via Federal Reserve Economic Data - FRED). Reference: C Bao, J Chen, N Fries, A Gibson, E Paine and K Schuler (2018): 'The Federal Reserve System's weekly balance sheet since 1914', Johns Hopkins Institute for Applied Economics, Global Health and the Study of Business Enterprise Studies, Studies in Applied Economics, no 115, July, https://econpapers.repec.org/paper/risjhisae/0115.htm.",,2,9,,Monthly: Mar 1989.,Board of Governors of the Federal Reserve System; Bank for International Settlements.,5B0,"United States - Central bank, assets, total, BIS-spliced",,E,2023-10,7907.82993566,,F,A,
M,US,B,XDC,USD,N,,From March 1989 onwards: Factors Affecting Reserve Balances (H.4.1). Between November 1914 and March 1989: Bao et al (2018): 'The Federal Reserve System's weekly balance sheet since 1914'.,BIS-spliced,"From March 1989 onwards: total assets from Table 5 of the H.4.1 Statistical Release (RESPPANWW). Between November 1914 and March 1989: total resources and assets (TOTRA via Federal Reserve Economic Data - FRED). Reference: C Bao, J Chen, N Fries, A Gibson, E Paine and K Schuler (2018): 'The Federal Reserve System's weekly balance sheet since 1914', Johns Hopkins Institute for Applied Economics, Global Health and the Study of Business Enterprise Studies, Studies in Applied Economics, no 115, July, https://econpapers.repec.org/paper/risjhisae/0115.htm.",,2,9,,Monthly: Mar 1989.,Board of Governors of the Federal Reserve System; Bank for International Settlements.,5B0,"United States - Central bank, assets, total, BIS-spliced",,E,2023-11,7796.14469779,,F,A,
M,US,B,XDC,USD,N,,From March 1989 onwards: Factors Affecting Reserve Balances (H.4.1). Between November 1914 and March 1989: Bao et al (2018): 'The Federal Reserve System's weekly balance sheet since 1914'.,BIS-spliced,"From March 1989 onwards: total assets from Table 5 of the H.4.1 Statistical Release (RESPPANWW). Between November 1914 and March 1989: total resources and assets (TOTRA via Federal Reserve Economic Data - FRED). Reference: C Bao, J Chen, N Fries, A Gibson, E Paine and K Schuler (2018): 'The Federal Reserve System's weekly balance sheet since 1914', Johns Hopkins Institute for Applied Economics, Global Health and the Study of Business Enterprise Studies, Studies in Applied Economics, no 115, July, https://econpapers.repec.org/paper/risjhisae/0115.htm.",,2,9,,Monthly: Mar 1989.,Board of Governors of the Federal Reserve System; Bank for International Settlements.,5B0,"United States - Central bank, assets, total, BIS-spliced",,E,2023-12,7712.7814851,,F,A,
